ingles	portugues	origem
The wild Pokémon fled...	O Pokémon selvagem fugiu...	kanto
Re-randomize Pokémon?	Randomizar Pokémon novamente?	kanto
The Pokédex was re-shuffled.	A Pokédex foi reembaralhada.	kanto
Oh, your \V[2]...	Oh, seu \V[2]...	kanto
By any chance, you... Are you a very strict person?	Por acaso, você... Você é uma pessoa muito rígida?	kanto
I feel that your \v[2] really doesn't like you...	Sinto que seu \v[2] realmente não gosta de você...	kanto
Hmmm... Your \v[2] may not like you very much.	Hmmm... Seu \v[2] talvez não goste muito de você.	kanto
The relationship is neither good nor bad... Your \v[2] looks neutral.	A relação não é boa nem ruim... Seu \v[2] parece neutro.	kanto
Your \v[2] is a little friendly to you... That's what I'm getting.	Seu \v[2] é um pouco amigável com você... É isso que estou sentindo.	kanto
Your \v[2] is friendly to you. It must be happy with you.	Seu \v[2] é amigável com você. Deve estar feliz com você.	kanto
Your \v[2] is quite friendly to you! You must be a kind person!	Seu \v[2] é bem amigável com você! Você deve ser uma pessoa gentil!	kanto
Your \v[2] is super friendly to you! I'm a bit jealous!	Seu \v[2] é super amigável com você! Estou com um pouco de inveja!	kanto
I see...	Entendo...	kanto
Sun	Sol	kanto
See ya!	Até mais!	kanto
Humph...	Hmph...	kanto
You can also change your outfit from the options menu at any time!	Você também pode mudar seu outfit no menu de opções a qualquer momento!	kanto
There's nothing but trash...	Não há nada além de lixo...	kanto
\PN obtained the Pokédex!	\PN obteve a Pokédex!	kanto
Have you been able to find one yet?	Você conseguiu encontrar um?	kanto
Hello. You must be \PN.	Olá. Você deve ser \PN.	kanto
I've received a gift for you.\nHere you go!	Recebi um presente para você.\nAqui está!	kanto
Have a nice day!	Tenha um bom dia!	kanto
Get ready, here I come!	Prepare-se, lá vou eu!	kanto
Thank you for waiting.	Obrigado por esperar.	kanto
We've restored your Pokémon to full health.	Restauramos seus Pokémon à saúde total.	kanto
We hope to see you again!	Esperamos ver você de novo!	kanto
\^Hello, and welcome to the Pokémon Center.\wt[2.5]	\^Olá, e boas-vindas ao Pokémon Center.\wt[2.5]	kanto
Would you like to rest your Pokémon?	Gostaria de descansar seus Pokémon?	kanto
OK, I'll take your Pokémon for a few seconds.	OK, vou ficar com seus Pokémon por alguns segundos.	kanto
Your Pokémon may be infected by PokeRus.	Seus Pokémon podem estar infectados por PokeRus.	kanto
Little is known about the PokeRus except that they are microscopic life-forms that attach to Pokémon.	Pouco se sabe sobre o PokeRus, exceto que são formas de vida microscópicas que se prendem aos Pokémon.	kanto
While infected, Pokémon are said to grow exceptionally well.	Enquanto infectados, dizem que os Pokémon crescem excepcionalmente bem.	kanto
I knew it!	Eu sabia!	kanto
Hello there, I'm the Move Teacher.	Olá, eu sou o Move Teacher.	kanto
I know every single move that Pokemon learn growing up.	Conheço cada golpe que Pokemon aprendem ao crescer.	kanto
\GWhat do you think?	\GO que acha?	kanto
Which Pokémon needs tutoring?	Qual Pokémon precisa de tutoria?	kanto
If your Pokémon need to learn a move, come back to see me!	Se seus Pokémon precisarem aprender um golpe, volte para me ver!	kanto
Huh? There isn't a single move that I can teach an Egg.	Hã? Não há um único golpe que eu possa ensinar a um Egg.	kanto
Sorry...	Desculpe...	kanto
It doesn't appear as if I have any move I can teach to your \v[3].	Parece que não tenho nenhum golpe que possa ensinar ao seu \v[3].	kanto
Which move should I teach to your \v[3]?	Qual golpe devo ensinar ao seu \v[3]?	kanto
\G\PN paid $500 in exchange.	\G\PN pagou $500 em troca.	kanto
Oh, but you don't have enough money!	Ah, mas você não tem dinheiro suficiente!	kanto
Hello there! I can see that you've obtained a Wonder Trade ticket!	Olá! Vejo que você conseguiu um Wonder Trade ticket!	kanto
Wonder Trades allow you to trade a Pokémon with a random trainer from around the world!	Wonder Trades permitem trocar um Pokémon com um treinador aleatório de qualquer lugar do mundo!	kanto
Oh, I'm sorry but you don't seem to have any Wonder Trade tickets. You may purchase some with my colleague if you'd like.	Ah, sinto muito, mas parece que você não tem nenhum Wonder Trade ticket. Você pode comprar alguns com meu colega, se quiser.	kanto
Would you like to make Wonder Trade?	Gostaria de fazer Wonder Trade?	kanto
This will save the game automatically. Is this OK?	Isso salvará o jogo automaticamente. Tudo bem?	kanto
See you again!	Até a próxima!	kanto
Hello there! You have to get a Gym badge before you're allowed to make a WonderTrade.	Olá! Você precisa conseguir um Gym badge antes de poder fazer um WonderTrade.	kanto
Which type of Wonder Trade would you like to make?	Que tipo de Wonder Trade você gostaria de fazer?	kanto
I need to prepare the next Wonder Trade. Do you mind waiting a little bit?	Preciso preparar o próximo Wonder Trade. Você se importa de esperar um pouco?	kanto
Thank you for using the \C[1]Trainer Card Printer\C[0].	Obrigado por usar a \C[1]Trainer Card Printer\C[0].	kanto
\GWould you like to purchase a new background for your Trainer Card? The current price is \C[5]$\V[329]\C[0].	\GVocê gostaria de comprar um novo fundo para seu Trainer Card? O preço atual é \C[5]$\V[329]\C[0].	kanto
This is the \C[1]Pokéathlon Showdown\C[0] station!	Esta é a estação \C[1]Pokéathlon Showdown\C[0]!	kanto
\C[1]Pokéathlon Showdown\C[0] is a battle simulator that allows you to fight against your friends using your very own team from \C[1]Pokémon Infinite Fusion\C[0]!	\C[1]Pokéathlon Showdown\C[0] é um simulador de batalhas que permite lutar contra seus amigos usando sua própria equipe de \C[1]Pokémon Infinite Fusion\C[0]!	kanto
Learn more	Saiba mais	kanto
Export team	Exportar equipe	kanto
Go to showdown!	Ir para o Showdown!	kanto
\C[1]Pokéathlon Showdown\C[0] is modified version of the popular battle simulator Pokémon Showdown.	\C[1]Pokéathlon Showdown\C[0] é uma versão modificada do popular simulador de batalhas Pokémon Showdown.	kanto
Unlike regular Showdown, Pokéathlon Showdown allows you to use fused Pokémon to battle against your friends!	Ao contrário do Showdown comum, Pokéathlon Showdown permite usar Pokémon fundidos para batalhar contra seus amigos!	kanto
You can also export you Pokémon Infinite Fusion team and import it directly into Showdown!	Você também pode exportar sua equipe de Pokémon Infinite Fusion e importá-la diretamente no Showdown!	kanto
To learn more about it, make sure to check out the official \C[1]Pokémon Infinite Fusion discord\C[0], as well as the \C[1]Pokéathlon discord\C[0].	Para saber mais, confira o discord oficial de \C[1]Pokémon Infinite Fusion\C[0], assim como o \C[1]discord do Pokéathlon\C[0].	kanto
Your team has been copied to your clipboard!	Sua equipe foi copiada para a área de transferência!	kanto
You can import your team into Showdown by clicking on \C[1]"New team"\C[0], and then \C[1]"Import from text or URL"\C[0] in the \C[3]Teambuilder\C[0] tab	Você pode importar sua equipe no Showdown clicando em \C[1]"New team"\C[0] e depois em \C[1]"Import from text or URL"\C[0] na aba \C[3]Teambuilder\C[0].	kanto
Go to teambuilder	Ir para o Teambuilder	kanto
It's a Pokémon egg... Take it?	É um ovo de Pokémon... Pegar?	kanto
Obtained a Pokémon egg!	Obteve um ovo de Pokémon!	kanto
You have no room in your party to store the egg.	Você não tem espaço na party para guardar o ovo.	kanto
It's an empty Pokémon nest...	É um ninho de Pokémon vazio...	kanto
Let's go!	Vamos!	kanto
Huh?	Hã?	kanto
\PN handed over the Pokémon.	\PN entregou o Pokémon.	kanto
\C[5]You unlocked the ability to put hats on Pokémon!	\C[5]Você desbloqueou a possibilidade de colocar chapéus em Pokémon!	kanto
\C[5]You can now do so from a new option in your party screen for any of your unlocked hats.	\C[5]Agora você pode fazer isso em uma nova opção na tela da sua equipe, usando qualquer chapéu desbloqueado.	kanto
Read more?	Ler mais?	kanto
Let me know when you want us to revive a fossil for you.	Avise-me quando quiser que revivamos um fóssil para você.	kanto
Oh, I'm sorry, but our fossil reviving machine cannot extract DNA from amber.	Ah, sinto muito, mas nossa máquina de reviver fósseis não consegue extrair DNA de amber.	kanto
You'll have to go to a more sophisticated laboratory for that, like the one in Cinnabar Island for instance.	Você terá que ir a um laboratório mais sofisticado para isso, como o de Cinnabar Island, por exemplo.	kanto
Okay. I'll see if I can revive your \v[3].	Okay. Vou ver se consigo reviver seu \v[3].	kanto
Come back around \V[85]:00. It should be ready by then.	Volte por volta de \V[85]:00. Deve estar pronto até lá.	kanto
Oh \PN, I'm so sorry to have to tell you that, but your fossil has been irreversably damaged during the reviving fossil.	Oh, \PN, sinto muito ter que te dizer isto, mas seu fóssil foi danificado irreversivelmente durante o processo de reviver o fóssil.	kanto
Unfortunately, it doesn't look like there is any chance of recovering it.	Infelizmente, parece não haver nenhuma chance de recuperá-lo.	kanto
Where have you been? We've finished reviving your fossil.	Onde você esteve? Terminamos de reviver seu fóssil.	kanto
It was \v[3], just like I thought.	Era \v[3], exatamente como eu pensava.	kanto
You have no room left. Use the PC over there to make some room and come back!	Você não tem espaço. Use o PC ali para abrir espaço e volte!	kanto
It'll take a little while to revive your fossil.	Vai levar um tempinho para reviver seu fóssil.	kanto
Come back at about \V[85]:00. It should be ready by then.	Volte por volta de \V[85]:00. Deve estar pronto até lá.	kanto
Oh, okay then.	Ah, tudo bem então.	kanto
The shelves are filled with Pokémon goods!	As prateleiras estão cheias de produtos Pokémon!	kanto
Too bad!	Que pena!	kanto
It's a meteor that fell from the sky! Investigate?	É um meteor que caiu do céu! Investigar?	kanto
A Pokémon jumped at you!	Um Pokémon pulou em você!	kanto
Here's something for your effort!	Aqui está algo pelo seu esforço!	kanto
Woah, there!	Uau, calma aí!	kanto
\PN received the Egg from the Day-Care Man.	\PN recebeu o Egg do Day-Care Man.	kanto
Here you go!	Aqui está!	kanto
Come back anytime!	Volte quando quiser!	kanto
... Better get going!	... Melhor ir andando!	kanto
The cost is $3000 per Pokémon. Would you like to use our services?	O custo é $3000 por Pokémon. Gostaria de usar nossos serviços?	kanto
You don't have enough money...	Você não tem dinheiro suficiente...	kanto
Please come again!	Volte sempre!	kanto
Welcome to the Pokéball Workshop. We also sell a few types of Pokéballs to accomodate you.	Bem-vindo ao Pokéball Workshop. Também vendemos alguns tipos de Pokéballs para atender você.	kanto
Come back when you are ready to challenge me!	Volte quando estiver pronto para me desafiar!	kanto
That's the spirit!	Esse é o espírito!	kanto
Welcome! Would you like to purchase a hat?	Bem-vindo! Gostaria de comprar um chapéu?	kanto
Pikachu seems sad about its lost hat.	Pikachu parece triste por causa do chapéu perdido.	kanto
Hand the \C[1]Partner Hat\C[0] to Pikachu?	Entregar o \C[1]Partner Hat\C[0] ao Pikachu?	kanto
Pikachu looks happy!	Pikachu parece feliz!	kanto
It might be somewhere in \C[1]Viridian Forest\C[0]...	Pode estar em algum lugar de \C[1]Viridian Forest\C[0]...	kanto
Welcome! Would you like to buy some new clothes?	Bem-vindo! Gostaria de comprar roupas novas?	kanto
I'm in a good mood, so I'll donate all of the clothes I've collected during my adventure to the store.	Estou de bom humor, então vou doar à loja todas as roupas que coletei durante minha aventura.	kanto
Maybe this'll inspire others to go our on some adventures of their own!	Talvez isso inspire outras pessoas a sair em aventuras próprias!	kanto
\C[3]\PN unlocked the Johto outfits collection!	\C[3]\PN desbloqueou a coleção de roupas de Johto!	kanto
\C[3]\PN unlocked the Johto hairstyles collection!	\C[3]\PN desbloqueou a coleção de penteados de Johto!	kanto
I'll travel to even more regions and discover new people and Pokémon!	Vou viajar para ainda mais regiões e descobrir novas pessoas e Pokémon!	kanto
I just came back from the Johto region, it was quite the adventure!	Acabei de voltar da região de Johto. Foi uma bela aventura!	kanto
Johto is home to so many amazing Pokémon, Oh, I wish to see one again!	Johto é o lar de tantos Pokémon incríveis. Ah, como eu queria ver um de novo!	kanto
Will you please show me a Pokémon that's native to the Johto region?	Você poderia me mostrar um Pokémon nativo da região de Johto?	kanto
Hmm.. That won't do it. I need to see a Pokémon that's native to the Johto region!	Hmm... Esse não serve. Preciso ver um Pokémon nativo da região de Johto!	kanto
Yes! I've seen one of those during my adventure! The memories are flowing back!	Sim! Eu vi um desses durante minha aventura! As lembranças estão voltando!	kanto
This put me in a good mood, so I'll donate all of the clothes I've collected during my adventure to the store.	Isso me deixou de bom humor, então vou doar à loja todas as roupas que coletei durante minha aventura.	kanto
\C[3]\PN unlocked the Hoenn outfits collection!	\C[3]\PN desbloqueou a coleção de roupas de Hoenn!	kanto
\C[3]\PN unlocked the Hoenn hairstyles collection!	\C[3]\PN desbloqueou a coleção de penteados de Hoenn!	kanto
I just came back from the Hoenn region, it was quite the adventure!	Acabei de voltar da região de Hoenn. Foi uma bela aventura!	kanto
Hoenn is home to so many beautiful Pokémon, Oh, I wish to see one again!	Hoenn é o lar de tantos Pokémon belíssimos. Ah, como eu queria ver um de novo!	kanto
Will you please show me a Pokémon that's native to the Hoenn region?	Você poderia me mostrar um Pokémon nativo da região de Hoenn?	kanto
Hmm.. That won't do it. I need to see a Pokémon that's native to the Hoenn region!	Hmm... Esse não serve. Preciso ver um Pokémon nativo da região de Hoenn!	kanto
Yes! I've been chased by one of those during my adventure! The memories are flowing back!	Sim! Fui perseguido por um desses durante minha aventura! As lembranças estão voltando!	kanto
\C[3]\PN unlocked the Unova outfits collection!	\C[3]\PN desbloqueou a coleção de roupas de Unova!	kanto
\C[3]\PN unlocked the Unova hairstyles collection!	\C[3]\PN desbloqueou a coleção de penteados de Unova!	kanto
I just came back from the Unova region, it was quite the adventure!	Acabei de voltar da região de Unova. Foi uma bela aventura!	kanto
Unova is home to so many distinctive Pokémon, Oh, I wish to see one again!	Unova é o lar de tantos Pokémon distintos. Ah, como eu queria ver um de novo!	kanto
Will you please show me a Pokémon that's native to the Unova region?	Você poderia me mostrar um Pokémon nativo da região de Unova?	kanto
Hmm.. That won't do it. I need to see a Pokémon that's native to the Unova region!	Hmm... Esse não serve. Preciso ver um Pokémon nativo da região de Unova!	kanto
Yes! I learned about those during my adventure! The memories are flowing back!	Sim! Aprendi sobre esses durante minha aventura! As lembranças estão voltando!	kanto
\C[3]\PN unlocked the Kalos outfits collection!	\C[3]\PN desbloqueou a coleção de roupas de Kalos!	kanto
\C[3]\PN unlocked the Kalos hairstyles collection!	\C[3]\PN desbloqueou a coleção de penteados de Kalos!	kanto
I just came back from the Kalos region, it was quite the adventure!	Acabei de voltar da região de Kalos. Foi uma bela aventura!	kanto
Kalos is home to so many elegant Pokémon, Oh, I wish to see one again!	Kalos é o lar de tantos Pokémon elegantes. Ah, como eu queria ver um de novo!	kanto
Will you please show me a Pokémon that's native to the Kalos region?	Você poderia me mostrar um Pokémon nativo da região de Kalos?	kanto
Hmm.. That won't do it. I need to see a Pokémon that's native to the Kalos region!	Hmm... Esse não serve. Preciso ver um Pokémon nativo da região de Kalos!	kanto
Oh my! How precious, how exotic!	Nossa! Que precioso, que exótico!	kanto
Yes! I fought one of those during my adventure! The memories are flowing back!	Sim! Eu lutei contra um desses durante minha aventura! As lembranças estão voltando!	kanto
\C[3]\PN unlocked the Alola outfits collection!	\C[3]\PN desbloqueou a coleção de roupas de Alola!	kanto
\C[3]\PN unlocked the Alola hairstyles collection!	\C[3]\PN desbloqueou a coleção de penteados de Alola!	kanto
I just came back from the Alola region, it was quite the adventure!	Acabei de voltar da região de Alola. Foi uma bela aventura!	kanto
Alola is home to so many exotic Pokémon, Oh, I wish to see one again!	Alola é o lar de tantos Pokémon exóticos. Ah, como eu queria ver um de novo!	kanto
Will you please show me a Pokémon that's native to the Alola region?	Você poderia me mostrar um Pokémon nativo da região de Alola?	kanto
Hmm.. That won't do it. I need to see a Pokémon that's native to the Alola region!	Hmm... Esse não serve. Preciso ver um Pokémon nativo da região de Alola!	kanto
Yes! I caught one of those during my adventure too! The memories are flowing back!	Sim! Eu também capturei um desses durante minha aventura! As lembranças estão voltando!	kanto
Thanks for showing me all of these Pokémon. They brought back some great memories of my travels.	Obrigado por me mostrar todos esses Pokémon. Eles trouxeram ótimas lembranças das minhas viagens.	kanto
I've been all over the world and I love to share my adventures!	Já estive pelo mundo todo e adoro compartilhar minhas aventuras!	kanto
I gave the store some more outfits that I've discovered during one of these adventures in the Galar region!	Entreguei à loja mais alguns outfits que descobri durante uma dessas aventuras na região de Galar!	kanto
\C[3]\PN unlocked the Galar outfits collection!	\C[3]\PN desbloqueou a coleção de outfits de Galar!	kanto
\C[3]\PN unlocked the Galar hairstyles collection!	\C[3]\PN desbloqueou a coleção de penteados de Galar!	kanto
And I also gave the store some more outfits that I've discovered during one of these adventures in the Paldea region!	E também entreguei à loja mais alguns outfits que descobri durante uma dessas aventuras na região de Paldea!	kanto
\C[3]\PN unlocked the Paldea outfits collection!	\C[3]\PN desbloqueou a coleção de outfits de Paldea!	kanto
\C[3]\PN unlocked the Paldea hairstyles collection!	\C[3]\PN desbloqueou a coleção de penteados de Paldea!	kanto
I hope that these outfits I donated will inspire young trainers to go out on adventures like me!	Espero que esses outfits que doei inspirem jovens treinadores a sair em aventuras como eu!	kanto
... And I also have one last thing, just for you!	... E também tenho uma última coisa, só para você!	kanto
These are the clothes I've worn during all of my adventures!	Estas são as roupas que usei durante todas as minhas aventuras!	kanto
I hope that this'll inspire <i>you</i> to go out on some more adventures of your own too!	Espero que isso inspire <i>você</i> a sair em mais aventuras próprias também!	kanto
Yo! What do you think about my hat?	E aí! O que você acha do meu chapéu?	kanto
Pikachu and I went to the Pokémon League's entrance to get matching official League hats during our visit to Viridian City!	Pikachu e eu fomos à entrada da Pokémon League para conseguir chapéus oficiais da League combinando durante nossa visita a Viridian City!	kanto
...But Pikachu's hat got snatched by a Spearow on our way to Pewter City. He was so sad about it too.	...Mas o chapéu do Pikachu foi roubado por um Spearow no caminho para Pewter City. Ele ficou tão triste.	kanto
Oh, if only someone had a spare hat that they could give him...	Ah, se ao menos alguém tivesse um chapéu sobrando para dar a ele...	kanto
But Pikachu's hat got snatched by a Spearow on our way to here... He's so disappointed.	Mas o chapéu do Pikachu foi roubado por um Spearow no caminho até aqui... Ele está tão decepcionado.	kanto
If you happen to have a spare one, please give it to him, will ya?	Se por acaso você tiver um sobrando, por favor dê a ele, pode ser?	kanto
Pikachu and I are so stylish now!	Pikachu e eu estamos cheios de estilo agora!	kanto
You should try putting hats on your own Pokémon too!	Você também deveria tentar colocar chapéus nos seus próprios Pokémon!	kanto
That's too bad.	Que pena.	kanto
Oh, that's too bad.	Ah, que pena.	kanto
Hello there, what can I do for you today?	Olá, o que posso fazer por você hoje?	kanto
Dye hair ($1000)	Tingir hair ($1000)	kanto
Oh, I'm sorry but you don't have enough money.	Ah, sinto muito, mas você não tem dinheiro suficiente.	kanto
Would you like to play Voltorb flip?	Gostaria de jogar Voltorb Flip?	kanto
Play	Jogar	kanto
No thanks	Não, obrigado	kanto
Oh, I'm sorry, but you're going to need a \C[1]Coin Case \C[0] if you want to play Voltorb Flip!	Ah, sinto muito, mas você vai precisar de um \C[1]Coin Case \C[0] se quiser jogar Voltorb Flip!	kanto
\G\CNHere you go, have fun!	\G\CNAqui está, divirta-se!	kanto
It's locked...	Está trancado...	kanto
Current outfit copied to clipboard!	Outfit atual copiado para a clipboard!	kanto
I'm the Day-Care woman. We can raise Pokémon for you.	Sou a Day-Care Woman. Podemos criar Pokémon para você.	kanto
Would you like us to raise your Pokémon?	Gostaria que cuidássemos do seu Pokémon?	kanto
Oh? But you only have one Pokémon with you.	Oh? Mas você só tem um Pokémon com você.	kanto
You can't go off without a Pokémon. Come back another time.	Você não pode sair sem um Pokémon. Volte outra hora.	kanto
Which Pokémon should we raise for you?	Qual Pokémon devemos criar para você?	kanto
Oh, fine, then.\nCome again.	Ah, tudo bem então.\nVolte sempre.	kanto
If you leave me that Pokémon, what are you gonna battle with?	Se você deixar esse Pokémon comigo, vai batalhar com o quê?	kanto
Come back another time.	Volte outra hora.	kanto
Fine, we'll raise your \v[3] for a while.	Certo, vamos criar seu \v[3] por um tempo.	kanto
Come back for it later.	Volte para buscá-lo mais tarde.	kanto
We can raise two of your Pokémon. Would you like us to raise another?	Podemos criar dois dos seus Pokémon. Gostaria que cuidássemos de outro?	kanto
Very good. Come again.	Muito bem. Volte sempre.	kanto
Ah, it's you! Good to see you. Now, about your Pokémon...	Ah, é você! Bom te ver. Agora, sobre seu Pokémon...	kanto
By level, your \v[3] has grown by about \v[4].	Em níveis, seu \v[3] cresceu cerca de \v[4].	kanto
Do you want your Pokémon back?	Quer seu Pokémon de volta?	kanto
\GIf you want your \v[3] back, it will cost $\v[4].	\GSe quiser seu \v[3] de volta, vai custar $\v[4].	kanto
\GYou don't have enough money...	\GVocê não tem dinheiro suficiente...	kanto
\GExcellent\nHere's your Pokémon.	\GExcelente.\nAqui está seu Pokémon.	kanto
\PN took \v[3] back from the Day-Care lady.	\PN pegou \v[3] de volta com a Day-Care lady.	kanto
Do you want to take back the other one, too?	Quer pegar o outro de volta também?	kanto
Raising Pokémon from eggs is no easy task, but it sure is rewarding, isn't it?	Criar Pokémon a partir de ovos não é tarefa fácil, mas com certeza é gratificante, não é?	kanto
Come see me after you've hatched a few more eggs and I'll give you a small reward.	Venha me ver depois de chocar mais alguns ovos e eu te darei uma pequena recompensa.	kanto
I've been keeping an eye on your progress, and I see you've hatched quite a few eggs lately.	Tenho acompanhado seu progresso e vejo que você chocou vários ovos ultimamente.	kanto
I've counted \V[298] to be precise. That's pretty good!	Contei \V[298], para ser precisa. Isso é muito bom!	kanto
Here, take this! You've definitely earned it!	Aqui, pegue isto! Você definitivamente mereceu!	kanto
I've counted \V[298] to be precise. You're really getting into it, aren't you?	Contei \V[298], para ser precisa. Você está mesmo pegando gosto por isso, não está?	kanto
You're really showing potential as a Pokémon breeder, you know!	Você está mostrando muito potencial como Pokémon breeder, sabia?	kanto
I've counted \V[298] to be precise. That's quite the achievement!	Contei \V[298], para ser precisa. Isso é uma grande conquista!	kanto
You truly are a great Pokémon Breeder! There's no doubt about it!	Você realmente é um grande Pokémon Breeder! Não há dúvida!	kanto
You gotta dress the part now, wear this!	Agora precisa se vestir para o papel, use isto!	kanto
Eggs will hatch faster when you wear the Breeder Outfit!	Ovos chocarão mais rápido quando você usar o Breeder Outfit!	kanto
I've counted \V[298] to be precise. That's incredible!	Contei \V[298], para ser precisa. Isso é incrível!	kanto
Here's one last reward for you!	Aqui está uma última recompensa para você!	kanto
You've hatched \V[298] eggs so far. Keep it going!	Você chocou \V[298] ovos até agora. Continue assim!	kanto
And remember, eggs will hatch faster when you wear the Breeder Outfit!	E lembre-se, os ovos chocam mais rápido quando você usa o Breeder Outfit!	kanto
Come see me again once you've hatched more eggs and I'll have something for you!	Venha me ver de novo quando tiver chocado mais ovos e terei algo para você!	kanto
Good luck, and remember: every Pokémon egg is a new beginning!	Boa sorte, e lembre-se: cada ovo de Pokémon é um novo começo!	kanto
Take this!	Tome isto!	kanto
Nothing happened...	Nada aconteceu...	kanto
\C[7]Ah yes, this is perfect.	\C[7]Ah, sim, isto é perfeito.	novo
\C[7]I don't think it noticed me at all. Ah, it's so great to observe Pokémon in their natural habitats!	\C[7]Acho que ele nem me notou. Ah, é tão bom observar Pokémon em seu habitat natural!	novo
\C[7]Maybe I can get even closer...	\C[7]Talvez eu consiga chegar ainda mais perto...	novo
Hey! That's not yours! Give it back!	Ei! Isso não é seu! Devolve!	novo
Come back here!\. -Oh!	Volte aqui!\. -Ah!	novo
<fs=32>H-help me!</fs>	<fs=32>S-socorro!</fs>	novo
Hello! You over there! Please! Help!	Olá! Você aí! Por favor! Me ajude!	novo
In my \C[1]bag\C[0]! There's a Poké Ball!	Na minha \C[1]bolsa\C[0]! Tem uma Poké Ball!	novo
Trainer Tips: You can change the game's controls by pressing F1.	Dica de Treinador: Você pode mudar os controles do jogo apertando F1.	novo
Wh-Where are you going?! Don't leave me like this!	P-para onde você vai?! Não me deixe assim!	novo
Whew...	Ufa...	novo
I was in the tall grass studying Pokémon when I was jumped.	Eu estava no mato alto estudando Pokémon quando fui atacado.	novo
The item that this Zigzagoon took from my bag is called a \C[3]DNA Splicer\C[0].	O item que esse Zigzagoon pegou da minha bolsa se chama \C[3]DNA Splicer\C[0].	novo
It's a new device from Kanto that allows Pokémon to fuse with each other! But fused Pokémon can be a bit... Unpredictable!	É um novo aparelho de Kanto que permite que Pokémon se fundam uns com os outros! Mas Pokémon fundidos podem ser um pouco... Imprevisíveis!	novo
You saved me. Thanks a lot!	Você me salvou. Muito obrigado!	novo
Oh?	Hã?	novo
Oh! You're \PN!	Ah! Você é \PN!	novo
This isn't the place to chat, so come by my Pokémon Lab later, okay?	Aqui não é lugar para conversar, então passe no meu Laboratório Pokémon mais tarde, tá bom?	novo
\PN! Over here!	\PN! Aqui!	novo
This Pokémon looks like it's fused with another one! I had no idea they existed in the wild too!	Esse Pokémon parece estar fundido com outro! Eu não fazia ideia de que eles também existiam na natureza!	novo
Let's try to catch it!	Vamos tentar capturá-lo!	novo
Drat, it saw me and fled...	Droga, ele me viu e fugiu...	novo
Some Pokémon will run away when they see you approach, so you need to sneak up on them.	Alguns Pokémon fogem quando veem você se aproximar, então é preciso chegar de fininho.	novo
Oh well, let's head back to the lab!	Bom, vamos voltar para o laboratório!	novo
Let's see, I want to find a good hat for my daughter.	Vejamos, quero encontrar um chapéu bonito para a minha filha.	novo
It's full of Pokémon goods!	Está cheio de produtos Pokémon!	novo
Welcome to the traveling TM shop!	Bem-vindo à loja itinerante de TMs!	novo
Are they not letting us through? What's going on?!	Eles não estão deixando a gente passar? O que está acontecendo?!	novo
Slateport City is where most of the merchandise imported from other regions comes through, thanks to its port.	É por Slateport City que passa a maior parte das mercadorias importadas de outras regiões, graças ao seu porto.	novo
There's a notice on the door.	Tem um aviso na porta.	novo
"The Pokémon Contests Project has started! Come back in a later game update."	"O Projeto Pokémon Contests começou! Volte em uma atualização futura do jogo."	novo
This would look cute on my Skitty!	Isso ficaria uma graça no meu Skitty!	novo
Wouldn't you like some fragrant incense?	Não gostaria de um incenso perfumado?	novo
Slateport City was one of the first cities founded in Hoenn.	Slateport City foi uma das primeiras cidades fundadas em Hoenn.	novo
Its proximity to water made harvests plentiful and trade easy.	A proximidade com a água tornava as colheitas fartas e o comércio fácil.	novo
The market's shops are changing!	As lojas do mercado estão mudando!	novo
Come! Wear one of my summer hats and relax by the beach!	Venha! Use um dos meus chapéus de verão e relaxe na praia!	novo
Come! Wear one of my warm weather hats and relax by the beach!	Venha! Use um dos meus chapéus para dias quentes e relaxe na praia!	novo
What's with the long line over there?	Que fila enorme é aquela ali?	novo
Meooow!	Miauuu!	novo
The light of the lighthouse reaches dozens of miles away.	A luz do farol alcança dezenas de quilômetros de distância.	novo
I wonder if it startles Pokémon in the sea...	Será que ela assusta os Pokémon do mar...	novo
Time seems to go by faster whenever I sit on a bench. Ah, it's just so relaxing!	O tempo parece passar mais rápido sempre que eu sento num banco. Ah, é tão relaxante!	novo
Hello, there! Would you be interested in buying a hat by any chance?	Olá! Por acaso você teria interesse em comprar um chapéu?	novo
No cutting!	Sem furar fila!	novo
You, there! You look like you could use some glasses!	Ei, você aí! Parece que você está precisando de óculos!	novo
You can find all sort of things at the market!	Dá para encontrar de tudo no mercado!	novo
Slateport Market<br>\nUnique items found nowhere else!	Mercado de Slateport<br>\nItens únicos que você não encontra em nenhum outro lugar!	novo
Arghh... Stuck at the back of the line again.	Argh... Preso no fim da fila de novo.	novo
When I was a child, I visited the museum often.	Quando eu era criança, visitava o museu com frequência.	novo
I used to dream about the mysteries of the sea after seeing the exhibits.	Eu sonhava com os mistérios do mar depois de ver as exposições.	novo
Accessorizing is everything! Get something for your hair!	Acessórios são tudo! Leve algo para o seu cabelo!	novo
Slateport Harbour<br>The Ferry S.S. Tidal is under construction in the Shipyard.	Porto de Slateport<br>O Ferry S.S. Tidal está em construção no Estaleiro.	novo
Service is scheduled to begin shortly.	O serviço deve começar em breve.	novo
Heh! My Pokémon totally rules! It's cooler than any Pokémon!	Hehe! Meu Pokémon é demais! Ele é mais legal do que qualquer outro Pokémon!	novo
I have a swagger in my step and I'm feeling confident! Wanna do a Pokémon battle with me?	Estou cheio de marra e me sentindo confiante! Quer uma batalha Pokémon comigo?	novo
If you win, I'll teach the move \C[1]Swagger\C[0] to your Pokémon too.	Se você vencer, eu ensino o golpe \C[1]Swagger\C[0] para o seu Pokémon também.	novo
I guess you don't have the swag.	Acho que você não tem a marra necessária.	novo
As promised, I'll teach the move \C[1]\V[4]\C[0] to any of your Pokémon for free!	Como prometido, vou ensinar o golpe \C[1]\V[4]\C[0] para qualquer um dos seus Pokémon de graça!	novo
Oh your Pokémon has got that swagger now!	Agora seu Pokémon está cheio de marra!	novo
Come back whenever!	Volte quando quiser!	novo
Pokémon Fan Club<br>\nCalling all fans of Pokémon!	Fã-Clube Pokémon<br>\nChamando todos os fãs de Pokémon!	novo
Stern, the fellow who built the museum here, also happens to be the leader of an undersea exploration team.	Stern, o sujeito que construiu o museu daqui, também é o líder de uma equipe de exploração submarina.	novo
So everyone calls him Stern.	Por isso todo mundo o chama de Stern.	novo
Slateport City Contest Hall	Salão de Concursos de Slateport City	novo
Hey, there! Quit pushing! This is the line, can't you see?	Ei, você! Pare de empurrar! Esta é a fila, não está vendo?	novo
Oceanic Museum<br>The endless sea sustains all life.	Museu Oceânico<br>O mar infinito sustenta toda a vida.	novo
Someone painted the Team Aqua logo on the wall... Paint over it?	Alguém pintou o logo da Team Aqua na parede... Pintar por cima?	novo
Much better!	Bem melhor!	novo
There is still more graffiti to cover up.	Ainda tem mais pichação para cobrir.	novo
You covered up every graffiti!	Você cobriu todas as pichações!	novo
Someone painted the Team Magma logo on the wall... Paint over it?	Alguém pintou o logo da Team Magma na parede... Pintar por cima?	novo
It's the Team Magma logo!	É o logo da Team Magma!	novo
It's the Team Aqua logo!	É o logo da Team Aqua!	novo
Going on an adventure? Make sure you're prepared for the harsh weather!	Vai sair em uma aventura? Esteja preparado para o clima severo!	novo
It feels like we've been waiting here for ages...	Parece que estamos esperando aqui há séculos...	novo
Hey! No cutting!	Ei! Sem furar fila!	novo
You want to read that sign?	Você quer ler aquela placa?	novo
Nice try! I'm not giving up my spot in line!	Boa tentativa! Não vou largar meu lugar na fila!	novo
Masks! Get your very own mask!	Máscaras! Garanta a sua própria máscara!	novo
I'm selling a rare type of Pokéball that is imported from the Johto region. You interested?	Estou vendendo um tipo raro de Pokéball importada da região de Johto. Tem interesse?	novo
This rare Pokéball is imported from the Johto region. You don't want to miss this deal!	Esta Pokéball rara é importada da região de Johto. Você não vai querer perder essa oferta!	novo
Hey! Wait in the back of the line!	Ei! Espere no fim da fila!	novo
I'm the Energy Guru! I'll go for it and sell you what you need!	Eu sou o Energy Guru! Vou com tudo e te vendo o que você precisa!	novo
A long line, huh? This is worse than when I went to that theme park...	Uma fila longa, né? Isso está pior do que quando fui naquele parque de diversões...	novo
For you, a most compassionate trainer, this is a gift from me!	Para você, um treinador tão compassivo, aqui está um presente meu!	novo
Do you know what they do with old ships that become too creaky to sail?	Você sabe o que fazem com navios velhos que ficam rangendo demais para navegar?	novo
They sink them in the sea so they become habitats for Pokémon.	Eles os afundam no mar para que virem habitats para Pokémon.	novo
Feels like we've been waiting forever...	Parece que estamos esperando há uma eternidade...	novo
If you want a good yield on your Berries, you have to water them diligently!	Se você quer uma boa colheita de Berries, tem que regá-las com dedicação!	novo
Oomph... Being interviewed sure is stressful!	Ufa... Dar entrevista é estressante mesmo!	novo
They're gonna be airing the interview on TV. I'm nervous!	Vão passar a entrevista na TV. Estou nervoso!	novo
So, did you want to register to take part in the berry- growing contest?	Então, você quer se inscrever para participar do concurso de cultivo de Berries?	novo
Awesome, I'll register you as a contestant!	Ótimo, vou te inscrever como participante!	novo
The goal is to grow as many Berries as possible! You'll also get points for variety.	O objetivo é cultivar o máximo de Berries possível! Você também ganha pontos pela variedade.	novo
There's an empty patch of soil, just over here! That'll be yours for the competition.	Tem um canteiro de terra vazio logo ali! Ele será seu durante a competição.	novo
Come and see me once your Berries are grown and you're ready to get evaluated!	Venha falar comigo quando suas Berries tiverem crescido e você estiver pronto para a avaliação!	novo
The goal of the contest is to grow as many Berries as possible! You'll also get extra points for variety.	O objetivo do concurso é cultivar o máximo de Berries possível! Você também ganha pontos extras pela variedade.	novo
Are you ready for me to evaluate the Berries you've grown?	Está pronto para eu avaliar as Berries que você cultivou?	novo
Very well! Let's see...	Muito bem! Vejamos...	novo
One... Two... Those are some plump looking Berries!	Uma... Duas... Que Berries mais suculentas!	novo
One... Humm... Is there more?	Uma... Hmm... Tem mais?	novo
Okay!	Certo!	novo
Time to announce the results!	Hora de anunciar os resultados!	novo
None of your Berries have grown yet!	Nenhuma das suas Berries cresceu ainda!	novo
Come and see me for the evaluation once your berries are ready!	Venha falar comigo para a avaliação quando suas Berries estiverem prontas!	novo
That patch over there is yours.	Aquele canteiro ali é seu.	novo
Plant some berries in it and come see me when you're ready for the evaluation!	Plante algumas Berries nele e venha falar comigo quando estiver pronto para a avaliação!	novo
Thanks for taking part in the contest! Here's your prize for finishing in third place.	Obrigado por participar do concurso! Aqui está seu prêmio pelo terceiro lugar.	novo
Make sure to plant berries everywhere you go!	Não se esqueça de plantar Berries por onde passar!	novo
Thanks for taking part in the contest! You did really good for a first-time contestant!	Obrigado por participar do concurso! Você se saiu muito bem para um estreante!	novo
\GHere's your prize for finishing in second place.	\GAqui está seu prêmio pelo segundo lugar.	novo
\G\PN received $500!	\G\PN recebeu $500!	novo
Congratulations for finishing in first place! It's very rare for first-timers to win!	Parabéns pelo primeiro lugar! É muito raro um estreante vencer!	novo
\GYou get the contest's grand prize!	\GVocê ganhou o grande prêmio do concurso!	novo
\G\PN received $2000!	\G\PN recebeu $2000!	novo
Thanks for taking part in the contest. I hope you had a lot of fun growing those berries!	Obrigado por participar do concurso. Espero que tenha se divertido muito cultivando essas Berries!	novo
I've been standing here in the hopes that someone will stop to talk to me.	Fico parado aqui na esperança de que alguém pare para conversar comigo.	novo
You're the only person who's cared enough to say hi!	Você é a única pessoa que se importou em dizer oi!	novo
\PN, wait!	\PN, espere!	novo
I... I was just thinking...	Eu... Eu estava pensando...	novo
I... I think I want to try catching a Pokémon myself too.	Eu... Eu acho que também quero tentar capturar um Pokémon sozinho.	novo
Do... Do you think it's a good idea?	Vo... Você acha que é uma boa ideia?	novo
You really think so?	Você acha mesmo?	novo
Alright then..	Tudo bem então..	novo
I... I got this!	Eu... Eu consigo!	novo
P...Please? I have to prove this to myself...	P-Por favor? Eu preciso provar isso para mim mesmo...	novo
C-Can we go to the other route maybe? The Pokémon looked a bit scary where we were...	A-A gente pode ir para a outra rota, talvez? Os Pokémon pareciam meio assustadores onde estávamos...	novo
We can go back to the route where we just were...	Podemos voltar para a rota onde estávamos agora há pouco...	novo
I planted the wrong kind of seeds, so I got disqualified from the Berry-growing competition.	Plantei o tipo errado de semente, então fui desclassificado da competição de cultivo de Berries.	novo
I got disqualified from the berry-growing contest this year. I'll have to try again next year!	Fui desclassificado do concurso de cultivo de Berries este ano. Vou ter que tentar de novo no ano que vem!	novo
It's a berry that's being grown for the Berry-growing competition!	É uma Berry que está sendo cultivada para a competição de cultivo de Berries!	novo
Not bad... It was a good battle.	Nada mal... Foi uma boa batalha.	novo
Th-Thank you, sir!	O-Obrigado, senhor!	novo
Come back and challenge me again anytime. I'll be looking forward to seeing your Pokémon again when you get stronger.	Volte e me desafie de novo quando quiser. Vou ficar ansioso para ver seus Pokémon outra vez quando estiverem mais fortes.	novo
Yes, sir! Thank you, sir! I'll train extra hard!	Sim, senhor! Obrigado, senhor! Vou treinar em dobro!	novo
Why, if it isn't \PN!	Ora, se não é \PN!	novo
So you've finished moving in?	Então você já terminou a mudança?	novo
Well...	Bem...	novo
I guess we shouldn't stand around out here talking.	Acho que não devíamos ficar aqui fora conversando.	novo
Do you want to come in for a bit? We can talk in the gym.	Quer entrar um pouco? Podemos conversar no ginásio.	novo
The yearly Berry Contest has begun here in Petalburg Town and berry enthusiasts are flocking in from all over the region!	O Concurso Anual de Berries começou aqui em Petalburg Town e entusiastas de Berries estão chegando de toda a região!	novo
Everyone is trying their best to grow the most prolific Berry plant in hopes of winning the grand prize.	Todos estão se esforçando para cultivar o pé de Berry mais produtivo na esperança de ganhar o grande prêmio.	novo
We're joined by the organizer of the contest.\| Tell me, what is needed to get the best yield out of a Berry plant?	Estamos aqui com o organizador do concurso.\| Diga, o que é preciso para conseguir a melhor colheita de um pé de Berry?	novo
Well, every gardener has their own set of tricks of course, but really it's all about watering your Berries diligently!	Bem, cada jardineiro tem seus próprios truques, é claro, mas na verdade o segredo é regar suas Berries com dedicação!	novo
You heard it here first! Let's ask one of the locals what they think of the contest!	Vocês ouviram aqui primeiro! Vamos perguntar a um morador o que ele acha do concurso!	novo
Hi there, you seem like you're a local trainer! Will this be your first time participating in the contest?	Olá, você parece ser um treinador daqui! Esta vai ser a sua primeira vez participando do concurso?	novo
I'm not participating	Não vou participar	novo
That's great! As you can see, the Berry contest is at the height of its popularity and it attracts more and more newcomers year after year!	Que ótimo! Como você pode ver, o concurso de Berries está no auge da popularidade e atrai cada vez mais novatos ano após ano!	novo
Ah, a returning contestant! It looks like the competition is going to be fierce this year!	Ah, um participante veterano! Parece que a competição vai ser acirrada este ano!	novo
I see, so you must be here to cheer on the participants. This event is just as much fun for spectators as it is for competitors!	Entendi, então você deve estar aqui para torcer pelos participantes. Este evento é tão divertido para os espectadores quanto para os competidores!	novo
Now, what are your thoughts on this year's Berry contest so far?	Agora, o que você está achando do concurso de Berries deste ano até aqui?	novo
It's a lot of fun!	Está muito divertido!	novo
It's pretty fun	Está bem divertido	novo
It's alright	Está ok	novo
It doesn't really interest me	Não me interessa muito	novo
As you can see, anyone can join this contest. Even first-timers are having a blast!	Como podem ver, qualquer um pode participar deste concurso. Até os estreantes estão se divertindo muito!	novo
As you can see, participants absolutely love the contest. This is why they keep returning year after year!	Como podem ver, os participantes simplesmente adoram o concurso. É por isso que eles voltam ano após ano!	novo
It seems spectators might be having even more fun than the participants!	Parece que os espectadores estão se divertindo ainda mais do que os participantes!	novo
That's great! And I'm sure it will get even more fun as the competition goes on!	Que ótimo! E tenho certeza de que vai ficar ainda mais divertido conforme a competição avança!	novo
That's great!This must be why you're returning as a participant!	Que ótimo!Deve ser por isso que você está voltando como participante!	novo
This is great! You don't have to participate in the contest to have a good time here!	Que ótimo! Você não precisa participar do concurso para se divertir aqui!	novo
That's great! And I have no doubt that it will get more and more exciting as the competition goes on!	Que ótimo! E não tenho dúvidas de que vai ficar cada vez mais emocionante conforme a competição avança!	novo
Glad to hear it! It seems the contest if already off to a good start with a veteran like yourself in the mix.	Fico feliz em saber! Parece que o concurso já começou bem, com um veterano como você na disputa.	novo
I'm glad you're enjoying it so far. Feel free to look around as much as you want!	Fico feliz que esteja gostando até agora. Fique à vontade para dar uma olhada por aí!	novo
Hopefully, it'll get more exciting as it goes!	Tomara que fique mais emocionante com o tempo!	novo
Yet, you're returning as a participant. The winning prize must really be worth it!	Mesmo assim, você está voltando como participante. O prêmio deve valer muito a pena!	novo
Ah! Berry-growing is not for everyone, that's for sure!	Ah! Cultivar Berries não é para qualquer um, isso é certo!	novo
Now tell me! In one word, what is your strategy for winning the competition?	Agora me diga! Em uma palavra, qual é a sua estratégia para vencer a competição?	novo
Now tell me! In one word, what is your secret trick when it comes to this competition?	Agora me diga! Em uma palavra, qual é o seu truque secreto nesta competição?	novo
Now tell me! In one word, how would you sum up this competition so far?	Agora me diga! Em uma palavra, como você resumiria esta competição até agora?	novo
\V[1008]... That really says it all!	\V[1008]... Isso diz tudo!	novo
This was Gabby, reporting live from Petalburg Town. We'll see you again on our next broadcast!	Aqui foi Gabby, ao vivo de Petalburg Town. Até a nossa próxima transmissão!	novo
These Berries are coming along nicely. I hope I get a good yield!	Essas Berries estão crescendo bem. Espero ter uma boa colheita!	novo
I hope I do even better in the contest next year!	Espero me sair ainda melhor no concurso do ano que vem!	novo
The Berry Contest has ended! It's time to announce the results!	O Concurso de Berries terminou! Hora de anunciar os resultados!	novo
In fourth place...	Em quarto lugar...	novo
\V[5], with \V[4] points!	\V[5], com \V[4] pontos!	novo
In third place...	Em terceiro lugar...	novo
In second place...	Em segundo lugar...	novo
And finally, the great winner of this year's berry contest....	E finalmente, o grande vencedor do concurso de Berries deste ano....	novo
Congratulations to all of the contestants! We hope to see you again in the next edition of the contest!	Parabéns a todos os participantes! Esperamos ver vocês de novo na próxima edição do concurso!	novo
Petalburg Town: Where people mingle with nature.	Petalburg Town: Onde as pessoas convivem com a natureza.	novo
The peacefulness, the flowers... This city reminds me a lot of Santalune City in my home region...	A tranquilidade, as flores... Esta cidade me lembra muito Santalune City, da minha região natal...	novo
I'm an adventurer from the \C[1]Kalos region\C[0]. I came here while on a journey to explore the world!	Sou um aventureiro da \C[1]região de Kalos\C[0]. Vim para cá durante uma jornada para explorar o mundo!	novo
Let's battle! I want to see how local trainers fight!	Vamos batalhar! Quero ver como os treinadores daqui lutam!	novo
Woah! You have a different style compared to the trainers where I'm from!	Uau! Você tem um estilo diferente dos treinadores de onde eu venho!	novo
Okay, I'll give you this hat from my home region!	Certo, vou te dar este chapéu da minha região natal!	novo
Actually, I have an idea! I brought way too many clothes from home and it's weighing me down, and I underestimated how much a journey like this costs.	Na verdade, tive uma ideia! Trouxe roupas demais de casa e elas estão pesando, e eu subestimei o quanto uma jornada dessas custa.	novo
Don't worry! I already have plenty to wear, so feel free to buy the extras off me. Let me know if anything piques your interest!	Não se preocupe! Eu já tenho bastante coisa para vestir, então fique à vontade para comprar as que sobraram. Me avise se algo chamar sua atenção!	novo
That's fine too, of course.	Tudo bem também, claro.	novo
I have plenty of other outfits from my home region, Johto. Tell me if you see anything you like!	Tenho várias outras roupas da minha região natal, Johto. Me diga se gostar de alguma coisa!	novo
Browse clothes	Ver roupas	novo
Browse hats	Ver chapéus	novo
Browse hairstyles	Ver penteados	novo
Time flies by when you're sitting on a bench!	O tempo voa quando você está sentado num banco!	novo
Petalburg Gym	Ginásio de Petalburg	novo
Gym Leader: Norman, a \V[1000] man in pursuit of power!	Gym Leader: Norman, um homem \V[1000] em busca de poder!	novo
Pokémon holding a Berry will automatically hold a new one if you have more in your bag.	Pokémon segurando uma Berry vão segurar outra automaticamente se você tiver mais na bolsa.	novo
That's why it's important to always have a lot of berries on hand!	Por isso é importante ter sempre bastante Berries à mão!	novo
Hey! Where are you going?	Ei! Para onde você vai?	novo
Don't you know? Pokémon trainers should always check out the \C[1]Gym\C[0] when they get to a new town!	Você não sabe? Treinadores Pokémon devem sempre visitar o \C[1]Ginásio\C[0] quando chegam a uma nova cidade!	novo
I think I saw some Pokémon on the beach this morning!	Acho que vi alguns Pokémon na praia hoje de manhã!	novo
Where has our \C[1]Wally\C[0] gone?	Para onde foi o nosso \C[1]Wally\C[0]?	novo
We have to leave for Verdanturf Town very soon...	Temos que partir para Verdanturf Town daqui a pouco...	novo
Wally, please hurry up. We need to leave very soon.	Wally, por favor, se apresse. Precisamos partir logo.	novo
Wally, there you are! I've been looking for you, sweetie.	Wally, aí está você! Estava te procurando, querido.	novo
Hello \PN, Wally was looking for you.	Olá, \PN, o Wally estava te procurando.	novo
Let's go to Route 102....	Vamos para a Route 102....	novo
The sun is great for Berries, but remember to water them diligently!	O sol é ótimo para as Berries, mas lembre-se de regá-las com dedicação!	novo
You don't have to water Berries when it's raining!	Você não precisa regar as Berries quando está chovendo!	novo
\PN! I was looking for you. Er... Will you still help me catch a Pokémon?	\PN! Estava te procurando. Hã... Você ainda vai me ajudar a capturar um Pokémon?	novo
Argh! My Berries won't grow at all! I knew I should've used more fertilizer.	Argh! Minhas Berries não crescem de jeito nenhum! Eu sabia que devia ter usado mais adubo.	novo
Argh! My Berries won't grow at all! At least I won't have to water them with all this rain...	Argh! Minhas Berries não crescem de jeito nenhum! Pelo menos não vou precisar regá-las com toda essa chuva...	novo
Argh! My Berries won't grow at all! I hope the sun didn't dry them out too much...	Argh! Minhas Berries não crescem de jeito nenhum! Espero que o sol não as tenha ressecado demais...	novo
rival stops the player here and leads them into the pokemart to buy their first dna splicers	o rival para o jogador aqui e o leva até o Pokémart para comprar seus primeiros DNA Splicers	novo
Man, this line hasn't moved an inch since I got here.	Nossa, essa fila não andou nem um centímetro desde que cheguei.	novo
\PN!	\PN!	novo
Looks like we keep running into each other! You gotta check this out.	Parece que a gente vive se esbarrando! Você precisa ver isso.	novo
Come here! You gotta see this!	Vem cá! Você tem que ver isso!	novo
It turns out that they sell \C[3]DNA Splicers\C[0] at any Pokémart now! I got you a pair too!	Parece que agora vendem \C[3]DNA Splicers\C[0] em qualquer Pokémart! Comprei um par para você também!	novo
They're one-time use, so you should make sure to stock up and get some more!	Eles só podem ser usados uma vez, então é bom estocar e comprar mais!	novo
Oh, you have a \C[1]PokéNav\C[0] too?	Ah, você também tem um \C[1]PokéNav\C[0]?	novo
Here, you'll want to install this app!	Toma, você vai querer instalar este app!	novo
It records other Trainers that you meet on your journey!	Ele registra os outros Treinadores que você conhece na sua jornada!	novo
I'm heading over to Petalburg City to do some field work. I'll say hi to your dad if I see him.	Estou indo para Petalburg City fazer um trabalho de campo. Vou dar um oi para o seu pai se eu o encontrar.	novo
Maybe I'll find some Pokémon to fuse on the way there!	Talvez eu encontre alguns Pokémon para fundir no caminho!	novo
I'll see you around!	A gente se vê por aí!	novo
There's a new product from Kanto that just came out called \C[3]DNA Splicers\C[0]. Looks like it's pretty popular!	Acabou de sair um produto novo de Kanto chamado \C[3]DNA Splicers\C[0]. Parece que está fazendo muito sucesso!	novo
Everyone's rushing to get them, so you might have to wait in line for a while...	Todo mundo está correndo para comprar, então talvez você tenha que esperar na fila por um tempo...	novo
Grrrk...	Grrrk...	novo
Shashah!	Shashah!	novo
Don't cut in front of the line!	Não fure a fila!	novo
I was sketching Pokémon footprints nearby when I saw people getting in line for the PokéMart so I decided to get in line too.	Eu estava desenhando pegadas de Pokémon aqui perto quando vi as pessoas entrando na fila do PokéMart, então decidi entrar na fila também.	novo
I hope it's for something exciting!	Espero que seja algo emocionante!	novo
Why is there a line of people over by the PokéMart? There must be something good!	Por que tem uma fila de gente lá perto do PokéMart? Deve ser algo bom!	novo
Maybe I should head over to the PokéMart too.	Talvez eu devesse ir até o PokéMart também.	novo
I'm itching to battle, but I can't risk losing my spot in the line!	Estou louco para batalhar, mas não posso arriscar perder meu lugar na fila!	novo
I'm always on the lookout for rare Pokémon when I'm out adventuring!	Estou sempre de olho em Pokémon raros quando saio em aventuras!	novo
Oldale Town: Where things start off scarce.	Oldale Town: Onde as coisas começam escassas.	novo
Glo-dop!	Glo-dop!	novo
Almost there! These \C[3]DNA Splicers\C[0] are gonna be mine!	Quase lá! Esses \C[3]DNA Splicers\C[0] vão ser meus!	novo
Oh dear, I hope they don't run out of stock...	Ai, ai, espero que o estoque não acabe...	novo
Fog	Neblina	novo
Um, um, um! You moved here from the Johto region?	Hum, hum, hum! Você se mudou da região de Johto?	novo
Um, um, um!	Hum, hum, hum!	novo
If you go outside and go in the grass, wild Pokémon will jump out!	Se você sair e entrar no mato, Pokémon selvagens vão pular em você!	novo
It's dangerous if you don't have your own Pokémon.	É perigoso se você não tiver seu próprio Pokémon.	novo
Um!	Hum!	novo
There are scary Pokémon outside! I can hear their cries!	Tem Pokémon assustadores lá fora! Consigo ouvir os gritos deles!	novo
I want to go see what's going on, but I don't have any Pokémon...	Quero ir ver o que está acontecendo, mas não tenho nenhum Pokémon...	novo
Can you go see what's happening for me?	Você pode ir ver o que está acontecendo para mim?	novo
Um, hi!	Hum, oi!	novo
What do they call this new item that every Trainer uses these days again? Fusion sticks? No, that's not it...	Como é mesmo que chamam aquele item novo que todo Treinador usa hoje em dia? Bastões de fusão? Não, não é isso...	novo
Littleroot Town: A town that can't be shaded any hue.	Littleroot Town: Uma cidade que não se deixa tingir de nenhuma cor.	novo
\PN, we're here, honey!	\PN, chegamos, meu bem!	novo
It must be tiring riding with our things in the moving truck.	Deve ser cansativo viajar com as nossas coisas no caminhão de mudança.	novo
Well, this is Littleroot Town.	Bem, esta é Littleroot Town.	novo
How do you like it? This is our new home!	O que achou? Esta é a nossa nova casa!	novo
It has a quaint feel, but it looks like it should be a nice place to live, don't you think?	Tem um ar pitoresco, mas parece que vai ser um bom lugar para morar, não acha?	novo
And you get your own room this time, \PN! Let's go inside.	E desta vez você vai ter seu próprio quarto, \PN! Vamos entrar.	novo
Prof. Birch spends days in his lab studying, then he'll suddenly go out in the wild to do more research...	O Prof. Birch passa dias estudando no laboratório, e de repente sai para a natureza para fazer mais pesquisas...	novo
When does Prof. Birch spend time at home?	Quando é que o Prof. Birch fica em casa?	novo
Better get settled at home first!	Melhor se instalar em casa primeiro!	novo
I was hoping to watch you catch a Pokémon, but I'm actually so grateful that you brought me here, \PN!	Eu queria ver você capturar um Pokémon, mas na verdade estou muito grato por você ter me trazido aqui, \PN!	novo
Let's get back to your dad in Petalburg!	Vamos voltar até o seu pai em Petalburg!	novo
Storm	Tempestade	novo
Wait, \PN!	Espere, \PN!	novo
\PN! \PN! Did you introduce yourself to Prof. Birch?	\PN! \PN! Você se apresentou ao Prof. Birch?	novo
Oh! What an adorable Pokémon. You got it from Prof. Birch, how nice!	Ah! Que Pokémon adorável. Você ganhou do Prof. Birch, que legal!	novo
You're your father's child, all right. You look good together with Pokémon.	Você puxou mesmo ao seu pai. Vocês ficam ótimos juntos com Pokémon.	novo
Here, honey! If you're going out on an adventure, you should bring your \C[1]PokéNav\C[0].	Aqui, meu bem! Se vai sair em uma aventura, deve levar seu \C[1]PokéNav\C[0].	novo
\C[3]\PN obtained the PokéNav!	\C[3]\PN obteve o PokéNav!	novo
There's a \C[1]Map\C[0] function in it, so you won't get lost!	Ele tem uma função de \C[1]Mapa\C[0], então você não vai se perder!	novo
And the \C[1]Quest Log\C[0] will help you keep track of all the people you help!	E o \C[1]Diário de Missões\C[0] vai te ajudar a acompanhar todas as pessoas que você ajudar!	novo
The people you help will often be grateful and offer you rewards... But mostly, it always feels good to help others!	As pessoas que você ajuda muitas vezes ficam gratas e oferecem recompensas... Mas, acima de tudo, ajudar os outros sempre faz bem!	novo
...	...	novo
To think that you have your very own Pokémon now... Your father will be overjoyed.	Pensar que agora você tem seu próprio Pokémon... Seu pai vai ficar radiante.	novo
He's at the Gym in \C[1]Petalburg City\C[0]. You should go visit him!	Ele está no Ginásio em \C[1]Petalburg City\C[0]. Você devia ir visitá-lo!	novo
... But please be careful. If anything happens, you can come home to rest.	... Mas, por favor, tome cuidado. Se acontecer qualquer coisa, pode voltar para casa para descansar.	novo
Go on, go get them, honey!	Vá em frente, mostre do que você é capaz, meu bem!	novo
Wind	Vento	novo
TrainerTips: If you have more berries of the same type, they get re-equipped automatically after they're consumed in battle.	Dica de Treinador: Se você tiver mais Berries do mesmo tipo, elas são equipadas de novo automaticamente depois de consumidas em batalha.	novo
Okay... I just need to go in the tall grass...	Certo... Só preciso entrar no mato alto...	novo
Just like before... I can do this!	Igual antes... Eu consigo!	novo
This... This isn't so bad, I think...	Isso... Isso não é tão ruim, eu acho...	novo
Oh! I see one, there's a Pokémon right there!	Ah! Estou vendo um, tem um Pokémon bem ali!	novo
Let's see... Go, \V[1]!\wtnp[20]	Vejamos... Vai, \V[1]!\wtnp[20]	novo
Trainer Tips: You can display your opponent's type in battles by enabling the option in the Options menu.	Dica de Treinador: Você pode exibir o tipo do oponente nas batalhas ativando a opção no menu de Opções.	novo
Surskit come out of the pond to hunt in the grass when it rains.	Os Surskit saem do lago para caçar no mato quando chove.	novo
It's raining! There should be plenty of Surskit around now!	Está chovendo! Deve ter vários Surskit por aí agora!	novo
So... Pokémon live in tall grass like this, right?	Então... Os Pokémon vivem em mato alto assim, né?	novo
I... I don't think I can do this alone. Please show me how to catch Pokémon.	Eu... Acho que não consigo fazer isso sozinho. Por favor, me mostre como capturar Pokémon.	novo
I... I'll just watch for now...	Eu... Vou só assistir por enquanto...	novo
Aghh, I need more Pokémon if I want to take on the league challenge.	Argh, preciso de mais Pokémon se quiser encarar o desafio da Liga.	novo
I know! I'll switch up my team a little bit. Come and rematch me when you get a moment!	Já sei! Vou mudar um pouco o meu time. Venha para uma revanche quando tiver um tempinho!	novo
So, are you ready for that rematch we talked about?	E aí, está pronto para aquela revanche que combinamos?	novo
Rematch	Revanche	novo
This was so fun! I think my Pokémon even gained a level!	Isso foi muito divertido! Acho que meus Pokémon até subiram de nível!	novo
You know... You could challenge almost any trainer to rematches like this. That could be useful if you need to train.	Sabe... Você pode desafiar quase qualquer treinador para revanches assim. Isso pode ser útil se precisar treinar.	novo
And once you're friends with someone, they'll surely want to trade Pokémon with you too!	E depois que vocês viram amigos, com certeza vão querer trocar Pokémon com você também!	novo
\PN, I'll see you around if you want to rematch again or trade with me!	\PN, a gente se vê por aí se quiser outra revanche ou fazer trocas comigo!	novo
\PN, I'm nervous! What should I do now?	\PN, estou nervoso! O que eu faço agora?	novo
What do I do now?	O que eu faço agora?	novo
Attack!	Atacar!	novo
Throw a PokéBall!	Jogar uma PokéBall!	novo
Okay... Let's try this... \V[1]... Attack!	Certo... Vamos tentar... \V[1]... Ataque!	novo
It... It listened to me!	Ele... Ele me obedeceu!	novo
\PN, did you see this? \V[1] listened to me! I can't believe it!	\PN, você viu isso? \V[1] me obedeceu! Não acredito!	novo
I... I think it's working. Should I throw a Pokéball?	Eu... Acho que está funcionando. Devo jogar uma Pokéball?	novo
I... I think I'm starting to get the hang of it.	Eu... Acho que estou começando a pegar o jeito.	novo
I have to throw a Pokéball now that it's weakened!	Tenho que jogar uma Pokéball agora que ele está enfraquecido!	novo
Okay... Here goes nothing!	Certo... Lá vai!	novo
Oh no, \PN! It didn't work!	Ah, não, \PN! Não funcionou!	novo
I... I did it?	Eu... Eu consegui?	novo
\PN, I caught it! I caught it all on my own!	\PN, eu capturei! Capturei sozinho!	novo
Wahoo!	Uhuul!	novo
And it's all thanks to you, \PN. I'm so thankful for your help.	E é tudo graças a você, \PN. Sou muito grato pela sua ajuda.	novo
Oh! We should go tell your dad!	Ah! A gente devia ir contar para o seu pai!	novo
Let's head back to the gym!	Vamos voltar para o ginásio!	novo
I won't let you take our camp!	Não vou deixar vocês tomarem o nosso acampamento!	novo
Halt!	Alto lá!	novo
This camp is for members of \C[2]Team Magma \C[0] only!	Este acampamento é só para membros da \C[2]Team Magma \C[0]!	novo
Huh? Maxie invited you personally?	Hã? O Maxie te convidou pessoalmente?	novo
Well, he left already. But you can go find \C[2]Tabitha \C[0]in his tent. He's the next in command...	Bem, ele já foi embora. Mas você pode procurar o \C[2]Tabitha \C[0]na barraca dele. Ele é o segundo no comando...	novo
We don't normally let anyone who's not wearing the uniform in... Consider yourself lucky!	Normalmente não deixamos entrar ninguém que não esteja de uniforme... Considere-se com sorte!	novo
No one can stand up to Team Aqua!	Ninguém consegue enfrentar a Team Aqua!	novo
Bark! Bark!	Au! Au!	novo
Huh? What are you doing in our camp?	Hã? O que você está fazendo no nosso acampamento?	novo
The spot with the eggs is just a little bit North of here. Get in!	O local dos ovos fica um pouco ao Norte daqui. Entre!	novo
Huh? What's all that noise over there?	Hã? Que barulheira é essa ali?	novo
Could it be...	Será que...	novo
Uwaaah! Team Aqua!!!	Uwaaah! Team Aqua!!!	novo
Oh, this is bad. Come with me!	Ah, isso é ruim. Venha comigo!	novo
Phew, that was a close one...	Ufa, essa foi por pouco...	novo
Grunts, listen up!	Recrutas, prestem atenção!	novo
We're going to pack up this camp and go meet with Maxie. It's too risky to stay here now.	Vamos desmontar este acampamento e ir encontrar o Maxie. É arriscado demais ficar aqui agora.	novo
There's an \C[2]ancient Pokémon\C[0] slumbering in the volcano that has the power to expand the land.	Há um \C[2]Pokémon ancestral\C[0] adormecido no vulcão que tem o poder de expandir a terra.	novo
Without the Devon Parts, the pressure would be too high to drill our way to it like we wanted, but Maxie has a new lead already.	Sem as Devon Parts, a pressão seria alta demais para perfurarmos até ele como queríamos, mas o Maxie já tem uma nova pista.	novo
Something about a \C[1]meteorite\C[0] that's full of fusion energy that's held by a scientist near \C[1]Meteor Falls\C[0].	Algo sobre um \C[1]meteorito\C[0] cheio de energia de fusão que está com um cientista perto de \C[1]Meteor Falls\C[0].	novo
Let's head there! \PN, join us whenever you can!	Vamos para lá! \PN, junte-se a nós quando puder!	novo
Tabitha's in the big tent over there...	O Tabitha está naquela barraca grande ali...	novo
Let's see... The Pokémon found on Route 103 includes...	Vejamos... Os Pokémon encontrados na Route 103 incluem...	novo
Okay, so it's this one and that one that live on Route 103...	Certo, então são este e aquele que vivem na Route 103...	novo
Oh, but is it the same at night? I'll have to do some more research...	Ah, mas será que é igual à noite? Vou ter que pesquisar mais...	novo
Oh, but what about during the daytime? I'll have to do some more research...	Ah, mas e durante o dia? Vou ter que pesquisar mais...	novo
Hey, it's \PN!	Ei, é \PN!	novo
...Oh, yeah, Dad gave you a Pokémon! Since we're here, how about a little battle?	...Ah, é, o papai te deu um Pokémon! Já que estamos aqui, que tal uma batalhinha?	novo
I'll give you a little taste of what being a Trainer is like!	Vou te dar uma provinha de como é ser um Treinador!	novo
I think I know why my dad has an eye out for you now.	Acho que agora entendo por que meu pai está de olho em você.	novo
I mean, you just got that Pokémon but it already likes you.	Quer dizer, você acabou de ganhar esse Pokémon e ele já gosta de você.	novo
Well, we should head back to the Lab.	Bom, devíamos voltar para o Laboratório.	novo
Huh? You're not with us...	Hã? Você não é dos nossos...	novo
We'll find those Devon Parts!	Vamos encontrar aquelas Devon Parts!	novo
If you cross the sea from here, it'll be a shortcut to Oldale Town.	Se atravessar o mar daqui, é um atalho para Oldale Town.	novo
next rival fight	próxima luta contra o rival	novo
Tabitha... Haven't seen you in a while...	Tabitha... Há quanto tempo...	novo
Shelly... So that's what you've been up to ever since you got fired from Devon, huh?	Shelly... Então é isso que você anda fazendo desde que foi demitida da Devon, é?	novo
I left on my own terms! Besides, that was ages ago!	Eu saí porque quis! Além disso, isso foi há séculos!	novo
I'll cut straight to the chase we need that Pressure Regulator from the \C[1]Devon Parts\C[0] for our submarine.	Vou direto ao ponto: precisamos daquele Regulador de Pressão das \C[1]Devon Parts\C[0] para o nosso submarino.	novo
We know that \PN gave them to you after we left at the Oceanic Museum!	Sabemos que \PN entregou as peças para vocês depois que saímos do Oceanic Museum!	novo
You've got rocks in your head, Shelly! We don't have the parts, and if we did, why do you think we'd ever give them to you?	Você tem pedra na cabeça, Shelly! Não estamos com as peças, e mesmo se estivéssemos, por que acha que daríamos para vocês?	novo
\PN, get ready! This is our chance!	\PN, prepare-se! Esta é a nossa chance!	novo
So you really don't have those Devon Parts?... Pffft, go figure.	Então vocês não estão mesmo com as Devon Parts?... Pfff, quem diria.	novo
It's a bit annoying... But Archie's got another plan anyway.	É meio irritante... Mas o Archie tem outro plano mesmo.	novo
Crew!	Tripulação!	novo
Come on, we're leaving! Let's go join Archie!	Vamos, estamos indo embora! Vamos nos juntar ao Archie!	novo
Tabithaaaaaa! Help us!!!	Tabithaaaaaa! Socorro!!!	novo
Trainer Tips: You can speed-up the game by pressing the speed-up key.	Dica de Treinador: Você pode acelerar o jogo apertando a tecla de aceleração.	novo
You're not with us... You should leave.	Você não é dos nossos... É melhor ir embora.	novo
Why couldn't I go with the others to Mt. Chimney...	Por que eu não pude ir com os outros para o Mt. Chimney...	novo
Maybe Maxie's mad at me for failing to steal the Devon Parts in Rustboro City...	Talvez o Maxie esteja bravo comigo por eu não ter conseguido roubar as Devon Parts em Rustboro City...	novo
Hah! We're taking over your silly camp!	Rá! Vamos tomar esse seu acampamento bobo!	novo
We know you're hiding the \C[1]Devon Parts\C[0] somewhere in here! You better give them to us right now!	Sabemos que vocês estão escondendo as \C[1]Devon Parts\C[0] em algum lugar aqui! É melhor nos entregarem agora mesmo!	novo
Shelly will make you cry for help!	A Shelly vai fazer vocês chorarem pedindo socorro!	novo
They attacked us while we were having lunch!	Eles nos atacaram enquanto a gente almoçava!	novo
New recruit, huh?	Recruta novo, é?	novo
Let's see... Yeah I've got something for you.	Vejamos... É, tenho uma coisa para você.	novo
This is Numel. It's strong and sturdy and it stores molten lava in its hump.	Este é o Numel. Ele é forte e resistente, e guarda lava derretida na corcova.	novo
So of course, it's the perfect Pokémon for any Team Magma member!	Então, é claro, ele é o Pokémon perfeito para qualquer membro da Team Magma!	novo
There's only one problem though: it's a Fire and Ground type, and that makes it awfully weak to water!	Só tem um problema: ele é do tipo Fire e Ground, e isso o deixa muito fraco contra água!	novo
But Team Magma is all about smart fusing! Any good Magma grunt needs to learn to fuse to cover weaknesses.	Mas a Team Magma é especialista em fusões inteligentes! Todo bom recruta Magma precisa aprender a fundir para cobrir fraquezas.	novo
I want you to take that Numel with you and fuse it in a way that it's no longer weak against Water-type attacks!	Quero que você leve esse Numel e o funda de um jeito que ele não seja mais fraco contra ataques do tipo Water!	novo
You're a new recruit? Huh? Why aren't you wearing the uniform?	Você é um recruta novo? Hã? Por que não está de uniforme?	novo
Take that Numel I gave you and fuse it in a way that it's no longer weak against Water-type attacks!	Pegue aquele Numel que eu te dei e funda de um jeito que ele não seja mais fraco contra ataques do tipo Water!	novo
Oh no! A water-type move would obliterate that \V[4] in an instant!	Ah, não! Um golpe do tipo Water acabaria com esse \V[4] num instante!	novo
Try fusing it with something that resists water to nullify its weakness.	Tente fundi-lo com algo que resista a água para anular a fraqueza.	novo
Solid attempt, but a Water-type move would still be Super-Effective against this \V[4].	Boa tentativa, mas um golpe do tipo Water ainda seria Super Efetivo contra esse \V[4].	novo
A \V[4], huh? That's not the route I would've gone but it might be able to handle itself against water type moves...	Um \V[4], é? Eu não teria escolhido esse caminho, mas talvez ele consiga se virar contra golpes do tipo Water...	novo
There's only one way to find out, get ready to battle it out!	Só tem um jeito de descobrir: prepare-se para batalhar!	novo
You clearly know your stuff when it comes to fusing Pokemon. I think you have a bright future with Team Magma!	Você claramente entende do assunto quando se trata de fundir Pokémon. Acho que você tem um futuro brilhante na Team Magma!	novo
Feel free to keep that Numel as your first official Team Magma Pokémon!	Pode ficar com esse Numel como seu primeiro Pokémon oficial da Team Magma!	novo
\C[3]Grunt Work!: \C[2]\V[1029]/3\C[0]	\C[3]Trabalho de Recruta!: \C[2]\V[1029]/3\C[0]	novo
What's the matter? Just get some DNA Splicers and fuse it!	Qual é o problema? É só pegar uns DNA Splicers e fundir!	novo
Team Aqua likes to use Water-type Pokémon, so we have to be smart and fuse Pokémon to cover our weaknesses.	A Team Aqua gosta de usar Pokémon do tipo Water, então temos que ser espertos e fundir Pokémon para cobrir nossas fraquezas.	novo
Oh, hi \PN!	Ah, oi, \PN!	novo
I'm doing some field work right now! Did you know that some Pokémon \C[1]only come out during certain weather conditions\C[0]?	Estou fazendo um trabalho de campo agora! Você sabia que alguns Pokémon \C[1]só aparecem em certas condições de clima\C[0]?	novo
I'm trying to find one of them, but I haven't had any luck so far. Do you want to help me?	Estou tentando encontrar um deles, mas não tive sorte até agora. Quer me ajudar?	novo
Awesome!	Demais!	novo
I'm trying to find a \C[1]Pidgey\C[0]. But they only seem to come down to roost when it's \C[1]windy \C[0] out...	Estou tentando encontrar um \C[1]Pidgey\C[0]. Mas eles parecem só descer para pousar quando está \C[1]ventando \C[0] lá fora...	novo
So I've been on the lookout here, waiting for the weather to turn.	Então fiquei de vigia aqui, esperando o tempo mudar.	novo
It's still pretty calm right now though...	Mas ainda está bem calmo agora...	novo
Let's wait together until the weather gets \C[1]windy \C[0]!	Vamos esperar juntos até começar a \C[1]ventar \C[0]!	novo
It looks like the wind finally picked up!	Parece que finalmente começou a ventar!	novo
And it looks like the wind finally picked up!	E parece que finalmente começou a ventar!	novo
We should be able to find some Pidgey around somewhere now. Let me know if you catch one!	Agora devemos conseguir encontrar alguns Pidgey por aí. Me avise se capturar um!	novo
Hah! You gotta keep moving, I get it! I'll see you around then!	Rá! Você precisa seguir em frente, eu entendo! A gente se vê por aí, então!	novo
\PN! Have you been able to find a \C[1]Pidgey \C[0] yet?	\PN! Você já conseguiu encontrar um \C[1]Pidgey \C[0]?	novo
Let's keep on searching!	Vamos continuar procurando!	novo
Yes, amazing! My hypothesis was right!	Isso, incrível! Minha hipótese estava certa!	novo
And it's a fusion too! I guess this means that fused Pokémon keep some behaviors from before they were fused.	E é uma fusão também! Acho que isso significa que Pokémon fundidos mantêm alguns comportamentos de antes da fusão.	novo
I think that the stronger the weather, the more likely rare Pokémon are to appear.	Acho que quanto mais forte o clima, maior a chance de aparecerem Pokémon raros.	novo
Dad will be excited to hear about this!	O papai vai ficar empolgado quando souber disso!	novo
Oh, I've got a little something for you. For helping me out!	Ah, tenho uma coisinha para você. Por ter me ajudado!	novo
It's your very own Field Sleeping Bag! You can use it to nap for a little bit when you're searching for certain Pokémon like this!	É o seu próprio Saco de Dormir de Campo! Você pode usá-lo para tirar um cochilo quando estiver procurando certos Pokémon assim!	novo
I'll see you around, \PN. Later!	A gente se vê, \PN. Até mais!	novo
Oh, it looks like it's not windy anymore... Let's wait a little bit until it picks up again!	Ah, parece que parou de ventar... Vamos esperar um pouco até voltar!	novo
We should be able to find some them around somewhere now. Let me know if you catch one!	Agora devemos conseguir encontrar alguns deles por aí. Me avise se capturar um!	novo
garurumon	garurumon	novo
Dewford Town	Dewford Town	novo
Trainer Tips: In most routes, there are wild Pokémon that can only be caught during certain weather conditions.	Dica de Treinador: Na maioria das rotas, há Pokémon selvagens que só podem ser capturados em certas condições de clima.	novo
Aghh I can't tell if it's a mushroom or a Pokémon...	Argh, não consigo saber se é um cogumelo ou um Pokémon...	novo
It's the only specimen outside the woods... If I can just confirm that, I won't need to go back in...	É o único espécime fora da floresta... Se eu conseguir confirmar isso, não vou precisar voltar lá dentro...	novo
Oh, I'm sorry, I'm in the middle of collecting mushroom spores samples.	Ah, desculpe, estou no meio da coleta de amostras de esporos de cogumelo.	novo
I have to be very careful not to damage the specimens.	Preciso tomar muito cuidado para não danificar os espécimes.	novo
It's a large, bulbous mushroom.	É um cogumelo grande e bulboso.	novo
Ahoy! We've hit land in Dewford.	Ahoy! Chegamos em terra firme em Dewford.	novo
So, ye want to sail to Dewford Town?	Então, quer navegar até Dewford Town?	novo
Come find me when you're ready to set sail!	Venha falar comigo quando estiver pronto para zarpar!	novo
Bawk! Bawk!	Có! Có!	novo
This is your neighbor's dresser. It's impolite to look through it!	Esta é a cômoda do seu vizinho. É falta de educação mexer nela!	novo
\C[1]Prof Birch\C[0] is one of Dad's friends who lives in this town.	O \C[1]Prof. Birch\C[0] é um dos amigos do papai que mora nesta cidade.	novo
He lives \C[1]right next door\C[0]. You should go over and introduce yourself!	Ele mora \C[1]bem aqui do lado\C[0]. Você devia ir lá se apresentar!	novo
Oh, \PN! What a cute Pokémon you have!	Ah, \PN! Que Pokémon fofo você tem!	novo
Oh, how nice! It's so good to see you making friends!	Ah, que legal! É tão bom ver você fazendo amigos!	novo
What's your name? Wally? Would you like me to make you a snack?	Qual é o seu nome? Wally? Quer que eu prepare um lanchinho para você?	novo
Oh, hello. And you are?	Ah, olá. E você é?	novo
Oh, you're \PN, our next-door neighbour! Hi!	Ah, você é \PN, nosso vizinho de porta! Oi!	novo
We have a daughter about the same age as you.	Temos uma filha mais ou menos da sua idade.	novo
Our daughter was excited about making a new friend.	Nossa filha estava animada para fazer um novo amigo.	novo
She is upstairs, I think.	Acho que ela está lá em cima.	novo
Like child, like father. My husband is as wild about Pokémon as our child.	Tal filho, tal pai. Meu marido é tão louco por Pokémon quanto nosso filho.	novo
If he's not at his lab, he's likely scrabbling about in grassy places.	Se ele não está no laboratório, provavelmente está fuçando em algum lugar cheio de mato.	novo
Oh, \V[12] went out to \C[1]Route 103\C[0] just a little while ago.	Ah, \V[12] saiu para a \C[1]Route 103\C[0] há pouco tempo.	novo
Like father, like child. \V[12] can't stay quietly at home.	Tal pai, tal filho. \V[12] não consegue ficar quieto em casa.	novo
Happy birthday, \PN! I came back home just for today, I just couldn't miss it.	Feliz aniversário, \PN! Voltei para casa só por hoje, eu não podia perder isso.	novo
I'm the one who picked your gift, I hope you'll like it!	Fui eu que escolhi o seu presente, espero que goste!	novo
What does your rival look like?	Como é a aparência do seu rival?	novo
Blow out the candles?	Assoprar as velas?	novo
\PN had a slice of cake. It's so delicious!	\PN comeu uma fatia de bolo. Está uma delícia!	novo
Better make sure everyone else has had a piece before going for seconds!	Melhor garantir que todo mundo já pegou um pedaço antes de repetir!	novo
Oh \PN, that bandana that Dad bought for you looks great!	Ah, \PN, essa bandana que o papai comprou para você ficou ótima!	novo
So, how do you like your new room?	E aí, gostou do seu quarto novo?	novo
Good! Everything's put away neatly!	Ótimo! Está tudo bem arrumadinho!	novo
They finished moving everything in downstairs, too.	Já terminaram de colocar tudo lá embaixo também.	novo
It really is so nice having Pokémon around to help us!	É tão bom ter Pokémon por perto para ajudar!	novo
Oh, you should make sure that everything's all there on your desk.	Ah, é bom conferir se está tudo certo na sua escrivaninha.	novo
Hi, neighbor!	Oi, vizinho!	novo
My sister told me that this is what cool kids wear, so I took it from her dresser. Nyeheh!	Minha irmã disse que é isso que as crianças descoladas usam, então peguei da cômoda dela. Nyehehe!	novo
...But it won't fit me, so you can have it instead!	...Mas não serve em mim, então pode ficar para você!	novo
Do you already have your own Pokémon?	Você já tem seu próprio Pokémon?	novo
Happy birthday, \PN! \V[12] is the one who planned this entire surprise party. He was very excited!	Feliz aniversário, \PN! Foi o \V[12] quem planejou toda esta festa surpresa. Ele estava muito animado!	novo
Happy birthday! I took the day off from the Gym for today. Challengers can wait!	Feliz aniversário! Tirei o dia de folga do Ginásio hoje. Os desafiantes podem esperar!	novo
See, \PN? Isn't it nice in here, too?	Viu, \PN? Aqui dentro também é legal, não é?	novo
The moving company's Pokémon even help with the unpacking and cleanup. This is so convenient!	Os Pokémon da empresa de mudança até ajudam a desempacotar e limpar. Que prático!	novo
\PN, your room is upstairs. Go check it out, dear!	\PN, seu quarto fica lá em cima. Vá dar uma olhada, meu bem!	novo
Dad even bought you a new \C[1]bandana\C[0] to celebrate the big move.	O papai até comprou uma \C[1]bandana\C[0] nova para você para comemorar a mudança.	novo
It's in your dresser. You should go try it on!	Está na sua cômoda. Vá experimentar!	novo
\PN, go check out your room, dear!	\PN, vá dar uma olhada no seu quarto, meu bem!	novo
It's in your dresser upstairs. You should go try it on!	Está na sua cômoda lá em cima. Vá experimentar!	novo
Fugiiiiih!	Fugiiiiih!	novo
Happy birthday, \PN! You've already grown a lot since you started your adventure.	Feliz aniversário, \PN! Você já cresceu muito desde que começou sua aventura.	novo
My brother told me that this is what cool kids wear, so I took it from his dresser. Nyeheh!	Meu irmão disse que é isso que as crianças descoladas usam, então peguei da cômoda dele. Nyehehe!	novo
Happy birthday, neighbor!	Feliz aniversário, vizinho!	novo
Mom's been watching the local news. There's a berry-growing contest going on in Petalburg Town!	A mamãe está vendo o jornal local. Está rolando um concurso de cultivo de Berries em Petalburg Town!	novo
It's showing the local news. There's a berry-growing contest going on in Petalburg Town!	Está passando o jornal local. Está rolando um concurso de cultivo de Berries em Petalburg Town!	novo
<fs=36>HAPPY BIRTHDAY \V[1]!!!!</fs>	<fs=36>FELIZ ANIVERSÁRIO, \V[1]!!!!</fs>	novo
Happy birthday, honey! It's good to have you home!	Feliz aniversário, meu bem! Que bom ter você em casa!	novo
Your friends and family are all here for this very special day!	Seus amigos e sua família estão todos aqui neste dia tão especial!	novo
\PN, everyone pitched in, and we got you a little birthday gift.	\PN, todo mundo contribuiu e compramos um presentinho de aniversário para você.	novo
You received a Pokémon egg!	Você recebeu um ovo de Pokémon!	novo
It's a very special Pokémon, I can't wait for you to see what it is!	É um Pokémon muito especial, mal posso esperar para você ver qual é!	novo
Huh? Who... Who are you?	Hã? Quem... Quem é você?	novo
Oh, you're \PN... I like your outfit! So your move was today.	Ah, você é \PN... Gostei da sua roupa! Então a sua mudança foi hoje.	novo
Oh, you're \PN. So your move was today.	Ah, você é \PN. Então a sua mudança foi hoje.	novo
Um... I'm \V[12]. Glad to meet you!	Hum... Eu sou \V[12]. Prazer em te conhecer!	novo
I... I have this dream of becoming friends with Pokémon all over the world.	Eu... Eu tenho o sonho de fazer amizade com Pokémon do mundo inteiro.	novo
I.. I heard about you, \PN, from my dad, Prof. Birch.	E-eu ouvi falar de você, \PN, pelo meu pai, o Prof. Birch.	novo
I was hoping that you would be nice, \PN, and that we could be friends.	Eu esperava que você fosse legal, \PN, e que a gente pudesse ser amigos.	novo
Oh, this is silly, isn't it? We've just met! Hahaha!	Ah, isso é bobo, né? A gente acabou de se conhecer! Hahaha!	novo
Oh, no! I forgot!	Ah, não! Eu esqueci!	novo
I was supposed to go help Dad catch some wild Pokémon!	Eu tinha que ir ajudar o papai a capturar alguns Pokémon selvagens!	novo
He received some of these new splicers from Kanto that allow you to fuse Pokémon together. He wants to fuse Pokémon and study them!	Ele recebeu alguns desses splicers novos de Kanto que permitem fundir Pokémon. Ele quer fundir Pokémon e estudá-los!	novo
Oh, I need to make sure that I've got everything ready. \PN, I'll catch you later!	Ah, preciso garantir que está tudo pronto. \PN, até mais!	novo
Pokémon fully restored! Items ready, and...	Pokémon totalmente restaurados! Itens prontos, e...	novo
Oh! \PN, \PN! Quick! Come quickly!	Ah! \PN, \PN! Rápido! Venha rápido!	novo
It's the Petalburg Gym! Maybe Dad will be on TV!	É o Ginásio de Petalburg! Talvez o papai apareça na TV!	novo
\C[7]Interviewer: ...	\C[7]Repórter: ...	novo
\C[7]Interviewer: We brought you this report live from in front of Petalburg Gym.	\C[7]Repórter: Trouxemos esta reportagem ao vivo da frente do Ginásio de Petalburg.	novo
Oh... It's already ended.	Ah... Já acabou.	novo
I think Dad was on, but we missed him. What a shame.	Acho que o papai apareceu, mas a gente perdeu. Que pena.	novo
But that reminds me... One of Dad's friends lives in town.	Mas isso me lembrou... Um dos amigos do papai mora na cidade.	novo
\C[1]Prof. Birch\C[0] is his name.	O nome dele é \C[1]Prof. Birch\C[0].	novo
He lives \C[1]right next door\C[0], so you should go over and introduce yourself.	Ele mora \C[1]bem aqui do lado\C[0], então você devia ir lá se apresentar.	novo
It's the title screen from a game you've been playing. It's showcasing some cool Pokémon fusions!	É a tela de título de um jogo que você anda jogando. Ela mostra umas fusões de Pokémon bem legais!	novo
It's the title screen from a game your neighbour has been playing. It looks like you've been playing the same game!	É a tela de título de um jogo que seu vizinho anda jogando. Parece que vocês estão jogando o mesmo jogo!	novo
Happy birthday, \PN! \V[12] is the one who organized this entire surprise party. She was so excited!	Feliz aniversário, \PN! Foi a \V[12] quem organizou toda esta festa surpresa. Ela estava muito animada!	novo
Product placement for the newest video game console, cool!	Propaganda do console de video game mais novo, legal!	novo
Dad even bought you a new \C[1]hat\C[0] to celebrate the big move.	O papai até comprou um \C[1]chapéu\C[0] novo para você para comemorar a mudança.	novo
Happy birthday, honey! I hope you have an amazing day!	Feliz aniversário, meu bem! Espero que você tenha um dia incrível!	novo
There's an email from the Pokémon Trainer School.	Tem um e-mail da Escola de Treinadores Pokémon.	novo
We have a son about the same age as you.	Temos um filho mais ou menos da sua idade.	novo
Our son was excited about making a new friend.	Nosso filho estava animado para fazer um novo amigo.	novo
He is upstairs, I think.	Acho que ele está lá em cima.	novo
Oh \PN, that hat that Dad bought for you looks great!	Ah, \PN, esse chapéu que o papai comprou para você ficou ótimo!	novo
Everything is packed neatly for the move.	Está tudo bem embalado para a mudança.	novo
It's your mom's trusty plant companion!	É a fiel companheira planta da sua mãe!	novo
Some of Dad's Pokéballs! Maybe he'll let you have some of them if you ask nicely.	Algumas Pokéballs do papai! Talvez ele te dê algumas se você pedir com educação.	novo
So, \PN.	Então, \PN.	novo
I've heard so much about you from your father.	Ouvi falar muito de você pelo seu pai.	novo
I've heard that you don't have your own Pokémon yet.	Ouvi dizer que você ainda não tem seu próprio Pokémon.	novo
But the way you battled earlier, you pulled it off with aplomb!	Mas pelo jeito que você batalhou agora há pouco, se saiu com muita classe!	novo
I guess you have your father's blood in your veins after all!	Acho que você tem mesmo o sangue do seu pai nas veias!	novo
Oh, yes. As thanks for rescuing me, I'd like you to have the Pokémon you used earlier.	Ah, sim. Como agradecimento por me salvar, quero que fique com o Pokémon que você usou agora há pouco.	novo
If you work with your Pokémon and gain experience, I think you'll make an extremely good Trainer.	Se você trabalhar junto com seu Pokémon e ganhar experiência, acho que vai se tornar um Treinador excelente.	novo
My kid, \V[12], is also studying Pokémon while helping me out.	Lá em casa, \V[12] também estuda Pokémon enquanto me ajuda.	novo
\PN, don't you think it might be a good idea to go see \V[12]?	\PN, não acha que seria uma boa ideia ir ver \V[12]?	novo
Great! \V[12] should be happy, too.	Ótimo! \V[12] também vai ficar feliz.	novo
Oh, you don't need to be shy. \V[12] has been looking forward to meeting you!	Ah, não precisa ficar com vergonha. \V[12] está ansioso para te conhecer!	novo
Get \V[12] to teach you what it means to be a trainer.	Peça para \V[12] te ensinar o que significa ser um treinador.	novo
\V[12]? Gone home, I think.	\V[12]? Acho que foi para casa.	novo
Or maybe that kid's scrabbling around in tall grass again somewhere...	Ou talvez essa criança esteja fuçando no mato alto de novo em algum lugar...	novo
It's a serious-looking machine. The professor must use this for research.	É uma máquina de aparência séria. O professor deve usá-la para pesquisas.	novo
It's a PC used for research. Better not mess around with it.	É um PC usado para pesquisa. Melhor não mexer nele.	novo
Hey there, \PN. Back so soon? You barely left!	Olá, \PN. Já de volta? Você mal saiu!	novo
Oh, who's this with you, a friend?	Ah, quem está com você, um amigo?	novo
H-hello sir, I'm Wally.	O-olá, senhor, eu sou o Wally.	novo
Hello there, Wally! Are you starting your adventure too?	Olá, Wally! Você também está começando sua aventura?	novo
\PN is actually helping me get my first Pokémon. We caught a \C[1]\V[1]\C[0] together!	Na verdade, \PN está me ajudando a conseguir meu primeiro Pokémon. Nós capturamos um \C[1]\V[1]\C[0] juntos!	novo
That's wonderful! It looks like a lively specimen, too. I'm sure that it will be a fantastic partner.	Que maravilha! E parece um espécime bem animado. Tenho certeza de que vai ser um parceiro fantástico.	novo
Make sure to always take good care of it!	Cuide sempre muito bem dele!	novo
Yes, sir. \PN is actually helping me get my first Pokémon!	Sim, senhor. Na verdade, \PN está me ajudando a conseguir meu primeiro Pokémon!	novo
That's wonderful! I'm sure you'll find a wonderful partner Pokémon!	Que maravilha! Tenho certeza de que você vai encontrar um parceiro Pokémon maravilhoso!	novo
I happen to have a \C[1]\V[2]\C[0] here that could use a partner to look after it. Would you like it?	Por acaso tenho um \C[1]\V[2]\C[0] aqui que precisa de um parceiro para cuidar dele. Você gostaria de ficar com ele?	novo
\PN was actually helping me get my first Pokémon, thank you sir!	Na verdade, \PN estava me ajudando a conseguir meu primeiro Pokémon, obrigado, senhor!	novo
Take good care of it!	Cuide bem dele!	novo
Wally obtained a \V[2]!	Wally obteve um \V[2]!	novo
Take good care of this Pokémon, Wally!	Cuide bem deste Pokémon, Wally!	novo
Good luck catching Pokémon, Wally!	Boa sorte capturando Pokémon, Wally!	novo
It's a bunch of complex-looking equations!	É um monte de equações de aparência complicada!	novo
I forgot to tell \V[12]... You can simply buy \C[3]DNA Splicers\C[0] at any PokéMart. Go check out the one in Oldale Town!	Esqueci de contar para \V[12]... Você pode simplesmente comprar \C[3]DNA Splicers\C[0] em qualquer PokéMart. Vá dar uma olhada no de Oldale Town!	novo
It's crammed with books on Pokémon.	Está abarrotado de livros sobre Pokémon.	novo
This coffee is still hot!	Este café ainda está quente!	novo
Looks like this coffee has gone cold!	Parece que este café esfriou!	novo
... And it was already fused! But it ran away before I could catch it.	... E ele já estava fundido! Mas fugiu antes que eu pudesse capturá-lo.	novo
I see, it sounds like it was an interesting encounter.	Entendo, parece que foi um encontro interessante.	novo
This fused Pokémon that you saw may very well have been that same one that stole the \C[3]DNA Splicers\C[0] from my bag!	Esse Pokémon fundido que você viu pode muito bem ter sido o mesmo que roubou os \C[3]DNA Splicers\C[0] da minha bolsa!	novo
Or it might've been a different fusion!	Ou pode ter sido uma fusão diferente!	novo
Fused Pokémon have always existed in the wild as a result of rare genetic mutations.	Pokémon fundidos sempre existiram na natureza como resultado de mutações genéticas raras.	novo
But they have become increasingly common ever since \C[3]DNA Splicers\C[0] became commonplace with Pokémon trainers.	Mas eles têm ficado cada vez mais comuns desde que os \C[3]DNA Splicers\C[0] se popularizaram entre os treinadores Pokémon.	novo
One of my goals is to study this new phenomenon.	Um dos meus objetivos é estudar esse novo fenômeno.	novo
So, \PN, I heard that you beat \V[12] on your first try. That's excellent!	Então, \PN, ouvi dizer que você venceu \V[12] logo na primeira tentativa. Excelente!	novo
So, \PN, I heard that you and \V[12] had a friendly battle!	Então, \PN, ouvi dizer que você e \V[12] tiveram uma batalha amistosa!	novo
It can be hard to win against other Trainers, but I can tell that you have what it takes.	Pode ser difícil vencer outros Treinadores, mas dá para ver que você tem o que é preciso.	novo
\V[12]'s been helping with my research for a long time.	\V[12] ajuda nas minhas pesquisas há muito tempo.	novo
\V[12] has an extensive history as a Trainer already.	\V[12] já tem uma longa experiência como Treinador.	novo
Here, \PN, I ordered this for my research, but I think you should have this \C[1]Pokédex\C[0].	Aqui, \PN, eu encomendei isto para a minha pesquisa, mas acho que você deve ficar com esta \C[1]Pokédex\C[0].	novo
The Pokédex is a high-tech tool that automatically makes a record of any Pokémon you meet or catch.	A Pokédex é uma ferramenta de alta tecnologia que registra automaticamente qualquer Pokémon que você encontrar ou capturar.	novo
Even fused Pokémon are recorded in it! Of course, there are thousands upon thousands of possible combinations.	Até Pokémon fundidos são registrados nela! Claro, existem milhares e milhares de combinações possíveis.	novo
Oh wow, \PN! You got a Pokédex too!	Uau, \PN! Você também ganhou uma Pokédex!	novo
That's great! Just like me! Oh, I've got something for you too!	Que ótimo! Igual a mim! Ah, também tenho uma coisa para você!	novo
If you get more Pokémon, you can fuse them together with these new \C[3]DNA Splicers\C[0] apparently.	Se você conseguir mais Pokémon, pelo jeito dá para fundi-los com esses novos \C[3]DNA Splicers\C[0].	novo
I've got to get my hands on some!	Eu preciso conseguir alguns!	novo
I'll see you later, \PN. Bye, Dad!	Até mais, \PN. Tchau, pai!	novo
Hunh? Prof. Birch?	Hã? O Prof. Birch?	novo
The prof's away on fieldwork. Ergo, he isn't here.	O professor está fora em trabalho de campo. Logo, ele não está aqui.	novo
The prof isn't one for doing desk work. He's the type of person who would rather go outside and experience things than read about them here.	O professor não é de ficar no escritório. Ele é o tipo de pessoa que prefere sair e vivenciar as coisas do que ler sobre elas aqui.	novo
Prof. Birch specializes in studying the habitats and distribution of Pokémon.	O Prof. Birch é especialista em estudar os habitats e a distribuição dos Pokémon.	novo
More recently, he has also been researching wild fused Pokémon that seem to have become more common.	Mais recentemente, ele também tem pesquisado Pokémon fundidos selvagens, que parecem ter ficado mais comuns.	novo
It's a book on Pokémon biology! It's showing a diagram of a Wurmple with Zigzagoon ears.	É um livro de biologia Pokémon! Ele mostra um diagrama de um Wurmple com orelhas de Zigzagoon.	novo
Oh another new trainer! Let's battle!	Ah, outro treinador novato! Vamos batalhar!	novo
See these patches of flowery grass scattered around here?	Está vendo esses trechos de mato florido espalhados por aqui?	novo
There are certain Pokémon that are only found in \C[1]special grass patches\C[0] like these.	Há certos Pokémon que só são encontrados em \C[1]trechos de mato especiais\C[0] como estes.	novo
Oricorio, for instance only ever shows up in those flowers patches here!	O Oricorio, por exemplo, só aparece nesses trechos de flores daqui!	novo
... That's what I heard anyway. But I haven't had any luck finding one.	... Pelo menos foi o que ouvi dizer. Mas não tive sorte em encontrar um.	novo
Do you want to help me out and see if the rumors are true?	Quer me ajudar a ver se os boatos são verdadeiros?	novo
I'll keep looking!	Vou continuar procurando!	novo
They say that Oricorio only shows up in these flowery patches of grass.	Dizem que o Oricorio só aparece nesses trechos de mato florido.	novo
I'm sure that one will come up eventually!	Tenho certeza de que um vai aparecer uma hora!	novo
That's it! Oh, this means that Oricorio fusions can show up too!	É isso! Ah, isso quer dizer que fusões de Oricorio também podem aparecer!	novo
That's it! What a pretty Pokémon!	É isso! Que Pokémon lindo!	novo
Thanks for helping me out, here's a little something!	Obrigado pela ajuda, aqui está uma coisinha!	novo
There are other types of special grass too! Try to look out for it!	Também existem outros tipos de mato especial! Fique de olho!	novo
Trainer Tips: If a Pokémon has multiple possible sprites available, the game will randomly select one when you encounter it.	Dica de Treinador: Se um Pokémon tiver vários sprites disponíveis, o jogo escolhe um aleatoriamente quando você o encontra.	novo
You can use the Pokédex to select which of the sprites can and cannot be randomly selected.	Você pode usar a Pokédex para escolher quais sprites podem ou não ser selecionados aleatoriamente.	novo
This Flower Shop started selling saplings recently. It made me so happy, I went overboard shopping.	Esta Floricultura começou a vender mudas recentemente. Fiquei tão feliz que exagerei nas compras.	novo
I don't need this White Herb anymore. Would you take it, please?	Não preciso mais desta White Herb. Você aceitaria, por favor?	novo
Yo! I like to shout my lungs out! It feels so good!	Ô! Eu adoro gritar a plenos pulmões! É tão bom!	novo
You can have this, so you try it out!	Pode ficar com isto, para você experimentar!	novo
Use it on a Pokémon, and it will learn a move that attacks with its voice.	Use num Pokémon e ele vai aprender um golpe que ataca com a voz.	novo
If the move is used several times in a row, it becomes more powerful!	Se o golpe for usado várias vezes seguidas, ele fica mais poderoso!	novo
IF THE MOVE IS USED SEVERAL TIMES IN A ROW, IT BECOMES MORE POWERFUL!!	SE O GOLPE FOR USADO VÁRIAS VEZES SEGUIDAS, ELE FICA MAIS PODEROSO!!	novo
My favourite move is \C[1]Echoed Voice\C[0]! <o=200><fs=24>Echoed Voice!</fs></o>	Meu golpe favorito é \C[1]Echoed Voice\C[0]! <o=200><fs=24>Echoed Voice!</fs></o>	novo
If the move is used several times in a row, it becomes more powerful! <o=200><fs=24>powerful!</fs></o>	Se o golpe for usado várias vezes seguidas, ele fica mais poderoso! <o=200><fs=24>poderoso!</fs></o>	novo
Come, I'll show you how it works!	Venha, vou te mostrar como funciona!	novo
Woah! You totally outsmarted my clever strategies!	Uau! Você passou a perna em todas as minhas estratégias espertas!	novo
Here, I'll heal up your Pokémon.	Aqui, vou curar seus Pokémon.	novo
You're no fun! \n<o=200><fs=24>You're no fun!</fs></o>	Você é sem graça! \n<o=200><fs=24>Sem graça!</fs></o>	novo
You got it! Which of your Pokémon wants to learn \C[1]\V[4]\C[0]?	Pode deixar! Qual dos seus Pokémon quer aprender \C[1]\V[4]\C[0]?	novo
Heeheeh! We followed you here!	Hihihi! A gente te seguiu até aqui!	novo
I don't believe it... Green Marill DO exist!!	Não acredito... Marill verdes EXISTEM mesmo!!	novo
I'm so sorry, little brother! I shouldn't have doubted you!	Me desculpe, irmãozinho! Eu não devia ter duvidado de você!	novo
This goes to show that we should never assume we know everything about Pokémon.	Isso mostra que nunca devemos achar que sabemos tudo sobre Pokémon.	novo
Thank you for believing in my little brother. Here's a little something for you.	Obrigado por acreditar no meu irmãozinho. Aqui está uma coisinha para você.	novo
Trainer Tips: The Level Caps option in the options menu will prevent your Pokémon from levelling past the next Gym Leader's level.	Dica de Treinador: A opção Limite de Nível no menu de opções impede que seus Pokémon passem do nível do próximo Gym Leader.	novo
Use it if you're looking for an extra challenge!	Use se estiver procurando um desafio extra!	novo
Flower Shop	Floricultura	novo
If you see berries growing in soft soil, feel free to take them.	Se vir Berries crescendo em terra fofa, fique à vontade para pegá-las.	novo
But make sure you plant a Berry in the same spot. That's common courtesy.	Mas não deixe de plantar uma Berry no mesmo lugar. É questão de educação.	novo
Here, I'll share this with you.	Aqui, vou dividir isto com você.	novo
The way you look, you must be a trainer, no?	Pelo seu jeito, você deve ser um treinador, não é?	novo
Trainers often make Pokémon hold Berries.	Treinadores costumam fazer seus Pokémon segurarem Berries.	novo
It's up to you whether to grow Berries or use them.	Você decide se vai cultivar as Berries ou usá-las.	novo
\V[2]	\V[2]	novo
\V[1] fled ...	\V[1] fugiu ...	novo
Woah, I can buy DNA Splicers in here?	Uau, dá para comprar DNA Splicers aqui?	novo
Maybe I can finally beat Roxanne if I stock up on enough potions!	Talvez eu finalmente consiga vencer a Roxanne se estocar Potions suficientes!	novo
It looks like the PokéMart has expanded its selection since I got my last Gym Badge!	Parece que o PokéMart aumentou a variedade desde que ganhei minha última Gym Badge!	novo
I lost all of my Pokéballs trying to catch Pokémon at the beach. Now I gotta get some more!	Perdi todas as minhas Pokéballs tentando capturar Pokémon na praia. Agora preciso comprar mais!	novo
I need to buy a new Cell Battery to charge my Pokémon!	Preciso comprar uma Cell Battery nova para carregar meu Pokémon!	novo
They don't sell any items that will let you win contests...	Eles não vendem nenhum item que faça você ganhar concursos...	novo
It means you have to raise Pokémon diligently on an everyday basis.	Isso quer dizer que você tem que criar seus Pokémon com dedicação todos os dias.	novo
I haven't received any other gifts for you.	Não recebi nenhum outro presente para você.	novo
Norman actually lives in Littleroot Town, not here in Petalburg. Maybe housing was more affordable over there?	Na verdade, o Norman mora em Littleroot Town, não aqui em Petalburg. Talvez as casas fossem mais baratas por lá?	novo
It must be quite the commute every day!	Deve ser um baita trajeto todo dia!	novo
I heard they're digging a tunnel to Verdanturf Town. Won't that be something?	Ouvi dizer que estão cavando um túnel até Verdanturf Town. Não vai ser incrível?	novo
When your Pokémon learns a new move, you can replace any of its current moves, even HMs!	Quando seu Pokémon aprende um golpe novo, você pode substituir qualquer um dos golpes atuais, até HMs!	novo
Why not do some self-imposed challenges to improve your skills as a trainer?	Por que não fazer alguns desafios por conta própria para melhorar suas habilidades como treinador?	novo
Maybe challenge yourself to not use healing items or to never revive fainted Pokémon... There are so many possibilities!	Talvez se desafiar a não usar itens de cura ou a nunca reviver Pokémon desmaiados... Há tantas possibilidades!	novo
Apparently, there are some moves that can control the weather.	Aparentemente, existem alguns golpes que conseguem controlar o clima.	novo
I wonder what they are...	Fico imaginando quais são...	novo
Woah! Cool clothes! You're such a trendsetter!	Uau! Que roupas legais! Você é um lançador de tendências!	novo
Back in the day, people flocked to Verdanturf from all over to participate in Pokémon contests.	Antigamente, as pessoas vinham de todo lugar até Verdanturf para participar dos concursos Pokémon.	novo
But now they've opened Contest Halls in other cities too, so it's less busy here.	Mas agora abriram Salões de Concursos em outras cidades também, então aqui está mais tranquilo.	novo
\PN! How's your adventure going?	\PN! Como está indo sua aventura?	novo
Congratulations on beating the first release! Here's a little gift to celebrate!	Parabéns por concluir a primeira versão! Aqui está um presentinho para comemorar!	novo
Oh, me? I'm staying here in Mauville City for a bit.	Ah, eu? Vou ficar aqui em Mauville City por um tempo.	novo
I need to train hard before I can take on Wattson! Actually, do you want to help me?	Preciso treinar pesado antes de enfrentar o Wattson! Na verdade, quer me ajudar?	novo
Trade Offer	Oferta de Troca	novo
Hat Swap!	Troca de Chapéus!	novo
Okay, I'll catch you later then!	Certo, a gente se vê depois, então!	novo
You want to swap hats? How fun!	Quer trocar de chapéu? Que divertido!	novo
Okay, let's do it!	Certo, vamos lá!	novo
Thanks! This looks so cool!	Valeu! Isso ficou muito legal!	novo
I'm lucky to have a friend with such a great sense of style, haha!	Tenho sorte de ter um amigo com tanto estilo, haha!	novo
Hello! Is this your first visit to a Pokémon Center?	Olá! É sua primeira visita a um Pokémon Center?	novo
If you bring us your injured Pokémon, we'll restore them to full health for free!	Se você nos trouxer seus Pokémon feridos, vamos restaurar a saúde deles por completo de graça!	novo
I need to register you in the system quickly. It'll just be a moment.	Preciso te cadastrar no sistema rapidinho. Só um momento.	novo
So your name is \C[1]\PN\C[0]? Perfect.	Então seu nome é \C[1]\PN\C[0]? Perfeito.	novo
And when is your birthday?	E quando é o seu aniversário?	novo
Oh! Happy birthday!	Ah! Feliz aniversário!	novo
Okay, we're all set! Now that this is taken care of, let's take care of your Pokémon!	Certo, está tudo pronto! Agora que isso está resolvido, vamos cuidar dos seus Pokémon!	novo
The challenge options you chose prevent you from using Pokémon Centers, I'm sorry!	As opções de desafio que você escolheu impedem o uso dos Pokémon Centers, sinto muito!	novo
If you didn't set it intentionally, you can change it in the options menu.	Se não foi intencional, você pode mudar isso no menu de opções.	novo
\^Hello, and welcome to the Pokémon Center. We restore your tired Pokémon to full health. \wt[2.5]	\^Olá, e bem-vindo ao Pokémon Center. Restauramos a saúde dos seus Pokémon cansados. \wt[2.5]	novo
Wow! You've healed your Pokémon at a Pokémon Center 50 times!	Uau! Você já curou seus Pokémon em um Pokémon Center 50 vezes!	novo
Here's a small token of recognition.	Aqui está uma pequena lembrança como reconhecimento.	novo
Wow! You've healed your Pokémon at a Pokémon Center 100 times!	Uau! Você já curou seus Pokémon em um Pokémon Center 100 vezes!	novo
You're a true regular! Here's a token of recognition.	Você é um verdadeiro cliente fiel! Aqui está uma lembrança como reconhecimento.	novo
... You know, Verdanturf Town is very quiet. There aren't many Trainers around.	... Sabe, Verdanturf Town é muito quieta. Não há muitos Treinadores por aqui.	novo
I get a little bit bored sometimes, to tell the truth.	Para falar a verdade, às vezes fico um pouco entediado.	novo
If you want, I'd like to have a Pokémon battle with you to break the monotony. What do you say?	Se quiser, eu gostaria de ter uma batalha Pokémon com você para quebrar a monotonia. O que me diz?	novo
Please meet me in the meadow behind the Pokémon Center if you're up to it.	Me encontre no campo atrás do Pokémon Center, se estiver a fim.	novo
Devon Corporation is here in Rustboro City.	A Devon Corporation fica aqui em Rustboro City.	novo
They make an awful lot of pollution. Do you think they're hiding something?	Eles poluem muito. Você acha que estão escondendo alguma coisa?	novo
You can get a lot of different Pokémon by fishing, even with an Old Rod. Did you know that?	Dá para conseguir vários Pokémon diferentes pescando, mesmo com uma Old Rod. Sabia disso?	novo
I used the Trainer Card printer upstairs to customize my Trainer Card.	Usei a impressora de Trainer Card lá em cima para personalizar meu Trainer Card.	novo
Look at how crazy it looks now!	Olha como ele ficou maluco agora!	novo
Do you think I could eat a Pokéblock if I get hungry?	Você acha que eu poderia comer um Pokéblock se ficar com fome?	novo
\V[6]	\V[6]	novo
yagou	yagou	novo
Yo! Have you heard of the Exp. Lab?	Ô! Já ouviu falar do Exp. Lab?	novo
It's lab here in Mauville that takes Pokémon's experience and converts it into candy!	É um laboratório aqui em Mauville que pega a experiência dos Pokémon e transforma em doces!	novo
I want to try it, but my Pokémon don't have enough experience...	Quero experimentar, mas meus Pokémon não têm experiência suficiente...	novo
If you give me one \C[1]Exp. Candy\C[0], I'll give you this rare \C[1]Pokémon egg\C[0] I found in exchange, deal?	Se você me der um \C[1]Exp. Candy\C[0], eu te dou em troca este \C[1]ovo de Pokémon\C[0] raro que encontrei, combinado?	novo
You want to give me this \C[1]Exp. Candy\C[0]?	Você quer me dar este \C[1]Exp. Candy\C[0]?	novo
\PN handed the Exp. Candy	\PN entregou o Exp. Candy	novo
Thanks! I can't wait to munch on this candy!	Valeu! Mal posso esperar para devorar este doce!	novo
Agh! Way to flaunt it in my face!	Argh! Precisava esfregar na minha cara?	novo
No need to be rude...	Não precisa ser grosso...	novo
What do you mean, Exp. Candies are for Pokémon? I wanted to try it myself!	Como assim, Exp. Candies são para Pokémon? Eu queria experimentar!	novo
While you're not in a battle, Pokémon can remember any of the moves they've known before.	Fora de batalha, os Pokémon conseguem relembrar qualquer golpe que já souberam antes.	novo
...And done!	...E pronto!	novo
Okay, nurse. Everything's ready. It should be all set up now!	Certo, enfermeira. Está tudo pronto. Agora deve estar tudo configurado!	novo
Oh, I'm sorry. Are you a Pokémon Trainer?	Ah, desculpe. Você é um Treinador Pokémon?	novo
I'm Lanette, I'm a computer expert! I just finished installing a new feature to the Pokémon Center PCs.	Sou a Lanette, especialista em computadores! Acabei de instalar um recurso novo nos PCs do Pokémon Center.	novo
I call it... The \C[1]Transfer Box\C[0]!	Eu chamo de... \C[1]Caixa de Transferência\C[0]!	novo
It's a special box that can be installed in your PC that allows you to freely transfer Pokémon with trainers all the way in the \C[1]Kanto region\C[0]!	É uma caixa especial que pode ser instalada no seu PC e que permite transferir Pokémon livremente com treinadores lá da \C[1]região de Kanto\C[0]!	novo
Well, that's the plan anyway, I still need to talk to Bill first.	Bom, pelo menos esse é o plano, ainda preciso falar com o Bill primeiro.	novo
That's something that interests you, am I right?	Isso te interessa, acertei?	novo
Well, it's already installed if you want to give it a try!	Bem, ela já está instalada se quiser experimentar!	novo
It should be the very last box in your Pokémon Storage.	Deve ser a última caixa do seu Armazenamento de Pokémon.	novo
Well, I better get going. I need to make sure it's installed in every Pokémon Center!	Bom, é melhor eu ir. Preciso garantir que ela esteja instalada em todos os Pokémon Centers!	novo
Maybe I'll see you around!	Talvez a gente se veja por aí!	novo
\GFor $500, I can teach a move to one of your Pokémon.	\GPor $500, posso ensinar um golpe a um dos seus Pokémon.	novo
\GIf your Pokémon need to learn a move, come back anytime!	\GSe seus Pokémon precisarem aprender um golpe, volte quando quiser!	novo
Have you been able to get your hands on DNA Splicers yet? I heard they can make your Pokémon super strong!	Você já conseguiu pôr as mãos em DNA Splicers? Ouvi dizer que eles deixam seus Pokémon superfortes!	novo
There is an old fisherman that lives just outside the city.	Tem um velho pescador que mora logo ao lado da cidade.	novo
Sometimes he offers to ferry trainers between here and Dewford Town.	Às vezes ele se oferece para levar treinadores de barco daqui até Dewford Town.	novo
If you rematch a trainer enough, they'll surely want to trade Pokémon with you!	Se você revanchear um treinador vezes suficientes, com certeza ele vai querer trocar Pokémon com você!	novo
Rare Pokémon show up under the Cycling Road when it's foggy out!	Pokémon raros aparecem embaixo da Cycling Road quando tem neblina!	novo
If you catch more Pokémon than you can hold, you can retrieve them from the PC over there!	Se você capturar mais Pokémon do que consegue carregar, pode pegá-los no PC ali!	novo
Someone put up some red tents up North. Who would want to camp in a place like this?	Alguém montou umas barracas vermelhas lá no Norte. Quem iria querer acampar num lugar desses?	novo
Wow. You really walked out dressed like that?	Uau. Você saiu mesmo vestido assim?	novo
The plant is staring back at you. How strange!	A planta está te encarando de volta. Que estranho!	novo
Hello there! You have to get a Gym badge before you're allowed to make a Wonder Trade.	Olá! Você precisa conseguir uma Gym Badge antes de poder fazer uma Wonder Trade.	novo
You can get free WonderTrade Tickets by defeating Gym Leaders, but you can also buy additional ones from my colleague.	Você pode ganhar WonderTrade Tickets de graça derrotando Gym Leaders, mas também pode comprar mais com meu colega.	novo
Premium	Premium	novo
Standard	Padrão	novo
\GWould you like to purchase more Wonder Trade tickets?	\GGostaria de comprar mais tickets de Wonder Trade?	novo
Buy a ticket ($8,000)	Comprar um ticket ($8,000)	novo
This special version of Showdown was created by the Pokéathlon team specially for Pokémon Infinite Fusion.	Esta versão especial do Showdown foi criada pela equipe do Pokéathlon especialmente para Pokémon Infinite Fusion.	novo
Pokémon Infinite Fusion Discord	Discord do Pokémon Infinite Fusion	novo
Pokéathlon Discord	Discord do Pokéathlon	novo
View the game's credits?	Ver os créditos do jogo?	novo
View Credits	Ver Créditos	novo
Okay nurse. Everything's ready, it should be all set up now!	Certo, enfermeira. Está tudo pronto, agora deve estar tudo configurado!	novo
Hey, happy birthday! You should go back home and celebrate with your family for the day!	Ei, feliz aniversário! Você devia voltar para casa e comemorar o dia com sua família!	novo
You should treat your Pokémon to a new move for your birthday!	Você devia presentear seu Pokémon com um golpe novo no seu aniversário!	novo
Whenever it's my birthday, I always go home and kick back with my family for the day.	Sempre que é meu aniversário, eu vou para casa e passo o dia relaxando com a minha família.	novo
Don't you hate it when it rains on your birthday?	Não é chato quando chove no seu aniversário?	novo
Happy birthday, matey!	Feliz aniversário, marujo!	novo
Go catch yerself a nice water-type Pokémon!	Vá capturar um belo Pokémon do tipo Water!	novo
Happy birthday! Treat yourself to a new trainer card background from the printer upstairs for the occasion!	Feliz aniversário! Para a ocasião, se presenteie com um fundo de trainer card novo da impressora lá em cima!	novo
Treat yourself to a Pokéblock for your birthday!	Se presenteie com um Pokéblock no seu aniversário!	novo
Happy birthday, \PN!\wt[2.5]	Feliz aniversário, \PN!\wt[2.5]	novo
The challenge options you chose prevent you from using Pokémon Centers. I can't make an exception, even on your birthday. I'm sorry!	As opções de desafio que você escolheu impedem o uso dos Pokémon Centers. Não posso abrir uma exceção, nem no seu aniversário. Sinto muito!	novo
Happy birthday! I'm the Move Teacher.	Feliz aniversário! Eu sou o Professor de Golpes.	novo
\GI can teach a move to one of your Pokémon. Since it's your birthday, it's free for you today!	\GPosso ensinar um golpe a um dos seus Pokémon. Como é seu aniversário, hoje é de graça para você!	novo
Pokémon can remember any of the moves they've known at one point before while you're not in a battle.	Fora de batalha, os Pokémon conseguem relembrar qualquer golpe que já souberam em algum momento.	novo
Kyuuu!	Kyuuu!	novo
Wurmple is happy and dancing!	O Wurmple está feliz e dançando!	novo
I've had many birthdays. I hope yours is special this year.	Já tive muitos aniversários. Espero que o seu seja especial este ano.	novo
You should treat yourself for your birthday and get yourself a pair of DNA Splicers!	Você devia se dar um presente de aniversário e comprar um par de DNA Splicers!	novo
Wow, I wish the Pokémon Center went all out like this for my birthday too!	Uau, queria que o Pokémon Center caprichasse assim no meu aniversário também!	novo
Hey! I got this birthday gift for you!	Ei! Comprei este presente de aniversário para você!	novo
This stone is so hard that it boosts the power of Rock-type Pokémon. It's the perfect birthday gift!	Esta pedra é tão dura que aumenta o poder dos Pokémon do tipo Rock. É o presente de aniversário perfeito!	novo
Happy birthday! So, how old are you today?	Feliz aniversário! E então, quantos anos você está fazendo hoje?	novo
Happy birthday! Have this little gift!	Feliz aniversário! Tome este presentinho!	novo
Use these to catch a bunch of Pokémon, then retrieve them from the PC over there!	Use estes para capturar um monte de Pokémon, depois pegue-os no PC ali!	novo
Someone put up some red tents up North. Maybe they're planning something for your birthday.	Alguém montou umas barracas vermelhas lá no Norte. Talvez estejam preparando algo para o seu aniversário.	novo
MURH!	MURH!	novo
Somebody! Help me!	Alguém! Me ajude!	novo
You! Do you have a musical instrument?	Você! Tem algum instrumento musical?	novo
They don't want to use machinery to not disturb the Pokémon. I'll get this tunnel finished one way or another...	Eles não querem usar máquinas para não perturbar os Pokémon. Vou terminar este túnel de um jeito ou de outro...	novo
What, you want a piece of me? Come and get some, then!	O que foi, quer briga? Então vem!	novo
Grahh! This is going up in smoke!	Grahh! Está tudo virando fumaça!	novo
This hostage Pokémon is worthless!	Este Pokémon refém não serve para nada!	novo
And to think I made a getaway... In this tunnel to nowhere!	E pensar que eu fugi... Para este túnel que não leva a lugar nenhum!	novo
So you want to battle me, huh?	Então você quer batalhar comigo, é?	novo
Heh. I suppose I'll make the most of this Pokémon.	Hehe. Acho que vou aproveitar ao máximo este Pokémon.	novo
Go, Poochyena!	Vai, Poochyena!	novo
And now I use this DNA Splicer...	E agora eu uso este DNA Splicer...	novo
Grii griiih...!	Grii griiih...!	novo
Now that it's fused with my Pokémon, it has to obey me! Hahaha!	Agora que está fundido com o meu Pokémon, ele tem que me obedecer! Hahaha!	novo
I'll force it to beat you up!	Vou obrigá-lo a te dar uma surra!	novo
This can't be right...	Isso não pode estar certo...	novo
The boss told me this would be a slick-and-easy job to pull.	O chefe me disse que seria um servicinho fácil e tranquilo.	novo
All I had to do was steal some package from Devon.	Era só eu roubar um pacote da Devon.	novo
Tch!\nYou want it back that badly, take it!	Tsc!\nSe quer tanto de volta, pega!	novo
You can keep that good-for-nothing Pokémon, too. I gotta go meet with the rest in Slateport City...	Pode ficar com esse Pokémon inútil também. Tenho que encontrar o resto do pessoal em Slateport City...	novo
Peeko? Is that you?	Peeko? É você?	novo
Oh my poor Peeko.. What have they done to you...	Ah, minha pobre Peeko.. O que fizeram com você...	novo
Maybe this will help you...	Talvez isto te ajude...	novo
Ah, that was a DNA Reverser, not a Splicer...	Ah, aquilo era um DNA Reverser, não um Splicer...	novo
Prrooo? Bork!	Prrooo? Bork!	novo
What? You like being a fusion?	O quê? Você gosta de ser uma fusão?	novo
Well I'll be.	Ora, veja só.	novo
Peeko is safe and happy, that's what matters.	A Peeko está segura e feliz, é isso que importa.	novo
I sincerely thank you! Peeko owes her life to you!	Agradeço sinceramente! A Peeko deve a vida a você!	novo
They call me Mr. Briney.	Me chamam de Mr. Briney.	novo
And you are?\n\PN, huh?	E você é?\n\PN, é?	novo
Well, \PN, if there's anything that troubles you, don't hesitate to tell me!	Bem, \PN, se algo te incomodar, não hesite em me contar!	novo
You can usually find me in my cottage by the sea near Petalburg Woods.	Normalmente você me encontra no meu chalé à beira-mar, perto de Petalburg Woods.	novo
Come, Peeko, we should make our way home.	Venha, Peeko, vamos voltar para casa.	novo
Your trumpet is too loud. It appears to be disturbing the \C[1]Whismur\C[0]...	Seu trompete está alto demais. Parece estar incomodando os \C[1]Whismur\C[0]...	novo
A distraction! This is my chance to get away!	Uma distração! É a minha chance de fugir!	novo
There! The exit to Verdanturf Town!	Ali! A saída para Verdanturf Town!	novo
The \C[1]Whismur\C[0] are in an uproar! Run!	Os \C[1]Whismur\C[0] estão em alvoroço! Corra!	novo
Every time I start playing, they all go crazy...	Toda vez que começo a tocar, eles ficam malucos...	novo
Oh, are you looking for \C[1]Evergrande City\C[0] too?	Ah, você também está procurando \C[1]Evergrande City\C[0]?	novo
Oh, you're not even a musician! Do you even know about the Evergrande City \C[1]Trumpet Festival \C[0]?	Ah, você nem é músico! Você ao menos conhece o \C[1]Festival do Trompete \C[0]de Evergrande City?	novo
I came all the way from the Kanto region to take part in it... But I've gotten a little bit lost as you can see.	Vim lá da região de Kanto para participar... Mas me perdi um pouco, como você pode ver.	novo
Pii pihyoh!	Pii pihyoh!	novo
Wow! You shattered that boulder blocking the way!	Uau! Você despedaçou aquela pedra que bloqueava o caminho!	novo
You did all my work for me! I appreciate that. As a token if my gratitude, I'd like you to have this HM.	Você fez todo o meu trabalho por mim! Agradeço muito. Como sinal da minha gratidão, quero que fique com esta HM.	novo
If you have a muscular Pokémon, teach it that move, and it will be able to move even large boulders.	Se você tiver um Pokémon musculoso, ensine esse golpe a ele, e ele vai conseguir mover até pedras enormes.	novo
Ah! I finally shattered that boulder blocking the way!	Ah! Finalmente despedacei aquela pedra que bloqueava o caminho!	novo
Wanda! Now I can see you anytime!	Wanda! Agora posso te ver quando quiser!	novo
That's... wonderful...!	Isso é... maravilhoso...!	novo
Please, come rest at my home.	Por favor, venha descansar na minha casa.	novo
Ah, the acoustics are great in here. It should be perfect for practicing!	Ah, a acústica aqui é ótima. Deve ser perfeita para praticar!	novo
Oh, hello there... Did you come to listen to me play?	Ah, olá... Você veio me ouvir tocar?	novo
Woah, woah! Calm down!	Opa, opa! Calma!	novo
Let me out of here! Somebody help!!!	Me tirem daqui! Alguém me ajude!!!	novo
On the other side of this rock... My boyfriend labors day after day.	Do outro lado desta rocha... Meu namorado trabalha dia após dia.	novo
He's... he's not just digging this tunnel to come see me. He works for the benefit of everyone.	Ele... ele não está cavando este túnel só para vir me ver. Ele trabalha pelo bem de todos.	novo
Harvest its spores?	Coletar os esporos?	novo
\PN harvested some spores from the mushroom.	\PN coletou alguns esporos do cogumelo.	novo
It's a large, bulbous mushroom. Its spores have already been harvested.	É um cogumelo grande e bulboso. Os esporos dele já foram coletados.	novo
Hmmm...\nFusions seem to be uncommon in the wild...	Hmmm...\nFusões parecem ser raras na natureza...	novo
Hello, have you seen any Pokémon called Shroomish around here? What about Shroomish fusions?	Olá, você viu algum Pokémon chamado Shroomish por aqui? E fusões de Shroomish?	novo
I really love that Pokémon; it always looks so funny when fused.	Eu adoro esse Pokémon; ele sempre fica tão engraçado quando é fundido.	novo
Hey you! Devon guy!	Ei, você! Cara da Devon!	novo
I was going to ambush you, but you had to dawdle in Petalburg Woods forever, didn't you?	Eu ia te emboscar, mas você tinha que ficar enrolando em Petalburg Woods para sempre, né?	novo
Well, I got sick of waiting.	Bom, cansei de esperar.	novo
Hand over those papers!	Passe esses papéis para cá!	novo
Aiyeeeh!	Aiiiii!	novo
You're a Pokémon Trainer, aren't you? You've got to help me, please!	Você é um Treinador Pokémon, não é? Você tem que me ajudar, por favor!	novo
Hunh? What do you think you're doing? What, you're going to protect him?	Hã? O que você pensa que está fazendo? O quê, vai proteger ele?	novo
No one who crosses Team Magma gets any mercy, especially not a dumb kid like you!	Ninguém que atravessa o caminho da Team Magma recebe piedade, principalmente um pirralho como você!	novo
No one who crosses Team Magma gets any mercy, especially not a crusty old fogey like you!	Ninguém que atravessa o caminho da Team Magma recebe piedade, principalmente um velho rabugento como você!	novo
Come on and battle me!	Venha batalhar comigo!	novo
Grrr... You've got some nerve meddling with Team Magma! Come on and battle me again!	Grrr... Você tem coragem de se meter com a Team Magma! Venha batalhar comigo de novo!	novo
I wish I could say that, but I'm out of Pokémon...	Eu bem que queria dizer isso, mas fiquei sem Pokémon...	novo
And, hey, we Team Magma have something to do in Rustboro.	E, olha, nós da Team Magma temos algo para fazer em Rustboro.	novo
So I'll be nice and let you go today!	Então vou ser bonzinho e te deixar ir hoje!	novo
Whew...\nThat was awfully close!	Ufa...\nEssa foi por muito pouco!	novo
Thanks to you, he didn't rob me of these important papers.	Graças a você, ele não roubou esses papéis importantes.	novo
I know, I'll give you a Great Ball as my thanks!	Já sei, vou te dar uma Great Ball como agradecimento!	novo
Didn't that Team Magma thug say they were after something in Rustboro, too?	Aquele capanga da Team Magma não disse que estavam atrás de algo em Rustboro também?	novo
O-oh no! This is bad! I have to go!	A-ah, não! Isso é ruim! Preciso ir!	novo
Oh... There are more wild Pokémon than anticipated. I'm totally cornered here!	Ah... Há mais Pokémon selvagens do que eu esperava. Estou totalmente encurralado!	novo
You! I need your help!	Você! Preciso da sua ajuda!	novo
I was collecting spore samples for my research, but I keep getting attacked by wild Pokémon!	Eu estava coletando amostras de esporos para minha pesquisa, mas Pokémon selvagens não param de me atacar!	novo
I still have more samples to collect, but I'm stuck here! Won't you please help me?	Ainda tenho mais amostras para coletar, mas estou preso aqui! Você poderia me ajudar, por favor?	novo
Fantastic! I need to collect \C[1]4 spore samples\C[0] from those \C[1]large mushrooms\C[0] that grow here in the woods.	Fantástico! Preciso coletar \C[1]4 amostras de esporos\C[0] daqueles \C[1]cogumelos grandes\C[0] que crescem aqui na floresta.	novo
They should be easy enough to find, but you'll need to be mindful of the wild Pokémon...	Devem ser bem fáceis de encontrar, mas você vai precisar tomar cuidado com os Pokémon selvagens...	novo
Please.... I really need your help.	Por favor.... Preciso muito da sua ajuda.	novo
Did you find the 4 spore samples I need yet?	Já encontrou as 4 amostras de esporos de que preciso?	novo
\PN handed the \C[1]Mossy spores\C[0].	\PN entregou os \C[1]esporos musgosos\C[0].	novo
Incredible! I hope it did not give you too much trouble!	Incrível! Espero que não tenha dado muito trabalho!	novo
These spores can actually be condensed to make \C[1]wild Pokémon repellants\C[0]. This is what my research is about!	Na verdade, esses esporos podem ser condensados para fazer \C[1]repelentes de Pokémon selvagens\C[0]. É sobre isso a minha pesquisa!	novo
It's as simple as that! You can do it directly in your bag too, but have this!	Simples assim! Você também pode fazer isso direto na sua bolsa, mas fique com isto!	novo
With this on, I'll be able to make it back to Rustboro City without a hitch!	Com isto, vou conseguir voltar para Rustboro City sem problemas!	novo
See ya around!	Até mais!	novo
You can harvest the spores from these large mushrooms that are found all over the woods. Just be mindful of wild Pokémon.	Você pode coletar os esporos destes cogumelos grandes encontrados por toda a floresta. Só tome cuidado com os Pokémon selvagens.	novo
Its spores have already been harvested.	Os esporos dele já foram coletados.	novo
Ack, I lost my glasses...!	Ai, perdi meus óculos...!	novo
Can you help me find them?	Você pode me ajudar a encontrá-los?	novo
Come on, pal. I need your help!	Vamos lá, amigo. Preciso da sua ajuda!	novo
Those Glasses! May I see them for a second?	Esses óculos! Posso dar uma olhada rapidinho?	novo
Oh, they look just like my glasses! Will you give them to me?	Ah, eles são iguaizinhos aos meus óculos! Você me dá eles?	novo
Ah yes, this so so much better!	Ah, sim, assim está muito, muito melhor!	novo
Here's a little something for helping me out.	Aqui está uma coisinha por ter me ajudado.	novo
I'm not joking around, pal. I can't see a thing!	Não estou brincando, amigo. Não consigo enxergar nada!	novo
Hmm... These are Blackglasses, they're not what I'm looking for.	Hmm... Estes são Blackglasses, não são o que estou procurando.	novo
Well, I guess you can keep them. Thanks for trying to help anyway.	Bom, acho que você pode ficar com eles. Obrigado por tentar ajudar mesmo assim.	novo
I can't see a thing... Please help me find my glasses!	Não consigo enxergar nada... Por favor, me ajude a encontrar meus óculos!	novo
Thanks for helping me find my glasses! I can finally see all of these Whismur tracks.	Obrigado por me ajudar a encontrar meus óculos! Finalmente consigo ver todas essas pegadas de Whismur.	novo
Rusturf Tunnel\n"Linking Rustboro and Verdanturf"	Rusturf Tunnel\n"Ligando Rustboro e Verdanturf"	novo
A handwritten note is taped to the sign:	Há um bilhete escrito à mão colado na placa:	novo
"The tunnel project has been canceled."	"O projeto do túnel foi cancelado."	novo
Tunnelers' Rest House	Casa de Descanso dos Escavadores	novo
Ohhh, what am I to do?	Ahhh, o que eu faço?	novo
We were on our walk, Peeko and I, when we were jumped by an odd thug...	Estávamos passeando, a Peeko e eu, quando fomos atacados por um bandido estranho...	novo
The scoundrel made off my with darling Peeko!	O canalha fugiu com a minha querida Peeko!	novo
Wrrrooooooaaar! PEEKO!	Wrrrooooooaaar! PEEKO!	novo
What should we sneak into the game?	O que a gente devia esconder no jogo?	novo
I dunno, what do you think Frog wouldn't notice?	Sei lá, o que você acha que o Frog não perceberia?	novo
This is the back of the sign. Something is scribbled on the back...	Este é o verso da placa. Tem algo rabiscado atrás...	novo
\c[1]Team Magma sux!	\c[1]Team Magma é um lixo!	novo
TRAINER TIPS	DICAS DE TREINADOR	novo
You can change the appearance of any Pokémon or Fusion in Summary Page!	Você pode mudar a aparência de qualquer Pokémon ou Fusão na página de Resumo!	novo
Fragile vegetation<br>Please be mindful.	Vegetação frágil<br>Por favor, tenha cuidado.	novo
Route 116\n<- Rustboro City	Route 116\n<- Rustboro City	novo
Grrrrrr!\nWhat's going on?	Grrrrrr!\nO que está acontecendo?	novo
That goofy goon hightailed it out of the tunnel! I can go back to digging!	Aquele capanga pateta saiu correndo do túnel! Posso voltar a cavar!	novo
Grrrrrr!	Grrrrrr!	novo
I want to dig that tunnel!	Eu quero cavar esse túnel!	novo
I was digging the tunnel with my bare hands, when some goon shoved me out!	Eu estava cavando o túnel com as minhas próprias mãos quando um capanga me empurrou para fora!	novo
That tunnel's filled with Pokémon that react badly to loud noises. They could cause an uproar.	Esse túnel está cheio de Pokémon que reagem mal a barulhos altos. Eles podem causar um alvoroço.	novo
That's why we stopped using heavy Pokémon for tunneling...	É por isso que paramos de usar Pokémon pesados para cavar túneis...	novo
I'm worried that the goon will do something stupid and startle the Pokémon into an uproar.	Tenho medo de que o capanga faça alguma besteira e assuste os Pokémon, causando um alvoroço.	novo
Hey, you.\nIt gets awfully dark ahead. It'll be tough trying to explore.	Ei, você.\nFica muito escuro mais adiante. Vai ser difícil explorar.	novo
That guy who came by earlier... Steven, I think it was.	Aquele cara que passou aqui antes... Steven, acho que era.	novo
He knew how to use \C[1]Flash\C[0], so he ought to be alright, but...	Ele sabia usar \C[1]Flash\C[0], então deve ficar bem, mas...	novo
Well, for us Hikers, helping out those that we meet is our motto.	Bom, para nós, Hikers, ajudar quem encontramos é o nosso lema.	novo
But first, you gotta beat me in a battle! What do you say?	Mas primeiro você tem que me vencer numa batalha! O que me diz?	novo
Here you go, I'll pass this on to you.	Aqui está, vou passar isto para você.	novo
Teach that Hidden Move, Flash, to a Pokémon and use it once it starts gettin' dark.	Ensine esse Hidden Move, Flash, a um Pokémon e use quando começar a escurecer.	novo
It lights up even the darkest of dark caves.	Ele ilumina até a mais escura das cavernas escuras.	novo
But, to use it, you need the \C[1]Gym Badge\C[0] from \C[0]Dewford's Pokémon Gym.	Mas, para usá-lo, você precisa da \C[1]Gym Badge\C[0] do \C[0]Ginásio Pokémon de Dewford.	novo
Strong Pokémon live in the darkness, you have to make sure that you're ready.	Pokémon fortes vivem na escuridão, você precisa ter certeza de que está preparado.	novo
But, to use it, you need the \C[1]Gym Badge\C[0] from Dewford's Pokémon Gym.	Mas, para usá-lo, você precisa da \C[1]Gym Badge\C[0] do Ginásio Pokémon de Dewford.	novo
He knew how to use Flash, so he ought to be alright.	Ele sabia usar Flash, então deve ficar bem.	novo
It's a cave painting depicting a giant ancient Pokémon wreaking havoc.	É uma pintura rupestre que mostra um gigantesco Pokémon ancestral causando destruição.	novo
It appears to command both the land and the sea.	Ele parece comandar tanto a terra quanto o mar.	novo
Hmmh...	Hmmh...	novo
Yes, this looks just like a fused Pokémon...	Sim, isso parece exatamente um Pokémon fundido...	novo
But this mural was painted thousands of years ago... This must mean...	Mas este mural foi pintado há milhares de anos... Isso deve significar que...	novo
Hmm?	Hm?	novo
You are...?	Você é...?	novo
Ah, I see. It's a pleasure to meet you, \PN.	Ah, entendo. É um prazer te conhecer, \PN.	novo
My apologies, my name is Steven.	Desculpe, meu nome é Steven.	novo
I'm interested in rare stones. I traveled here to look at this ancient mural. It is fascinating, don't you think?	Tenho interesse em pedras raras. Vim até aqui para ver este mural ancestral. É fascinante, não acha?	novo
Oh, you have a letter for me?	Ah, você tem uma carta para mim?	novo
\PN gave Steven the letter.	\PN entregou a carta ao Steven.	novo
Oh, thank you. It must have been some trouble to track me down. Let me repay you in some way.	Ah, obrigado. Deve ter dado trabalho me encontrar. Deixe-me retribuir de alguma forma.	novo
Let me see...	Deixe-me ver...	novo
Please accept this TM. It contains my favorite move, Steel Wing.	Por favor, aceite esta TM. Ela contém meu golpe favorito, Steel Wing.	novo
If you don't mind me asking...	Se não se importar com a pergunta...	novo
How does looking at this ancient mural make you feel?	Como você se sente olhando para este mural ancestral?	novo
In awe	Maravilhado	novo
Scared	Assustado	novo
Confused	Confuso	novo
Bored	Entediado	novo
Yes, it's very impressive isn't it?	Sim, é muito impressionante, não é?	novo
The fact that ancient people could draw such a beautiful mural that has stood the test of time like this.	O fato de que povos antigos conseguiram desenhar um mural tão bonito que resistiu ao tempo desse jeito.	novo
The creature that is depicted in this mural appears to be a fusion between an \C[2]earth titan \C[0] and a \C[1]water titan\C[0].	A criatura retratada neste mural parece ser uma fusão entre um \C[2]titã da terra \C[0]e um \C[1]titã da água\C[0].	novo
Yes, the creature that is depicted in this mural appears to have wielded tremendous power.	Sim, a criatura retratada neste mural parece ter tido um poder tremendo.	novo
It probably stroke fear in the hearts of the people that lived back then if it really did exist.	Ela provavelmente aterrorizava as pessoas que viviam naquela época, se é que realmente existiu.	novo
It appears to be a fusion between an \C[2]earth titan \C[0] and a \C[1]water titan\C[0].	Ela parece ser uma fusão entre um \C[2]titã da terra \C[0]e um \C[1]titã da água\C[0].	novo
I share this sentiment too.	Eu também compartilho desse sentimento.	novo
DNA Splicers are new technology. So how could a mural that was painted thousands of years ago depict what seems to be a Pokémon fusion?	Os DNA Splicers são uma tecnologia nova. Então como um mural pintado há milhares de anos pode mostrar o que parece ser uma fusão de Pokémon?	novo
Hah! Not everyone has an interest for ancient history, that's quite alright!	Rá! Nem todo mundo se interessa por história antiga, tudo bem!	novo
Still, I find it to be quite fascinating.	Mesmo assim, eu acho bastante fascinante.	novo
The creature that is depicted in this mural appears to be a fusion between an \C[2]earth titan \C[0]and a \C[1]water titan\C[0].	A criatura retratada neste mural parece ser uma fusão entre um \C[2]titã da terra \C[0]e um \C[1]titã da água\C[0].	novo
They say that long ago, an \C[3]asteroid\C[0] that crashed into the Earth carried a special gene that spread to all living Pokémon.	Dizem que, há muito tempo, um \C[3]asteroide\C[0] que caiu na Terra trouxe um gene especial que se espalhou por todos os Pokémon vivos.	novo
That gene gave Pokémon the ability to fuse together, long before DNA Splicers were invented.	Esse gene deu aos Pokémon a capacidade de se fundirem, muito antes de os DNA Splicers serem inventados.	novo
It lies dormant within every Pokémon today. DNA Splicers work by forcing it to awaken.	Ele está adormecido dentro de todos os Pokémon hoje. Os DNA Splicers funcionam forçando esse gene a despertar.	novo
This is how this creature, along with every natural Pokémon fusion came to be... At least, that's what scientists think.	Foi assim que esta criatura, e todas as fusões naturais de Pokémon, surgiram... Pelo menos é o que os cientistas acham.	novo
You know, my father, the president of Devon Corp., recently discovered a rare stone that emits strong fusion energy while drilling near Sootopolis City.	Sabe, meu pai, o presidente da Devon Corp., descobriu recentemente uma pedra rara que emite uma forte energia de fusão enquanto perfuravam perto de Sootopolis City.	novo
No one knows for sure, but we think it could be a shard from that original asteroid.	Ninguém sabe ao certo, mas achamos que pode ser um fragmento daquele asteroide original.	novo
This mural lends credence to the theory, don't you think? That's why I wanted to see it with my own eyes.	Este mural dá credibilidade à teoria, não acha? Foi por isso que eu quis vê-lo com meus próprios olhos.	novo
To my father, this meteorite is just a way to manufacture DNA Splicers for cheap. But I think the implications are much more profound.	Para o meu pai, este meteorito é só uma forma de fabricar DNA Splicers baratos. Mas acho que as implicações são muito mais profundas.	novo
You clearly seem to be quite a capable trainer.	Você claramente parece ser um treinador muito capaz.	novo
Looking at you and your Pokémon...	Olhando para você e seus Pokémon...	novo
I think that you have in you what it takes to become a Pokémon League Champion.	Acho que você tem o que é preciso para se tornar Campeão da Liga Pokémon.	novo
Good luck to you. I must be going now.	Boa sorte. Preciso ir agora.	novo
I'm just a tree, let me stay... please.	Sou só uma árvore, me deixe ficar... por favor.	novo
You found a \C[1]Wailmer Egg\C[0]. Pick it up?	Você encontrou um \C[1]Ovo de Wailmer\C[0]. Pegar?	novo
\PN picked up the \C[1]Wailmer Egg\C[0]!	\PN pegou o \C[1]Ovo de Wailmer\C[0]!	novo
Alolan pokemon are not in this game.. I'm hiding from Frog. Please act like I'm a normal tree.	Pokémon de Alola não estão neste jogo.. Estou me escondendo do Frog. Por favor, finja que sou uma árvore normal.	novo
Guaugaugh!	Guaugaugh!	novo
It's the mother! Oh, she's angry!	É a mãe! Ah, ela está furiosa!	novo
Who are you? We're busy...	Quem é você? Estamos ocupados...	novo
Let's practice the Team Aqua theme song!	Vamos ensaiar o hino da Team Aqua!	novo
See ya	Até mais	novo
There's gotta be more \C[1]Wailmer Eggs\C[0] around. Go see if you can find some more!	Deve ter mais \C[1]Ovos de Wailmer\C[0] por aí. Vá ver se encontra mais alguns!	novo
Hah! I knew there were more around, perfect!	Rá! Eu sabia que tinha mais por aí, perfeito!	novo
Pick up this last one for me, will ya? I'll get the boat ready to head back.	Pegue este último para mim, pode ser? Vou preparar o barco para voltarmos.	novo
Aghh! We were so close! All these eggs are gone for good now!	Argh! Estávamos tão perto! Todos esses ovos se foram para sempre agora!	novo
Oh well, come on. Let's get back to the camp.	Bom, paciência, vamos. Vamos voltar para o acampamento.	novo
Huh? Where is everyone?	Hã? Cadê todo mundo?	novo
If they went to slack off somewhere, I'll be feeding them to Archie's Sharpedo!	Se foram fazer corpo mole em algum lugar, vou dar todos de comida pro Sharpedo do Archie!	novo
You! Come with me!	Você! Venha comigo!	novo
Hey! Who let you in here?!	Ei! Quem deixou você entrar aqui?!	novo
Oh, from the Oceanic Museum... Right. I didn't think you'd actually take Archie up on his offer.	Ah, do Oceanic Museum... Certo. Não achei que você fosse mesmo aceitar a oferta do Archie.	novo
Oh, he left with some of the crew to take care of some business.	Ah, ele saiu com parte da tripulação para resolver uns assuntos.	novo
So that means everyone in this camp answers to me... Shelly, the one and only!	Então isso quer dizer que todos neste acampamento respondem a mim... Shelly, a única e inigualável!	novo
So ya really want to join our ranks, huh?	Então você quer mesmo entrar para as nossas fileiras, é?	novo
Ahahahah, who would've thought. We'll see if you have what it takes.	Ahahahah, quem diria. Vamos ver se você tem o que é preciso.	novo
But hey, we can always use a few more. Especially with \C[2]Team Magma\C[0] lingering around like this...	Mas olha, sempre precisamos de mais gente. Principalmente com a \C[2]Team Magma\C[0] rondando por aqui desse jeito...	novo
Let's see... I should have a spare uniform for you on the ship.	Vejamos... Devo ter um uniforme sobrando para você no navio.	novo
Hah! Just like I thought. Perfect.	Rá! Bem como eu pensei. Perfeito.	novo
Yeah, this used to belong to a crew member who fell overboard during a mission. Don't worry, it should fit you perfectly!	É, isto pertencia a um tripulante que caiu no mar durante uma missão. Não se preocupe, deve servir perfeitamente em você!	novo
Use the \C[1]Aqua Uniform\C[0]?	Usar o \C[1]Uniforme Aqua\C[0]?	novo
That looks good on you! Ahahahahah!	Ficou ótimo em você! Ahahahahah!	novo
Alright, first order of business is training!	Muito bem, a primeira tarefa é o treinamento!	novo
What I want you to do is to go around the camp and find some grunts to help.	O que eu quero é que você ande pelo acampamento e encontre alguns recrutas para ajudar.	novo
Put your uniform on and find some grunts to help around the camp.	Vista seu uniforme e encontre alguns recrutas para ajudar pelo acampamento.	novo
Report back to me when you're done! Ahahahah!	Volte e me informe quando terminar! Ahahahah!	novo
Did you just come here to taunt us?! Get out!	Você veio aqui só para zombar da gente?! Fora!	novo
First order of business is training!	A primeira tarefa é o treinamento!	novo
Hey, you're with us now, put on your uniform! I won't tell you twice!	Ei, agora você é dos nossos, vista seu uniforme! Não vou repetir!	novo
And finish your training. Go help the grunts around the camp!	E termine seu treinamento. Vá ajudar os recrutas pelo acampamento!	novo
Okay, so you finished your training, huh?	Certo, então você terminou seu treinamento, é?	novo
Welcome to the crew! You're officially part of Team Aqua now.	Bem-vindo à tripulação! Agora você faz parte oficialmente da Team Aqua.	novo
Alright then, listen up!	Muito bem, prestem atenção!	novo
One of the crew spotted some \C[1]Wailmer Eggs \C[0] on the way here. I need a hand to go pick them up.	Um dos tripulantes avistou alguns \C[1]Ovos de Wailmer \C[0]no caminho para cá. Preciso de ajuda para ir buscá-los.	novo
So you're coming with me. Get on board!	Então você vem comigo. Suba a bordo!	novo
Ahh! There's one right here!	Ahh! Tem um bem aqui!	novo
That's a \C[1]Wailmer Egg\C[0] alright. Think of how strong we'll be with a bunch of Wailmer fusions!	Isso é mesmo um \C[1]Ovo de Wailmer\C[0]. Pense em como vamos ficar fortes com um monte de fusões de Wailmer!	novo
There's gotta be more around. Go see if you can find some more!	Deve ter mais por aí. Vá ver se encontra mais alguns!	novo
Quit bothering us...	Pare de incomodar a gente...	novo
Cool as a... Tentacool? Meh, I don't know.	Frio como um... Tentacool? Ah, sei lá.	novo
Graceful as a ... Wailmer?	Gracioso como um... Wailmer?	novo
Ehh... Or maybe graceful as a Tentacool?	Hum... Ou talvez gracioso como um Tentacool?	novo
Pfftt... Nah, that's no good.	Pfff... Não, isso não presta.	novo
Oh, hey. It's the new recruit...	Ah, olha só. É o recruta novo...	novo
Do you even know what we're doing here?	Você ao menos sabe o que estamos fazendo aqui?	novo
We're writing the official Team Aqua theme song, duh! Every serious team needs a theme song!	Estamos escrevendo o hino oficial da Team Aqua, óbvio! Toda equipe séria precisa de um hino!	novo
It needs to make us sound tough and intimidating. You wanna help?	Ele precisa fazer a gente parecer durão e intimidador. Quer ajudar?	novo
Let's get to work then!	Então mãos à obra!	novo
Yeah... I didn't expect much from a newbie anyway.	É... Eu não esperava muito de um novato mesmo.	novo
Huh? Who are you? Where's you uniform?	Hã? Quem é você? Cadê seu uniforme?	novo
Can't you see we're busy?	Não está vendo que estamos ocupados?	novo
You're gonna help us compose the theme song?	Você vai ajudar a gente a compor o hino?	novo
That's it. Hey, Shelly! Listen to this!	É isso. Ei, Shelly! Escuta só isso!	novo
Oh, that's good! Archie's gonna be proud of us!	Ah, isso ficou bom! O Archie vai ficar orgulhoso da gente!	novo
Alright, here's for your contribution!	Muito bem, aqui está pela sua contribuição!	novo
\C[3]Grunt Work!: \C[2]\V[1030]/3\C[0]	\C[3]Trabalho de Recruta!: \C[2]\V[1030]/3\C[0]	novo
You said you would!	Você disse que ia ajudar!	novo
Kachahhh!	Kachahhh!	novo
I'm looking for Pokémon under the seashells!	Estou procurando Pokémon embaixo das conchas!	novo
Oh no, our beach ball landed on a Krabby and it popped!	Ah, não, nossa bola de praia caiu em cima de um Krabby e estourou!	novo
I think I saw another one somewhere... Ahh, but look at all these Krabby!	Acho que vi outra em algum lugar... Ahh, mas olha só quantos Krabby!	novo
Mister, would you please help us find a new ball to play with?	Moço, você poderia nos ajudar a encontrar uma bola nova para brincar?	novo
Miss, would you please help us find a new ball to play with?	Moça, você poderia nos ajudar a encontrar uma bola nova para brincar?	novo
Thank you! I saw more balls at the house over there	Obrigado! Eu vi mais bolas naquela casa ali	novo
But watch out for the Krabby!	Mas cuidado com os Krabby!	novo
Wahhh!	Buááá!	novo
This beach ball has suffered an unlucky accident. Let's try to find a replacement!	Esta bola de praia sofreu um acidente infeliz. Vamos tentar encontrar outra!	novo
The kind mister brought a new beach ball to play with!	O moço gentil trouxe uma bola de praia nova para brincarmos!	novo
Thank you! Woohoo!	Obrigado! Uhuul!	novo
The kind lady brought a new beach ball to play with!	A moça gentil trouxe uma bola de praia nova para brincarmos!	novo
Oh no!!!	Ah, não!!!	novo
Phew! Team Magma are relentless, but I think we chased them away for good!	Ufa! A Team Magma não desiste, mas acho que os expulsamos de vez!	novo
Crew! We're gonna have to stay low for a little bit though, so we should abandon this camp...	Tripulação! Mas vamos ter que ficar na moita por um tempo, então devemos abandonar este acampamento...	novo
There's an \C[1]ancient Pokémon\C[0] that slumbers deep in the ocean that has the power to expand the sea.	Há um \C[1]Pokémon ancestral\C[0] adormecido nas profundezas do oceano que tem o poder de expandir o mar.	novo
The submarine we were building to look for it won't be able to withstand the pressure without the Devon Parts...	O submarino que estávamos construindo para procurá-lo não vai aguentar a pressão sem as Devon Parts...	novo
But Archie thinks we can still track it down through rain patterns.	Mas o Archie acha que ainda podemos rastreá-lo pelos padrões de chuva.	novo
The rest of the team is already on their way to the \C[1]Weather Institute\C[0]. We need to go join them now.	O resto da equipe já está a caminho do \C[1]Weather Institute\C[0]. Precisamos ir encontrá-los agora.	novo
\PN, I know that you don't have your own boat yet, so try to make your way there as soon as you can!	\PN, sei que você ainda não tem seu próprio barco, então tente chegar lá o quanto antes!	novo
Maugh!	Maugh!	novo
The beach is always deserted when it rains. It's a peaceful feeling.	A praia está sempre deserta quando chove. É uma sensação de paz.	novo
Brr... It's chilly out today!	Brr... Está friozinho hoje!	novo
It's a pile of beach balls!	É uma pilha de bolas de praia!	novo
They say they're looking for the Devon Parts!	Eles dizem que estão procurando as Devon Parts!	novo
Aghh, it's not biting at all.	Argh, não está mordendo nada.	novo
Oh, you're a new crewmate, huh? Perfect.	Ah, você é um tripulante novo, é? Perfeito.	novo
Here's the deal. Our scouts went to that damp hole in Granite Cave and brought back a bunch of Pokémon for us to use.	É o seguinte. Nossos batedores foram naquele buraco úmido da Granite Cave e trouxeram um monte de Pokémon para usarmos.	novo
But the problem is... They're not even Water-types!	Mas o problema é... Eles nem são do tipo Water!	novo
I don't know what they were thinking... Archie's never gonna allow that!	Não sei o que eles tinham na cabeça... O Archie nunca vai aceitar isso!	novo
So I set out fishing here to find some ocean Pokémon to fuse... But nothing will bite!	Então vim pescar aqui para encontrar uns Pokémon do oceano para fundir... Mas nada morde a isca!	novo
I even let out this Carvanha to do some scouting...	Até soltei este Carvanha para fazer um reconhecimento...	novo
If you really wanna prove yourself as a crew member, you gotta help me out!	Se você quer mesmo se provar como tripulante, tem que me ajudar!	novo
I'll give you these three Pokémon and you gotta fuse them into \C[1]Water-type\C[0] Pokémon. Sounds good?	Vou te dar estes três Pokémon e você tem que fundi-los em Pokémon do \C[1]tipo Water\C[0]. Pode ser?	novo
Gahhh! Why can't we ever count on newvbies!	Gahhh! Por que nunca dá para contar com os novatos!	novo
You know, you should really wear your uniform while you're in the camp...	Sabe, você devia mesmo usar seu uniforme enquanto estiver no acampamento...	novo
I wonder if Carvanha's the reason I haven't been able to fish up anything...	Será que é por causa do Carvanha que não consigo pescar nada...	novo
Oh, it's you again!	Ah, é você de novo!	novo
Did you fuse the Pokémon like I asked you?	Você fundiu os Pokémon como eu pedi?	novo
Nice work!	Bom trabalho!	novo
Now, let's see if these Pokémon are worth keeping for Team Aqua or not!	Agora, vamos ver se vale a pena a Team Aqua ficar com esses Pokémon ou não!	novo
Woah, you know how to handle yourself in a fight!	Uau, você sabe se virar numa luta!	novo
Okay, hand me over these Pokémon. I'll give you that Carvanha in exchange.	Certo, me passe esses Pokémon. Eu te dou aquele Carvanha em troca.	novo
Hey, I gave you 2 Zubat and 1 Geodude! What happened there?	Ei, eu te dei 2 Zubat e 1 Geodude! O que aconteceu aí?	novo
Take these two Zubat and that Geodude I gave you and fuse them to make them \C[1]Water-type \C[0] Pokémon.	Pegue esses dois Zubat e aquele Geodude que eu te dei e funda-os para transformá-los em Pokémon do \C[1]tipo Water \C[0].	novo
Archie doesn't actually care if we use Water Pokémon or not. Most of us just like them better!	Na verdade, o Archie não se importa se usamos Pokémon de Water ou não. A maioria de nós só gosta mais deles!	novo
Oh, hi! Do you want to play with us?	Ah, oi! Quer brincar com a gente?	novo
Spheal wants to play with you!	O Spheal quer brincar com você!	novo
There's too many Krabby!	Tem Krabby demais!	novo
Maybe we can find a Krabby to play with us now too!	Talvez agora a gente possa encontrar um Krabby para brincar com a gente também!	novo
Arghh... Nothing's biting...	Argh... Nada morde a isca...	novo
\C[2]Team Magma\C[0] has gone too far now!	A \C[2]Team Magma\C[0] passou dos limites agora!	novo
Not only did they set up camp North of the Slateport City, but they had the audacity to paint their logo all over the city...	Além de montarem acampamento ao Norte de Slateport City, ainda tiveram a audácia de pintar o logo deles pela cidade toda...	novo
They even painted one right inside the ferry terminal, of all places!	Eles pintaram um até dentro do terminal da balsa, logo lá!	novo
Slateport City is Team Aqua's turf, and it always will be!!	Slateport City é território da Team Aqua, e sempre será!!	novo
Gahh I'm so angry! I'd go cover them up right away if Shelly hadn't stuck me with deck duty!	Argh, estou tão bravo! Eu já teria ido cobrir tudo se a Shelly não tivesse me deixado de serviço no convés!	novo
Hey, you're a new recruit, aren't you? Why don't you go instead of me?	Ei, você é um recruta novo, não é? Por que não vai no meu lugar?	novo
Take this and cover up all of their logos with ours!	Pegue isto e cubra todos os logos deles com o nosso!	novo
Whoa! If Shelly sees you not wearing your uniform, you'll be walking the plank!	Opa! Se a Shelly te vir sem uniforme, você vai andar na prancha!	novo
Hahah, yes! You covered them all!	Haha, isso! Você cobriu todos!	novo
Now everyone will know that you can't mess with \C[1]Team Aqua\C[0]!	Agora todo mundo vai saber que ninguém mexe com a \C[1]Team Aqua\C[0]!	novo
A job well done deserves a reward! I found all this money while sweeping the deck.	Um trabalho bem-feito merece uma recompensa! Achei todo este dinheiro enquanto varria o convés.	novo
I wanted to keep it all, but I'll give you some of it.	Eu queria ficar com tudo, mas vou te dar uma parte.	novo
They even painted their logo right inside the harbor, of all places! Slateport is our city, not theirs!	Eles pintaram o logo deles até dentro do porto, logo lá! Slateport é a nossa cidade, não a deles!	novo
I counted 5 graffiti in total. Let's paint over them and show Team Magma who this town really belongs to!	Contei 5 pichações no total. Vamos pintar por cima e mostrar para a Team Magma a quem esta cidade realmente pertence!	novo
Our logo is called the \C[1]Amazing A\C[0]!	Nosso logo se chama \C[1]A Incrível\C[0]!	novo
Do you think that the A stands for Aqua or for Archie? Heh! The answer might surprise you!	Você acha que o A é de Aqua ou de Archie? Hehe! A resposta pode te surpreender!	novo
Seashore House: Come quench your thirst!	Seashore House: Venha matar sua sede!	novo
Huh? Who let you in our camp?	Hã? Quem deixou você entrar no nosso acampamento?	novo
Arghh! It's two against one!	Argh! São dois contra um!	novo
Shelly... It's been a long time.	Shelly... Faz muito tempo.	novo
Tabitha... I guess Devon Corp finally got the memo and decided to get rid of you, huh?	Tabitha... Acho que a Devon Corp finalmente entendeu o recado e resolveu se livrar de você, hein?	novo
That was a long time ago! I'm with Team Magma now!	Isso foi há muito tempo! Agora estou com a Team Magma!	novo
Stop messing around! Our drill needs that Pressure Regulator from the \C[1]Devon Parts\C[0] .	Pare de enrolar! Nossa perfuratriz precisa daquele Regulador de Pressão das \C[1]Devon Parts\C[0] .	novo
We don't have them, you numbskull! And even if we did, I'd sooner toss them into the ocean than hand them to you!	Não estamos com elas, seu cabeça-oca! E mesmo se estivéssemos, eu preferiria jogá-las no oceano do que entregá-las a você!	novo
\PN, get ready! Let's take them down!	\PN, prepare-se! Vamos derrubá-los!	novo
I guess you really don't have those \C[1]Devon Parts \C[0] after all...	Acho que vocês realmente não estão com as \C[1]Devon Parts \C[0]afinal...	novo
It's a small hiccup, but Maxie's always ten steps ahead. He's already onto a new lead.	É um pequeno contratempo, mas o Maxie está sempre dez passos à frente. Ele já tem uma nova pista.	novo
Grunts!	Recrutas!	novo
Follow me! Retreat and regroup with Maxie!	Sigam-me! Recuar e se reagrupar com o Maxie!	novo
Is it... Snowing in Slateport City?!	Está... Nevando em Slateport City?!	novo
Ah! The sun is out and it's such a beautiful day today!	Ah! O sol saiu e está um dia lindo hoje!	novo
Do you want to sit and soak up the sun with us to work on your tan?	Quer sentar e tomar sol com a gente para se bronzear?	novo
Great! You can sit on the chair over there. There's nothing like a little sunshine to recharge your energy!	Ótimo! Pode sentar naquela cadeira ali. Não há nada como um pouco de sol para recarregar as energias!	novo
Aww, you're no fun!	Aah, você é sem graça!	novo
Wow! Your suntan... it's perfect! You really soaked in the sun too!	Uau! Seu bronzeado... está perfeito! Você também aproveitou mesmo o sol!	novo
Ah, do you feel it, Sunkern? The sun has me feeling completely energized.	Ah, está sentindo, Sunkern? O sol me deixou completamente cheio de energia.	novo
Flaaah!	Flaaah!	novo
Oh, wow! The sun really charged you up!	Uau! O sol te carregou de verdade!	novo
I guess I won't need this anymore, then!	Acho que não vou mais precisar disto, então!	novo
Oh... The weather turned, it's not so sunny anymore.	Ah... O tempo mudou, não está mais tão ensolarado.	novo
I'm sure it'll turn again. Let's wait a little bit!	Tenho certeza de que vai mudar de novo. Vamos esperar um pouco!	novo
There! The weather is perfect again!	Pronto! O tempo está perfeito de novo!	novo
Your suntan...	Seu bronzeado...	novo
It's a little bit better, but it can still be improved. You should sit out in the sun for a bit longer!	Está um pouco melhor, mas ainda dá para melhorar. Você devia ficar mais um pouco no sol!	novo
Being out in the sun is good for the body!	Ficar no sol faz bem para o corpo!	novo
Your Pokémon is no match for ours!	Seu Pokémon não é páreo para os nossos!	novo
If you're not with \C[1]Team Aqua\C[0], you've got no business here. Go away!	Se você não é da \C[1]Team Aqua\C[0], não tem nada para fazer aqui. Vá embora!	novo
Huh? Archie told you to come here? You must be something special...	Hã? O Archie mandou você vir aqui? Você deve ser alguém especial...	novo
Well, Archie's already gone. \C[1]Shelly \C[0]'s the one in command in this camp now, so you'll want to talk to her instead.	Bem, o Archie já foi embora. Quem comanda este acampamento agora é a \C[1]Shelly\C[0], então é melhor falar com ela.	novo
I think she's near the boat. Be quick and don't snoop around!	Acho que ela está perto do barco. Seja rápido e não fique bisbilhotando!	novo
You cannot stop Team Magma!	Vocês não podem deter a Team Magma!	novo
Prrt!	Prrt!	novo
Flaaaah!	Flaaaah!	novo
You can have this!	Pode ficar com isto!	novo
It's night time. People are leaving the beach.	É noite. As pessoas estão indo embora da praia.	novo
It's morning. People are flocking to the beach!	É de manhã. As pessoas estão lotando a praia!	novo
Archie's already gone. \C[1]Shelly\C[0]'s the one in command in this camp now, so you'll want to talk to her instead.	O Archie já foi embora. Quem comanda este acampamento agora é a \C[1]Shelly\C[0], então é melhor falar com ela.	novo
Shelly!! Heeeeeeelp!	Shelly!! Socoooorro!	novo
\PN, we need to defend the camp!	\PN, precisamos defender o acampamento!	novo
On sunny days, you can see pods of Wailmer in the bay if you're lucky.	Em dias de sol, se tiver sorte, dá para ver grupos de Wailmer na baía.	novo
Tabitha will have you beg for mercy!	O Tabitha vai te fazer implorar por piedade!	novo
Please help us get a new beach ball!	Por favor, ajude a gente a conseguir uma bola de praia nova!	novo
Spheal is more fun to play with! Plus, it won't ever pop like that beach ball!	É mais divertido brincar com o Spheal! E ele nunca vai estourar como aquela bola de praia!	novo
If you take a running start while kicking a beach ball, it will go further than if you just walk into it!	Se você pegar impulso correndo ao chutar uma bola de praia, ela vai mais longe do que se você só andar até ela!	novo
Go ahead, take as many as you like!	Pode pegar, leve quantos quiser!	novo
There's no speed limit on the Cycling Road. You can go all out and cycle as fast as you'd like!	Não há limite de velocidade na Cycling Road. Você pode ir com tudo e pedalar o mais rápido que quiser!	novo
Just be careful not to crash into anyone!	Só tome cuidado para não bater em ninguém!	novo
Go all out, cycle to your heart's content!	Vá com tudo, pedale à vontade!	novo
I'm sorry, you can't go on the Cycling Road on foot.	Desculpe, você não pode entrar na Cycling Road a pé.	novo
There's a Bicycle Shop in Mauville City if you need to buy a bike.	Tem uma Loja de Bicicletas em Mauville City se precisar comprar uma bike.	novo
Please come back with a bike.	Por favor, volte com uma bike.	novo
Some Pokémon live in fresh water, some live in the sea. Mine live in both.	Alguns Pokémon vivem em água doce, outros vivem no mar. Os meus vivem nos dois.	novo
I'm so sorry little brother! I shouldn't have doubted you!!!	Me desculpe, irmãozinho! Eu não devia ter duvidado de você!!!	novo
Sniff... Say, you wouldn't happen to have a cute flowery Pokémon I could buy off of you for my girlfriend? Something I'm not allergic to...	Snif... Diga, por acaso você não teria um Pokémon florido e fofo que eu pudesse comprar de você para a minha namorada? Algo que não me dê alergia...	novo
Fine, be that way. I have the money to give someone else after all...	Tudo bem, seja assim. Afinal, tenho dinheiro para dar a outra pessoa...	novo
Sniffle...	Snif...	novo
Changed your mind? Well I'll just suffer until you return with one.	Mudou de ideia? Bem, vou ficar sofrendo até você voltar com um.	novo
ACHOO!	ATCHIM!	novo
Sniff... Achoo! Hah... Well, this one still makes my nose a little itchy, but it's - Achoo! -it's so cute...	Snif... Atchim! Ah... Bem, este ainda deixa meu nariz coçando um pouco, mas ele é - Atchim! - ele é tão fofo...	novo
My beloved would be so delighted with this \V[4]! I simply must bring it to her.	Minha amada ficaria tão encantada com este \V[4]! Eu simplesmente preciso levá-lo para ela.	novo
Ah, before I forget, here's your payment.	Ah, antes que eu esqueça, aqui está seu pagamento.	novo
I'll go present this gift to her right aw- ah- achoo! Agh...	Vou entregar este presente para ela agora mes- ah- atchim! Argh...	novo
But make sure you plant a berry in the same spot. That's common courtesy.	Mas não deixe de plantar uma Berry no mesmo lugar. É questão de educação.	novo
Trainers often make Pokémon hold berries.	Treinadores costumam fazer seus Pokémon segurarem Berries.	novo
It's up to you whether to grow berries or use them.	Você decide se vai cultivar as Berries ou usá-las.	novo
Yo! My name's Willie. I got this urge to battle you. It's like I'm compelled to.	Ô! Meu nome é Willie. Me deu uma vontade de batalhar com você. É como se eu fosse obrigado.	novo
Any way I look at it, it's obvious that you're no ordinary Joe. So, what do you say? Let's you and me have a quick battle!	De qualquer ângulo que eu olhe, é óbvio que você não é uma pessoa comum. E então, o que me diz? Vamos ter uma batalha rapidinha!	novo
Yeeeeeeaaaah! I'm burning now! I'm on fire! It's full- throttle time! Vrum! Vroom! Let's roll!	Iêêêêêêêêh! Estou pegando fogo! Estou em chamas! É hora de acelerar tudo! Vrum! Vruum! Vamos nessa!	novo
What are you saying? You're joshing, right? So, what do you say? Let's you and me have a quick battle!	O que você está dizendo? Está brincando, né? E então, o que me diz? Vamos ter uma batalha rapidinha!	novo
One of my small pleasures in life is to take in some fresh air and watch this fountain.	Um dos meus pequenos prazeres da vida é respirar ar puro e ficar olhando esta fonte.	novo
What about you, what are some small things that make you happy?	E você, quais são as pequenas coisas que te deixam feliz?	novo
The thief was in and out in a flash... He was already gone by the time anyone realized what was going on!	O ladrão entrou e saiu num piscar de olhos... Ele já tinha ido embora quando alguém percebeu o que estava acontecendo!	novo
Fusing Pokémon is actually a smart way to save money.	Na verdade, fundir Pokémon é um jeito esperto de economizar dinheiro.	novo
Fuse your Pokémon together, and now you've only got one mouth to feed instead of two!	Funda seus Pokémon e agora você só tem uma boca para alimentar em vez de duas!	novo
Cutter's House	Casa do Cutter	novo
Can you believe it? All this trash on the beach...	Dá para acreditar? Todo este lixo na praia...	novo
And that pipe runoff from Devon... It's frustrating how little these large corporations care for the environment.	E aquele cano despejando resíduos da Devon... É frustrante como essas grandes corporações ligam pouco para o meio ambiente.	novo
We can at least pick up the litter. Won't you help me?	Pelo menos podemos recolher o lixo. Você não me ajudaria?	novo
I've been picking up the trash all morning. It's a lot of work but Pokémon deserve to live in a clean environment.	Passei a manhã toda recolhendo lixo. Dá muito trabalho, mas os Pokémon merecem viver num ambiente limpo.	novo
\PN looked inside the pipe...	\PN olhou dentro do cano...	novo
A strange liquid is oozing out of the pipe...	Um líquido estranho está escorrendo do cano...	novo
Climb into the pipe?	Entrar no cano?	novo
\PN climbed into the pipe...	\PN entrou no cano...	novo
You're going to need a shower after this!	Você vai precisar de um banho depois disso!	novo
You've got to help me again! I was robbed by \C[2]Team Magma\C[0]! I have to get the Devon Parts back.	Você tem que me ajudar de novo! Fui roubado pela \C[2]Team Magma\C[0]! Preciso recuperar as Devon Parts.	novo
If I don't... The company's going to be in serious trouble...	Se eu não recuperar... A empresa vai ter sérios problemas...	novo
Devon Corporation Head Office	Sede da Devon Corporation	novo
It's a bunch of trash. Pick it up?	É um monte de lixo. Recolher?	novo
You picked up the litter!	Você recolheu o lixo!	novo
The Devon Corporation makes all sort of convenient Pokémon products.	A Devon Corporation fabrica todo tipo de produto prático para Pokémon.	novo
I wonder if they had anything to do with DNA Splicers.	Será que eles tiveram algo a ver com os DNA Splicers?	novo
North: Route 116<br>\nEast: Route 115<br>South: Rustboro City<br>	Norte: Route 116<br>\nLeste: Route 115<br>Sul: Rustboro City<br>	novo
The old sailor, Mr. Briney, lives in a cottage by the sea.	O velho marinheiro, Mr. Briney, mora num chalé à beira-mar.	novo
He goes for walks in the tunnel every so often.	De vez em quando ele vai passear no túnel.	novo
Have you taken the Pokémon Gym challenge?	Você já encarou o desafio dos Ginásios Pokémon?	novo
Gym Leaders only allow you to use as many Pokémon as they do, so you have to be smart about which one you bring in!	Os Gym Leaders só deixam você usar a mesma quantidade de Pokémon que eles, então você precisa escolher bem quais vai levar!	novo
Oh, you there!	Ah, você aí!	novo
You're that fantastic trainer who helped me in Petalburg Woods!	Você é aquele treinador fantástico que me ajudou em Petalburg Woods!	novo
The beach is full of trash. Please help me clean it up.	A praia está cheia de lixo. Por favor, me ajude a limpar.	novo
Are you okay?!	Você está bem?!	novo
The Trubbish must've been attracted by your smell from picking up all of this trash!	Os Trubbish devem ter sido atraídos pelo seu cheiro depois de recolher todo esse lixo!	novo
Wow, the beach looks much nicer now. Thank you so much for your help!	Uau, a praia está muito mais bonita agora. Muito obrigado pela ajuda!	novo
Here, I want you to have this for helping me out! It was buried under some of the debris you cleaned.	Aqui, quero que fique com isto por ter me ajudado! Estava enterrado embaixo de um pouco do entulho que você limpou.	novo
I challenged the Gym Leader, but...	Desafiei o Gym Leader, mas...	novo
I thought that bringing in a Grass and Water-type Pokémon would make quick work of Rock types...	Achei que levar um Pokémon do tipo Grass e Water acabaria rapidinho com os do tipo Rock...	novo
But Fusions make it possible to counter every weakness, you can never know what to expect!	Mas as Fusões permitem contra-atacar qualquer fraqueza, nunca dá para saber o que esperar!	novo
\PN, you just moved here so you might not know this, but \C[1]Mr. Briney\C[0] was once a revered seafarer.	\PN, você acabou de se mudar, então talvez não saiba, mas o \C[1]Mr. Briney\C[0] já foi um navegador muito respeitado.	novo
Oh, me? I'm just taking a little break here and enjoying the city before I go on to challenge Roxanne.	Ah, eu? Só estou dando uma pausa aqui e aproveitando a cidade antes de ir desafiar a Roxanne.	novo
I went to the clothing store to find a hat, but I couldn't make up my mind about which one to get!	Fui à loja de roupas comprar um chapéu, mas não consegui me decidir qual levar!	novo
I have an idea! Do you wanna trade your hat for mine? Just for funsies!	Tive uma ideia! Quer trocar seu chapéu pelo meu? Só de brincadeira!	novo
Thanks! This looks neat. You really do have a good sense of style!	Valeu! Ficou bem legal. Você tem mesmo bom gosto!	novo
Oh well, it was just an idea, never mind then... By the way, have you noticed how cool this fountain is?	Ah, tudo bem, era só uma ideia, esquece... Aliás, já reparou como esta fonte é legal?	novo
Oh, you know what could be fun? Go get yourself a hat and we'll trade!	Ah, sabe o que poderia ser divertido? Vá arrumar um chapéu e a gente troca!	novo
This fountain really is something, don't you think?	Esta fonte é demais, não acha?	novo
<b><fs=34>Out of the way!\. Move it!</fs></b>	<b><fs=34>Sai da frente!\. Anda!</fs></b>	novo
Wait! Pleeeaaase!	Espere! Por favooor!	novo
Don't take those parts!	Não leve essas peças!	novo
We're fusing both of our Pokémon together to make them stronger!	Estamos fundindo nossos dois Pokémon para deixá-los mais fortes!	novo
The Pokémon Trainer school...	A Escola de Treinadores Pokémon...	novo
If I go to this school, will I be able to catch rare Pokémon easily?	Se eu for para esta escola, vou conseguir capturar Pokémon raros com facilidade?	novo
Oh! How did it go? Did you get my Devon Parts?	Ah! Como foi? Você recuperou minhas Devon Parts?	novo
You did! You got them back!	Conseguiu! Você as recuperou!	novo
Do you know about Devon Corporation?	Você conhece a Devon Corporation?	novo
We're only Hoenn's largest tech company! And I'm its president, Mr. Stone!	Somos só a maior empresa de tecnologia de Hoenn! E eu sou o presidente, Mr. Stone!	novo
...Oh, this is no place to talk. Please come with me to my office!	...Ah, aqui não é lugar para conversar. Por favor, venha comigo até o meu escritório!	novo
You gotta be careful when you're out in the wild.	Você precisa tomar cuidado quando está na natureza.	novo
If you get attacked by multiple Pokémon, you'll have to fight them all at once!	Se for atacado por vários Pokémon, vai ter que enfrentar todos de uma vez!	novo
Where does the extra Pokéball go when you fuse Pokémon?	Para onde vai a Pokéball que sobra quando você funde Pokémon?	novo
Rustboro Gym	Ginásio de Rustboro	novo
Gym Leader: Roxanne, the \V[1000]-loving honors student	Gym Leader: Roxanne, a aluna exemplar apaixonada pelo tipo \V[1000]	novo
Teeh!	Tiih!	novo
The president came running after the thief. I've never seen him in such distress!	O presidente veio correndo atrás do ladrão. Nunca o vi tão aflito!	novo
They say that if you throw a coin in a fountain, you get to make a wish.	Dizem que, se você jogar uma moeda numa fonte, pode fazer um pedido.	novo
I'm gonna wish for my favorite Pokémon fusion!	Vou pedir a minha fusão de Pokémon favorita!	novo
\GThrow a coin in the fountain?	\GJogar uma moeda na fonte?	novo
\G\PN threw $1 in the fountain. Better make a wish!	\G\PN jogou $1 na fonte. Melhor fazer um pedido!	novo
Rustboro City: The city integrating nature and science.	Rustboro City: A cidade que une natureza e ciência.	novo
How's your Pokédex coming along? Mine's full of Pokémon fusions already!	Como está indo sua Pokédex? A minha já está cheia de fusões de Pokémon!	novo
But I'm done doing field work for my dad for now. I came here to challenge Roxanne and finally get started on my League Challenge too!	Mas terminei o trabalho de campo para o meu pai por enquanto. Vim aqui desafiar a Roxanne e finalmente começar meu Desafio da Liga também!	novo
Oh, by the way, I passed \C[1]Mr. Briney\C[0] in Petalburg Woods.	Ah, aliás, passei pelo \C[1]Mr. Briney\C[0] em Petalburg Woods.	novo
I guess he's on his way home to his cottage by the sea.	Acho que ele está voltando para o chalé dele à beira-mar.	novo
Did Roxanne give you any trouble? I want to see what I'm up against in this league challenge.	A Roxanne te deu muito trabalho? Quero ver o que me espera neste desafio da Liga.	novo
So... How about a little battle?	Então... Que tal uma batalhinha?	novo
You just became a trainer, \PN. I'm not going to lose!	Você acabou de virar treinador, \PN. Eu não vou perder!	novo
Huh, I guess I still need to train a bit more before I can take on the gym...	Hã, acho que ainda preciso treinar mais um pouco antes de encarar o ginásio...	novo
Hah! I guess I'm ready for Roxanne, then! That was a great battle!	Rá! Acho que estou pronto para a Roxanne, então! Que batalha incrível!	novo
Wow, Rustboro City is really big, huh?	Uau, Rustboro City é grande mesmo, né?	novo
That's a step up from Littleroot Town for sure! Look at that fountain over there!	Com certeza é bem maior que Littleroot Town! Olha aquela fonte ali!	novo
Oh, there's even a clothing store! Is this where you got the hat you're wearing?	Ah, tem até uma loja de roupas! Foi aqui que você comprou esse chapéu que está usando?	novo
Oh, there's even a clothing store! Maybe we can go and find a hat for you there.	Ah, tem até uma loja de roupas! Talvez a gente possa ir lá encontrar um chapéu para você.	novo
I think I'll go and get a hat for my Pokémon; it'll love it!	Acho que vou comprar um chapéu para o meu Pokémon; ele vai adorar!	novo
What, you never thought of putting hats on your Pokémon?	O quê, você nunca pensou em colocar chapéus nos seus Pokémon?	novo
You have to try it, it's so much fun!	Você tem que experimentar, é muito divertido!	novo
Here, I'll show you how to do it.	Aqui, vou te mostrar como fazer.	novo
I'll see you around, \PN!	A gente se vê, \PN!	novo
Oh no! Someone stole those important parts!	Ah, não! Alguém roubou aquelas peças importantes!	novo
Huh? Did something move inside the pipes?	Hã? Alguma coisa se mexeu dentro dos canos?	novo
Devon Corp sure produces a lot of waste... Maybe someone should go and clean the beach.	A Devon Corp produz mesmo muito lixo... Talvez alguém devesse ir limpar a praia.	novo
Hey, it looks like someone cleaned up the beach!	Ei, parece que alguém limpou a praia!	novo
Well, these pipes are still oozing a strange green liquid, but it's a start.	Bem, esses canos ainda estão vazando um líquido verde estranho, mas já é um começo.	novo
Pokémon Trainer School: Learn everything there is to know about Pokémon fusions!	Escola de Treinadores Pokémon: Aprenda tudo o que há para saber sobre fusões de Pokémon!	novo
There are places that you can't get to without clearing some vegetation.	Há lugares que você não consegue alcançar sem antes cortar um pouco da vegetação.	novo
I think there's a man in this town that's an expert on that.	Acho que tem um homem nesta cidade que é especialista nisso.	novo
It's a collection of rare Pokémon fossils!	É uma coleção de fósseis de Pokémon raros!	novo
Professor Birch's Handy Guide to Pokémon Behaviors:	Guia Prático do Professor Birch sobre Comportamentos Pokémon:	novo
When a Pokémon notices a Trainer, its behavior often changes. These behaviors can be classified into several different types.	Quando um Pokémon percebe um Treinador, seu comportamento costuma mudar. Esses comportamentos podem ser classificados em vários tipos diferentes.	novo
Some curious Pokémon seek to get closer to wandering Trainers without initiating a battle while more shy Pokémon prefer to stay at a safe distance.	Alguns Pokémon curiosos tentam se aproximar de Treinadores sem iniciar uma batalha, enquanto Pokémon mais tímidos preferem ficar a uma distância segura.	novo
More territorial Pokémon such as Poochyena will slowly approach Trainers as a warning and attack them if they don't back up.	Pokémon mais territoriais, como o Poochyena, se aproximam devagar dos Treinadores como aviso e atacam se eles não recuarem.	novo
Some aggressive Pokémon will chase after Trainers the moment they notice them. Those Pokémon should only be observed at a safe distance.	Alguns Pokémon agressivos perseguem os Treinadores assim que os percebem. Esses Pokémon só devem ser observados a uma distância segura.	novo
Of course, every Pokémon is different and some also behave in completely unique ways.	Claro, cada Pokémon é diferente, e alguns também se comportam de maneiras completamente únicas.	novo
It's a stack of books about Pokémon battling!	É uma pilha de livros sobre batalhas Pokémon!	novo
Whenever it stormed, small blue Pokémon with big ears would gather up north to stock up on the electricity.	Sempre que havia tempestade, pequenos Pokémon azuis de orelhas grandes se reuniam lá no norte para estocar eletricidade.	novo
It's the work calendar of one of the Devon Corp. employees. It seems like they're in a meeting right now!	É o calendário de trabalho de um dos funcionários da Devon Corp. Parece que ele está em uma reunião agora!	novo
I traded a Pokémon with another trainer I met on my adventure.	Troquei um Pokémon com outro treinador que conheci na minha aventura.	novo
But I need to get more Gym Badges for it to listen to me.	Mas preciso de mais Gym Badges para ele me obedecer.	novo
I recall seeing an elegant Ghost Pokémon in the fog near the beach up north in my youth.	Lembro de ter visto um elegante Pokémon fantasma na neblina perto da praia lá no norte, quando eu era jovem.	novo
I wonder if it's still around to this day.	Será que ele ainda está por lá até hoje?	novo
The shelves are stacked with books about Pokémon!	As prateleiras estão abarrotadas de livros sobre Pokémon!	novo
It's a bunch of code. You can't really make out any of it.	É um monte de código. Você não consegue entender nada.	novo
Some Pokémon only come out at night. That's what my teacher said!	Alguns Pokémon só aparecem à noite. Foi o que a minha professora disse!	novo
My dad's a real ace in the Devon Corporation, I'll have you know! It's no wonder I'm an ace myself!	Saiba que o meu pai é um verdadeiro ás na Devon Corporation! Não é à toa que eu também sou um ás!	novo
Here. I'll give you somehing that an Ace Trainer like me uses!	Aqui. Vou te dar uma coisa que um Ace Trainer como eu usa!	novo
If you have a Pokémon hold a Float Stone, its weight will be halved.	Se um Pokémon segurar uma Float Stone, o peso dele cai pela metade.	novo
It'll probably be a while before you can use something like this as well as I can though.	Mas provavelmente vai demorar até você conseguir usar algo assim tão bem quanto eu.	novo
Fused Pokémon: A Handy Guide to Pokémon Fusion	Pokémon Fundidos: Um Guia Prático de Fusão Pokémon	novo
If you get a Gym Badge, you're allowed to participate in Wonder Trades in Pokémon Centers.	Se você conseguir uma Gym Badge, pode participar de Wonder Trades nos Pokémon Centers.	novo
You can get Pokémon from all around the world that way!	Assim dá para conseguir Pokémon do mundo inteiro!	novo
Hello, and welcome to the Devon Corporation.	Olá, e bem-vindo à Devon Corporation.	novo
We produce all kinds of items and medicine that enhance your life.	Produzimos todo tipo de item e remédio para melhorar sua vida.	novo
Meooww!	Miauuu!	novo
If you find a Pokémon fossil somewhere, you can bring it to Devon Corp to have it examined.	Se encontrar um fóssil de Pokémon em algum lugar, pode trazê-lo à Devon Corp para ser examinado.	novo
The Gym Leader, Roxanne, knows a lot about Pokémon. She's really strong, too!	A Gym Leader, Roxanne, sabe muito sobre Pokémon. E ela é muito forte também!	novo
...As I was saying outside, Devon Corporation is Hoenn's largest tech company.	...Como eu dizia lá fora, a Devon Corporation é a maior empresa de tecnologia de Hoenn.	novo
We started off as a simple mining company years ago, and now we do everything.	Começamos como uma simples mineradora anos atrás, e agora fazemos de tudo.	novo
Trainer products, new technologies, energy, space exploration, you name it!	Produtos para treinadores, novas tecnologias, energia, exploração espacial, o que você imaginar!	novo
We even do research on Pokémon fusion! In fact, all of those fields are more connected than one might think.	Até pesquisamos fusão Pokémon! Na verdade, todas essas áreas são mais conectadas do que se imagina.	novo
\PN, I must thank you for helping me, not once, but twice. You really are a special trainer!	\PN, preciso te agradecer por me ajudar, não uma, mas duas vezes. Você é mesmo um treinador especial!	novo
Now, I want you to know I'm a president you can trust.	Agora, quero que saiba que sou um presidente em quem você pode confiar.	novo
To thank you for helping me, I want to give you this for free!	Para agradecer pela ajuda, quero te dar isto de graça!	novo
As long as this is on, any experience you obtain during Pokémon battles will go towards your entire party.	Enquanto isto estiver ligado, toda a experiência que você ganhar em batalhas Pokémon vai para a sua equipe inteira.	novo
This should help a lot for training your Pokémon.	Isso deve ajudar muito no treino dos seus Pokémon.	novo
Mr. Stone, there's a call for you from Mossdeep Space Center on Line 1.	Mr. Stone, há uma ligação para o senhor do Mossdeep Space Center na Linha 1.	novo
Mossdeep Space Center, huh?	Mossdeep Space Center, é?	novo
Excuse me \PN, I have to take this. It'll just be a moment.	Com licença, \PN, preciso atender. Só um momento.	novo
Hello? Mr. Stone speaking.	Alô? Aqui é o Mr. Stone.	novo
Hmm...	Hmm...	novo
Oh no!!	Ah, não!!	novo
And are you completely sure??	E vocês têm certeza absoluta??	novo
It was only supposed to pass by! Double check your calculations! This can't be...	Era só para ele passar perto! Confiram os cálculos de novo! Não pode ser...	novo
...Very well... I'll send them the parts. Let's hope there is still time to prepare...	...Muito bem... Vou mandar as peças para vocês. Vamos torcer para que ainda dê tempo de se preparar...	novo
I'm sorry about that, \PN... That was... Umm... Nothing for you to worry about.	Desculpe por isso, \PN... Aquilo foi... Hum... Nada com que você precise se preocupar.	novo
Although, I do have a favor to ask you.	Mas tenho um favor para te pedir.	novo
Those parts you recovered are an important component for a... uh... vital new project.	Aquelas peças que você recuperou são um componente importante de um... é... novo projeto vital.	novo
Could I get you to deliver it to the \C[1]Shipyard\C[0] in \C[1]Slateport City\C[0]?	Posso te pedir para entregá-las no \C[1]Estaleiro\C[0] de \C[1]Slateport City\C[0]?	novo
Please, I will repay you for the favor.	Por favor, vou te recompensar pelo favor.	novo
Thank you! You'll have to cross the sea to reach Slateport, of course.	Obrigado! Você vai ter que atravessar o mar para chegar a Slateport, é claro.	novo
I'll ask \C[1]Mr. Briney\C[0], the old sailor who lives in that hut on \C[1]Route 104\C[0], to help with the crossing.	Vou pedir ao \C[1]Mr. Briney\C[0], o velho marinheiro que mora naquela cabana na \C[1]Route 104\C[0], para ajudar na travessia.	novo
Go find him, and he should agree to help you.	Vá procurá-lo, e ele deve aceitar te ajudar.	novo
Oh! And while you're at it, could you please make a stop in \C[1]Dewford Town\C[0] to hand this letter to my son, Steven?	Ah! E já que vai, poderia passar em \C[1]Dewford Town\C[0] para entregar esta carta ao meu filho, Steven?	novo
I'm counting on you, my young man!	Conto com você, meu jovem!	novo
I'm counting on you, my young lady!	Conto com você, minha jovem!	novo
Devon Corporation is at the tippy top of Hoenn's tech industry.	A Devon Corporation está no topo da indústria de tecnologia de Hoenn.	novo
They didn't invent fusion technology, but I'm sure that they're looking into ways to perfect it.	Eles não inventaram a tecnologia de fusão, mas tenho certeza de que estão buscando formas de aperfeiçoá-la.	novo
Meoah!	Meoah!	novo
Kahh!	Kahh!	novo
I'm sorry to ask so much of you, but please deliver the Devon Parts to Captain Stern at the Slateport City Shipyard.	Desculpe pedir tanto, mas, por favor, entregue as Devon Parts ao Capitão Stern no Estaleiro de Slateport City.	novo
And deliver the letter to my son Steven on the way there. You should find him in Granite Cave, near Dewford Town.	E entregue a carta ao meu filho Steven no caminho. Você deve encontrá-lo na Granite Cave, perto de Dewford Town.	novo
Devon's president and his son both like to collect rare stones.	O presidente da Devon e o filho dele adoram colecionar pedras raras.	novo
Bahwk!	Bahwk!	novo
Chiah!	Chiah!	novo
Cutting through wood with sharp claws like it's nothing, that's something only a well-trained Pokémon can achieve.	Cortar madeira com garras afiadas como se não fosse nada é algo que só um Pokémon bem treinado consegue.	novo
That determined expression... The limber way you move...	Essa expressão determinada... Esse jeito ágil de se mover...	novo
You're obviously a skilled trainer!	Você obviamente é um treinador habilidoso!	novo
Prove it to me. Defeat my sharp-clawed Pokémon in a battle and I'll hand you my \C[1]secret HM technique.\C[0]	Prove para mim. Derrote meu Pokémon de garras afiadas numa batalha e eu te entrego minha \C[1]técnica secreta de HM.\C[0]	novo
Aiyahh! Show me how deserving you are!	Aiyahh! Mostre que você é digno!	novo
Ah yes, you and your Pokémon possess the spirit of a woodcutter! Take my secret technique!	Ah, sim, você e seus Pokémon têm o espírito de um lenhador! Fique com a minha técnica secreta!	novo
Teach this HM to one of your Pokémon. It will allow you to cut small trees that might block your path.	Ensine esta HM a um dos seus Pokémon. Ela permite cortar árvores pequenas que bloqueiem o seu caminho.	novo
Feel free to test it out on these trees here.	Fique à vontade para testá-la nestas árvores aqui.	novo
Your Pokémon might not be ready after all...	Talvez seus Pokémon não estejam prontos, afinal...	novo
Teach the Cut HM to one of your Pokémon. It will allow you to cut small trees that might block your path.	Ensine a HM Cut a um dos seus Pokémon. Ela permite cortar árvores pequenas que bloqueiem o seu caminho.	novo
I saw a green Marill by the pond, but my big brother won't believe me!	Eu vi um Marill verde perto do lago, mas meu irmão mais velho não acredita em mim!	novo
I swear it's true! It was just past that \C[1]Cut Tree \C[0]!	Juro que é verdade! Foi logo depois daquela \C[1]Árvore de Cut \C[0]!	novo
Can you please try to find it and show it to my brother?	Você pode tentar encontrá-lo e mostrar para o meu irmão?	novo
I swear it's true! It was just past that Cut Tree!	Juro que é verdade! Foi logo depois daquela Árvore de Cut!	novo
Green Marills are so much cooler than the blue ones, do you agree?	Marill verdes são muito mais legais do que os azuis, não acha?	novo
My daddy works at Devon. He made this!	Meu papai trabalha na Devon. Foi ele que fez isto!	novo
But I can't use it, so you can have it.	Mas eu não consigo usar, então pode ficar com você.	novo
When I grow up, I want to work at Devon too!	Quando eu crescer, também quero trabalhar na Devon!	novo
It's a collection of rare minerals!	É uma coleção de minerais raros!	novo
When they were expanding the city of Rustboro, my dad helped out.	Quando estavam expandindo a cidade de Rustboro, meu pai ajudou.	novo
He made his Pokémon use \C[1]Cut\C[0] to clear the land of trees.	Ele fazia os Pokémon dele usarem \C[1]Cut\C[0] para limpar o terreno das árvores.	novo
All Marill are blue, and that's the end of it!	Todos os Marill são azuis, e ponto final!	novo
I guess some Marill can be green too.	Acho que alguns Marill podem ser verdes também.	novo
There's a database filled with pictures of fused Pokémon on the computer. What? No public access?	Tem um banco de dados cheio de fotos de Pokémon fundidos no computador. O quê? Sem acesso público?	novo
Way back in the day, Devon was just a teeny, tiny company.	Lá atrás, antigamente, a Devon era só uma empresinha bem pequenininha.	novo
Looks like the employee at this computer has been browsing the web instead of working!	Parece que o funcionário deste computador anda navegando na internet em vez de trabalhar!	novo
It's an in-depth Wiki about Pokémon Fusion. Have a look?	É uma Wiki detalhada sobre Fusão Pokémon. Dar uma olhada?	novo
Devon Corporation: A Brief History	Devon Corporation: Uma Breve História	novo
Devon Corporation was initially founded by Mr. Stone as a mining company operating in northern Hoenn.	A Devon Corporation foi fundada pelo Mr. Stone como uma mineradora que operava no norte de Hoenn.	novo
It was Mr. Stone's love for fossils and minerals that made the company grow into what it is now.	Foi o amor do Mr. Stone por fósseis e minerais que fez a empresa crescer até ser o que é hoje.	novo
The company rapidly diversified their operations into researching new technologies and is now considered the most influential company in Hoenn.	A empresa rapidamente diversificou suas operações para pesquisar novas tecnologias e hoje é considerada a empresa mais influente de Hoenn.	novo
<o=100><fs=16>Whee...</fs></o>	<o=100><fs=16>Iupii...</fs></o>	novo
<fs=32><outln2><b>SQUAWK!!!!</b></outln></fs>	<fs=32><outln2><b>KRAAAH!!!!</b></outln></fs>	novo
Mr. Stone found a Lileep fossil while digging in his backyard as a child.	O Mr. Stone encontrou um fóssil de Lileep cavando no quintal quando era criança.	novo
This is what gave him his love for Pokémon fossils and inspired him to found this company later in his life.	Foi isso que despertou nele o amor por fósseis de Pokémon e o inspirou a fundar esta empresa mais tarde.	novo
There's a lot to learn about Pokémon fusion! You can look up what you need on the classroom's computer.	Há muito para aprender sobre fusão Pokémon! Você pode pesquisar o que precisar no computador da sala de aula.	novo
I have a lot of questions about our wonderful Hoenn Region, and it seems a lot of others have as well.	Tenho muitas perguntas sobre a nossa maravilhosa região de Hoenn, e parece que muita gente também tem.	novo
Thankfully, this book contains loads of answers!	Felizmente, este livro tem um monte de respostas!	novo
Huh? What's that, Whismur? Are you trying to tell me something?	Hã? O que foi, Whismur? Está tentando me dizer alguma coisa?	novo
Ugh... I can't hear a thing...	Argh... Não consigo ouvir nada...	novo
Whismur's whispers are so soft, I can barely hear them at all!	Os sussurros do Whismur são tão baixinhos que quase não consigo ouvi-los!	novo
It's not its fault, of course, but maybe I should fuse it with something that's louder.	Não é culpa dele, claro, mas talvez eu devesse fundi-lo com algo mais barulhento.	novo
Oh! What about a \C[1]Wingull\C[0]? They're pretty loud, so it should average out.	Ah! Que tal um \C[1]Wingull\C[0]? Eles são bem barulhentos, então deve equilibrar.	novo
Do you think you could find me one?	Você acha que consegue encontrar um para mim?	novo
Maybe that's not such a good idea after all...	Talvez não seja uma ideia tão boa, afinal...	novo
Hey! Did you find a \C[1]Wingull\C[0] to fuse with my Whismur?	Ei! Você encontrou um \C[1]Wingull\C[0] para fundir com o meu Whismur?	novo
If I fuse Whismur with something loud like a Wingull, I should be able to hear what it wants to tell me!	Se eu fundir o Whismur com algo barulhento como um Wingull, devo conseguir ouvir o que ele quer me dizer!	novo
\PN handed over the Wingull.	\PN entregou o Wingull.	novo
Okay, Whismur. Here we go!	Certo, Whismur. Lá vamos nós!	novo
<b>Squawk!</b>	<b>Kráá!</b>	novo
It worked, I can hear it perfectly now!	Funcionou, agora consigo ouvi-lo perfeitamente!	novo
Now, what is it that you've been trying to tell me?	Agora, o que é que você estava tentando me dizer?	novo
<b>Squawk squawk! Squawk!</b>	<b>Kráá kráá! Kráá!</b>	novo
Oh! I get it now!	Ah! Agora entendi!	novo
You want the \C[1]Rare Candies\C[0] I was keeping in the fridge! Of course!	Você quer os \C[1]Rare Candies\C[0] que eu estava guardando na geladeira! Claro!	novo
Here you go, little buddy. Enjoy!	Aqui está, amiguinho. Aproveite!	novo
Uhh....	Hã....	novo
Oh my...	Minha nossa...	novo
<fs=32><outln2><b>SQUAWK SQUAWK!!!! </b></outln></fs>	<fs=32><outln2><b>KRÁÁ KRÁÁ!!!! </b></outln></fs>	novo
Oh no, this is much too loud!	Ah, não, isso está alto demais!	novo
I need to get some earplugs! This was a bad idea!	Preciso arrumar protetores de ouvido! Isso foi uma péssima ideia!	novo
Please, take this last \C[1]Rare Candy\C[0]!	Por favor, fique com este último \C[1]Rare Candy\C[0]!	novo
I hope my neighbours don't file a noise complaint...	Espero que meus vizinhos não façam uma reclamação de barulho...	novo
There's an email on the screen:	Há um e-mail na tela:	novo
"The preliminary analysis on the meteorite you sent me shows that it emits powerful fusion energy, equal to thousands of DNA Splicers, maybe more."	"A análise preliminar do meteorito que você me enviou mostra que ele emite uma poderosa energia de fusão, equivalente a milhares de DNA Splicers, talvez mais."	novo
"This could be very dangerous if it fell in the wrong hands. I will need to keep it here in Fallarbor Town a bit longer for further analysis."\n- Professor Cozmo	"Isso pode ser muito perigoso se cair nas mãos erradas. Vou precisar mantê-lo aqui em Fallarbor Town um pouco mais para mais análises."\n- Professor Cozmo	novo
It's an in-depth book containing frequently asked questions about Hoenn. Have a look?	É um livro detalhado com perguntas frequentes sobre Hoenn. Dar uma olhada?	novo
Huh? Oh, I'm sorry. This area is for employees only.	Hã? Ah, desculpe. Esta área é só para funcionários.	novo
Piuhh!	Piuhh!	novo
It's tapping it's wand against the blackboard, seemingly wanting you to read what's written on the board.	Ele está batendo a varinha no quadro-negro, parecendo querer que você leia o que está escrito no quadro.	novo
We learned about evolutions today!	Hoje aprendemos sobre evoluções!	novo
Did you know that fused Pokémon evolve at the same time as unfused Pokémon?	Você sabia que Pokémon fundidos evoluem no mesmo momento que Pokémon não fundidos?	novo
I specialize in restoring Pokémon fossils to their former glory.	Sou especialista em restaurar fósseis de Pokémon à sua antiga glória.	novo
If you have a fossil, bring it to me!	Se você tiver um fóssil, traga para mim!	novo
There's just too many combinations. I can't remember them all!	São combinações demais. Não consigo lembrar de todas!	novo
I heard there's a secret clearing with rare Pokémon deep in Petalburg woods.	Ouvi dizer que existe uma clareira secreta com Pokémon raros no fundo de Petalburg Woods.	novo
I just have to find it!	Eu só preciso encontrá-la!	novo
Meoh!	Meoh!	novo
I can't identify this new fossil I found. It looks a bit like a dome, but it's also shaped like a helix...	Não consigo identificar este fóssil novo que encontrei. Parece um pouco com uma cúpula, mas também tem formato de hélice...	novo
Could it be the fossil of a Kabuto and Omanyte fusion? Huh, I don't know if that's right...	Será que é o fóssil de uma fusão de Kabuto com Omanyte? Hã, não sei se é isso...	novo
Some wild Pokémon will shy away or freeze up when they see a trainer.	Alguns Pokémon selvagens fogem ou ficam paralisados quando veem um treinador.	novo
Others are curious and will come closer to investigate, or even charge at them!	Outros são curiosos e chegam mais perto para investigar, ou até partem para cima!	novo
A detailed book all about fossil identification. It seems very complicated.	Um livro detalhado sobre identificação de fósseis. Parece muito complicado.	novo
Attack, Defense and Speed are the \C[1]Physical stats\C[0]. They are passed down more effectively in fusions by the \C[1]Body Pokémon\C[0].	Attack, Defense e Speed são os \C[1]stats Físicos\C[0]. Nas fusões, eles são passados com mais força pelo \C[1]Pokémon do Corpo\C[0].	novo
Special Attack, Special Defense and HP are the \C[1]Special stats\C[0]. They are passed down more effectively in fusions by the \C[1]Head Pokémon\C[0].	Special Attack, Special Defense e HP são os \C[1]stats Especiais\C[0]. Nas fusões, eles são passados com mais força pelo \C[1]Pokémon da Cabeça\C[0].	novo
What were these Pokémon thinking... Why would they want to fuse together like this?	No que esses Pokémon estavam pensando... Por que iriam querer se fundir desse jeito?	novo
Oh, hi. I do research on Pokémon behaviors.	Ah, oi. Eu pesquiso comportamentos de Pokémon.	novo
I'm trying to get a better understanding of what pushes wild Pokémon to fuse together in the wild, but I don't have enough data.	Estou tentando entender melhor o que leva os Pokémon selvagens a se fundirem na natureza, mas não tenho dados suficientes.	novo
I've caught a glimpse of it once. Two Pokémon attacked me at once, but just before battling me, they fused together!	Eu vi isso acontecer uma vez. Dois Pokémon me atacaram ao mesmo tempo, mas pouco antes de batalhar comigo, eles se fundiram!	novo
Was it a conscious decision? An involuntary reflex? That's what I'm trying to figure out... But I need more data!	Foi uma decisão consciente? Um reflexo involuntário? É isso que estou tentando descobrir... Mas preciso de mais dados!	novo
Could you please go out and see if you can get wild Pokémon to fuse together before they battle you?	Você poderia sair por aí e ver se consegue fazer Pokémon selvagens se fundirem antes de batalharem com você?	novo
Excellent! To make sure that I have enough data, we would need to see it happen \C[1]at least three times\C[0].	Excelente! Para garantir que eu tenha dados suficientes, precisaríamos ver isso acontecer \C[1]pelo menos três vezes\C[0].	novo
Now go and gather some data for me!	Agora vá coletar alguns dados para mim!	novo
\C[2]NOTICE: This quest can only be completed with the "Overworld Encounters" option enabled.	\C[2]AVISO: Esta missão só pode ser concluída com a opção "Overworld Encounters" ativada.	novo
Are you back from gathering data?	Voltou da coleta de dados?	novo
Wow! It happened the same way each time. This confirms that it wasn't a fluke!	Uau! Aconteceu do mesmo jeito todas as vezes. Isso confirma que não foi por acaso!	novo
I see... Maybe the Pokémon felt the need to fuse together because they felt threatened?	Entendo... Talvez os Pokémon tenham sentido necessidade de se fundir porque se sentiram ameaçados?	novo
There's still much to learn, but I feel like I'm getting a better understanding of how Pokémon think already.	Ainda há muito para aprender, mas sinto que já estou entendendo melhor como os Pokémon pensam.	novo
Thank you! Here's for helping me.	Obrigado! Isto é pela sua ajuda.	novo
I've caught a glimpse of it once. Two Pokémon attacked me at once but just before battling me, they fused together!	Eu vi isso acontecer uma vez. Dois Pokémon me atacaram ao mesmo tempo, mas pouco antes de batalhar comigo, eles se fundiram!	novo
Please go out and see if you can get wild Pokémon to fuse together before they battle you.	Por favor, saia por aí e veja se consegue fazer Pokémon selvagens se fundirem antes de batalharem com você.	novo
We would need to see it happen three different times to have enough data.	Precisaríamos ver isso acontecer três vezes diferentes para ter dados suficientes.	novo
Devon Corp develops all kinds of new technology!	A Devon Corp desenvolve todo tipo de tecnologia nova!	novo
My dream is to create a device that allows us to talk with Pokémon.	Meu sonho é criar um aparelho que nos permita conversar com os Pokémon.	novo
Understanding Pokémon behavior is a large part of catching Pokémon!	Entender o comportamento dos Pokémon é uma parte importante de capturá-los!	novo
Students who don't study get a little taste of my \C[1]Quick Claw\C[0].	Alunos que não estudam provam um pouquinho da minha \C[1]Quick Claw\C[0].	novo
Whether or not you are a good student will be evident from the way you use this item.	Se você é um bom aluno ou não, vai ficar evidente pelo jeito que usar este item.	novo
A Pokémon holding the Quick Claw will occasionally speed up and get to move before its opponent.	Um Pokémon segurando a Quick Claw às vezes fica mais rápido e age antes do oponente.	novo
There are many other items that are meant to be held by Pokémon.	Há muitos outros itens feitos para os Pokémon segurarem.	novo
Just those alone will give you many topics to study.	Só eles já dão muitos assuntos para estudar.	novo
A fusion can learn all of the moves of both its Body Pokémon and its Head Pokémon.	Uma fusão pode aprender todos os golpes tanto do Pokémon do Corpo quanto do Pokémon da Cabeça.	novo
Mah!	Mah!	novo
Clefairy is tapping the blackboard!	O Clefairy está batendo no quadro-negro!	novo
Piuh piuh!	Piuh piuh!	novo
Piuh piuh piuh!!!	Piuh piuh piuh!!!	novo
Clefairy reached out to hand you something.	O Clefairy estendeu a mão para te entregar algo.	novo
Piuh...	Piuh...	novo
Fusions inherit the ability of either one of its base Pokémon.	As fusões herdam a habilidade de um dos seus Pokémon de origem.	novo
I hear that Mr. Stone, the president of Devon Corp. is obsessed with Pokémon Fossils!	Ouvi dizer que o Mr. Stone, presidente da Devon Corp., é obcecado por Fósseis de Pokémon!	novo
Heya! Do you have a PokéNav?	E aí! Você tem um PokéNav?	novo
I've been working on this app for it. Here, let me install it for you!	Estou trabalhando num app para ele. Aqui, deixa eu instalar para você!	novo
It's a music app! Use it to listen to your favorite tracks wherever you want!	É um app de música! Use para ouvir suas faixas favoritas onde quiser!	novo
What do you think of the Jukebox App on your PokéNav? Have you been using it?	O que você acha do App Jukebox no seu PokéNav? Tem usado?	novo
What do you want?	O que você quer?	novo
Can't you see we're busy? Get lost!	Não está vendo que estamos ocupados? Some daqui!	novo
I'm working, leave me alone!	Estou trabalhando, me deixe em paz!	novo
The beach, the fresh air... This city reminds me a lot of Cianwood City in my home region...	A praia, o ar puro... Esta cidade me lembra muito Cianwood City, da minha região natal...	novo
I'm an adventurer from the \C[1]Johto region\C[0]. I came here while on a journey to explore the world!	Sou um aventureiro da \C[1]região de Johto\C[0]. Vim para cá durante uma jornada para explorar o mundo!	novo
Hey, you there in the cave! Come over here, we wanna have a small chat...	Ei, você aí na caverna! Vem cá, a gente quer ter uma conversinha...	novo
So... You were with that Steven guy in the cave, huh? Mind if we have a chat?	Então... Você estava com aquele tal de Steven na caverna, né? Se importa de conversarmos?	novo
Fufufu... What's with that look? I'm just a bit curious, that's all!	Fufufu... Que cara é essa? Só estou um pouco curioso, só isso!	novo
And don't even think of lying! We saw him walk out just before you!	E nem pense em mentir! Vimos ele sair logo antes de você!	novo
That Steven... He's a pretty famous guy, you know. Son of the Devon president and all...	Esse Steven... Ele é bem famoso, sabia? Filho do presidente da Devon e tudo mais...	novo
A guy like that has got to know a lot of useful intel...	Um cara desses tem que saber um monte de informação útil...	novo
Speaking of intel, we caught wind that some \C[1]Devon Parts\C[0] we've been searching for are being shipped to Slateport...	Falando em informação, ficamos sabendo que umas \C[1]Devon Parts\C[0] que estamos procurando estão sendo enviadas para Slateport...	novo
Did that Steven guy tell you about anything like that?	Aquele tal de Steven te contou alguma coisa sobre isso?	novo
Heh, so it is true, then.	Hehe, então é verdade.	novo
Heh, is that so?	Hehe, é mesmo?	novo
Well I guess we'll have to go and check it out ourselves then.	Bom, acho que vamos ter que ir conferir nós mesmos, então.	novo
Alright, no time to waste. Let's head for Slateport!	Certo, sem tempo a perder. Vamos para Slateport!	novo
Ahoy! For you, I'll go out to sea anytime!	Ahoy! Por você, eu saio para o mar a qualquer hora!	novo
Now, my friend, where are we bound?	Agora, meu amigo, para onde vamos?	novo
Petalburg Town	Petalburg Town	novo
Slateport City	Slateport City	novo
I suppose you're off to deliver that letter to... Who was it now, Steven?	Imagino que você esteja indo entregar aquela carta para... Quem era mesmo, Steven?	novo
I'll stay anchored here for you until you're done with your errand.	Vou ficar ancorado aqui esperando até você terminar sua tarefa.	novo
Or I can ferry you back to Petalburg if ye need to.	Ou posso te levar de volta para Petalburg, se precisar.	novo
Imported goods from the mainland! What do you want to buy?	Produtos importados do continente! O que você quer comprar?	novo
I wanted to go inside Granite Cave to catch rare Pokémon, but it's just so dark in there. I couldn't do it!	Eu queria entrar na Granite Cave para capturar Pokémon raros, mas é escuro demais lá dentro. Não consegui!	novo
Staryu come up to the surface of the ocean to feed at night.	Os Staryu sobem até a superfície do oceano para se alimentar à noite.	novo
Sometimes, when the moon's glow reflects on the gem at the center of their bodies, staring at the ocean is like you're looking up at the starry sky!	Às vezes, quando o brilho da lua reflete na joia no centro do corpo deles, olhar para o oceano é como olhar para um céu estrelado!	novo
Dewford Gym	Ginásio de Dewford	novo
Gym Leader: Brawly, a big wave in \V[1000]	Gym Leader: Brawly, uma grande onda no tipo \V[1000]	novo
Dewford Town: A tiny island in the blue sea.	Dewford Town: Uma pequena ilha no mar azul.	novo
Dewford Hall\nEveryone exchanges information here!	Salão de Dewford\nTodo mundo troca informações aqui!	novo
Come on in! There's plenty for everyone!	Pode entrar! Tem para todo mundo!	novo
You, there! Are you here to get your hands on the new \C[3]DNA Splicers\C[0] too?	Você aí! Também veio pôr as mãos nos novos \C[3]DNA Splicers\C[0]?	novo
I wonder what the footprints of fused Pokémon look like.	Fico imaginando como são as pegadas de Pokémon fundidos.	novo
I'm gonna fuse every Pokémon in my team!	Vou fundir todos os Pokémon do meu time!	novo
I was worried for nothing. They still have plenty of DNA Splicers in stock!	Me preocupei à toa. Eles ainda têm bastante DNA Splicers em estoque!	novo
What should I fuse Lotad with? Oh, there are so many possibilities!	Com o que eu devia fundir o Lotad? Ah, são tantas possibilidades!	novo
Hold on, lass! Wait up, Peeko!	Espere, mocinha! Espere, Peeko!	novo
Oh, if it ain't \PN! You're the one who saved my darling Peeko!	Ora, se não é \PN! Você é quem salvou a minha querida Peeko!	novo
Peeko's been tearin' about on those new fusion legs of hers!	A Peeko não para de correr por aí com essas pernas de fusão novas dela!	novo
Aye, but we owe you for that day!	Sim, mas estamos em dívida com você por aquele dia!	novo
What's that? You want to sail with me? What's this all about, then?	O que é isso? Você quer navegar comigo? Do que se trata, então?	novo
A letter bound for Dewford? Certainly, that'd be no problem at all.	Uma carta com destino a Dewford? Claro, isso não seria problema nenhum.	novo
I'll be waitin' for you out front. Come, Peeko! We're setting out to sea again!	Vou ficar esperando por você lá na frente. Venha, Peeko! Vamos para o mar de novo!	novo
It's good to watch the news to keep up with what's happening around the region.	É bom assistir ao jornal para ficar por dentro do que está acontecendo na região.	novo
If the TV's on when you enter a place, it's probably worth checking out!	Se a TV estiver ligada quando você entrar em algum lugar, provavelmente vale a pena dar uma olhada!	novo
Looks comfy! Better get going.	Parece confortável! Melhor ir andando.	novo
Pokémon like Berries so much that whenever they eat one, they always reach through my bag after the battle and grab a new one!	Os Pokémon gostam tanto de Berries que, sempre que comem uma, eles enfiam a mão na minha bolsa depois da batalha e pegam outra!	novo
Here! Have these and try it with your Pokémon too!	Aqui! Fique com estas e experimente com seus Pokémon também!	novo
Items can make the difference between winning and losing a battle. Never forget to stock up on them!	Itens podem fazer a diferença entre vencer e perder uma batalha. Nunca se esqueça de estocá-los!	novo
I saw that reporter from TV right here in town!	Eu vi aquela repórter da TV bem aqui na cidade!	novo
Have you seen my son, Wally?	Você viu meu filho, o Wally?	novo
We're preparing for a move, but he's nowhere to be found...	Estamos nos preparando para uma mudança, mas ele não está em lugar nenhum...	novo
There you are, Wally! We were looking for you.	Aí está você, Wally! Estávamos te procurando.	novo
We're leaving for Verdanturf soon, so make sure that everything's packed and ready.	Vamos partir para Verdanturf em breve, então garanta que esteja tudo embalado e pronto.	novo
You're... Ah, you must be \PN, right? Thank you for playing with Wally a little while ago.	Você é... Ah, você deve ser \PN, certo? Obrigado por brincar com o Wally agora há pouco.	novo
He's been frail and sickly ever since he was a baby so we're sending him to stay with my brother's family in Verdanturf Town for a while.	Ele é frágil e doente desde bebê, então vamos mandá-lo ficar com a família do meu irmão em Verdanturf Town por um tempo.	novo
The air is a lot cleaner there than it is here, so it should be good for his health.	O ar lá é muito mais limpo do que aqui, então deve fazer bem para a saúde dele.	novo
I wonder how Wally is doing with my brother in Verdanturf Town.	Como será que o Wally está com meu irmão em Verdanturf Town?	novo
Wally was so happy when he told us that he'd caught a Pokémon...	O Wally ficou tão feliz quando contou que tinha capturado um Pokémon...	novo
And he even got to try out that new splicer that his uncle gifted too. I haven't seen him beam like that in a long time.	E ele ainda pôde experimentar aquele splicer novo que o tio dele deu de presente. Há muito tempo não o via sorrir assim.	novo
Norman is our new Gym Leader.	O Norman é o nosso novo Gym Leader.	novo
I think he used to be a Gym Leader somewhere in Johto before he moved here.	Acho que ele era Gym Leader em algum lugar de Johto antes de se mudar para cá.	novo
I battled Norman once, but whew, he was way too strong.	Batalhei com o Norman uma vez, mas nossa, ele era forte demais.	novo
The Berry-growing contest is held annually here in Petalburg Town.	O concurso de cultivo de Berries acontece todo ano aqui em Petalburg Town.	novo
It attracts berry-enthusiasts from all around the region!	Ele atrai entusiastas de Berries de toda a região!	novo
How's the Pokémon-catching going? Here, I'll give you some more Pokéballs.	Como vai a captura de Pokémon? Aqui, vou te dar mais algumas Pokéballs.	novo
You can just go to one of the surrounding routes to catch a Pokémon for Wally.	Você pode simplesmente ir a uma das rotas ao redor para capturar um Pokémon para o Wally.	novo
Part of being a Pokémon Trainer is making time to help others!	Parte de ser um Treinador Pokémon é arrumar tempo para ajudar os outros!	novo
Hm? Aren't you going to the Pokémon Gym in \C[1]Rustboro City\C[0]?	Hm? Você não vai ao Ginásio Pokémon de \C[1]Rustboro City\C[0]?	novo
There's no challenge for me to battle a greenhorn trainer.	Não tem desafio nenhum para mim em batalhar com um treinador novato.	novo
\PN, I want you to challenge me when you become a lot stronger.	\PN, quero que você me desafie quando estiver muito mais forte.	novo
I'll battle you when you can show me \C[1]four Gym Badges\C[0], okay?	Eu batalho com você quando puder me mostrar \C[1]quatro Gym Badges\C[0], certo?	novo
This door appears to be locked.	Esta porta parece estar trancada.	novo
You know, I was really surprised that you managed to get here by yourself.	Sabe, fiquei muito surpreso por você ter conseguido chegar aqui sozinho.	novo
Ah... I see. You're making a good start on your Pokémon team!	Ah... Entendo. Você está começando bem o seu time Pokémon!	novo
And is that a fused Pokémon I see? You're really on your way to become a Trainer like me, \PN!	E isso é um Pokémon fundido que estou vendo? Você está mesmo a caminho de se tornar um Treinador como eu, \PN!	novo
Mh-hmm! Then I guess you're going to become a trainer like me, \PN?	Hum-hum! Então acho que você vai se tornar um treinador como eu, \PN?	novo
Now that's something to look forward to!	Isso é algo pelo que vale a pena esperar!	novo
Um... E-excuse me...	Hum... C-com licença...	novo
I... I'd like to get a Pokémon, please...	E-eu gostaria de conseguir um Pokémon, por favor...	novo
Hm? Aren't you...	Hm? Você não é...	novo
You're Wally, right?	Você é o Wally, certo?	novo
Y-yes... I'm supposed to go stay with my relatives in Verdanturf Town for a while.	S-sim... Eu vou ficar com meus parentes em Verdanturf Town por um tempo.	novo
But I thought I might be lonely by myself, so I wanted to bring a Pokémon with me.	Mas achei que poderia me sentir sozinho, então queria levar um Pokémon comigo.	novo
But, I've never caught a Pokémon by myself... I'm not sure if I can.	Mas eu nunca capturei um Pokémon sozinho... Não sei se consigo.	novo
Hm-hmm. I see.	Hum-hum. Entendo.	novo
\PN! You heard all that, right?	\PN! Você ouviu tudo isso, não é?	novo
You go with Wally, and make sure that he safely catches a Pokémon.	Vá com o Wally e garanta que ele capture um Pokémon em segurança.	novo
Here, I'll give you a few Poké Balls, so go give it your best!	Aqui, vou te dar algumas Poké Balls, então dê o seu melhor!	novo
Th-thank you, Mr. Norman!	O-obrigado, Sr. Norman!	novo
Um... \PN?	Hum... \PN?	novo
You will... You will come with me, right?	Você vai... Você vai comigo, não vai?	novo
There you are, I was looking for you!	Aí está você, estava te procurando!	novo
So, how did it go?	E então, como foi?	novo
It went really well, sir! Thank you!	Foi muito bem, senhor! Obrigado!	novo
\PN showed me how to catch Pokémon and then I went and caught another all on my own!	\PN me mostrou como capturar Pokémon e depois eu fui e capturei outro sozinho!	novo
You already seem a lot more confident than before. I think that you have a lot of potential as a Pokémon trainer.	Você já parece muito mais confiante do que antes. Acho que você tem muito potencial como treinador Pokémon.	novo
Thank you so much, sir.	Muito obrigado, senhor.	novo
Thank you so much, \PN. It was all thanks to you that I was able to catch Ralts.	Muito obrigado, \PN. Foi tudo graças a você que eu consegui capturar o Ralts.	novo
And I can't forget about the \V[1] you gave me too!	E não posso esquecer do \V[1] que você me deu também!	novo
And I.. uhh... I think I know what I want to do.	E eu.. hã... Acho que sei o que quero fazer.	novo
My uncle gave me a pair of \C[3]DNA Splicers\C[0] as a gift... I think I want to use it on them!	Meu tio me deu um par de \C[3]DNA Splicers\C[0] de presente... Acho que quero usar neles!	novo
Is this a good idea?	Isso é uma boa ideia?	novo
Of course it is! Fusing Pokémon is becoming an important part of being a Pokémon Trainer. I have some fusions of my own too.	Claro que é! Fundir Pokémon está se tornando uma parte importante de ser um Treinador Pokémon. Eu também tenho algumas fusões.	novo
Then it's settled! I'm going to do it right now!	Então está decidido! Vou fazer agora mesmo!	novo
...Here I go!	...Lá vou eu!	novo
Woah! I can't believe how much it changed!	Uau! Não acredito no quanto ele mudou!	novo
My very own fusion! I will always, always treasure it!	Minha própria fusão! Vou guardá-la para sempre com carinho!	novo
I hope we'll meet again, \PN. And you too, Mr. Norman!	Espero que a gente se encontre de novo, \PN. E o senhor também, Sr. Norman!	novo
Hmm. That boy will be worth keeping an eye on.	Hum. Vale a pena ficar de olho nesse garoto.	novo
But for now...	Mas, por enquanto...	novo
\PN, if you want to become a strong trainer, here's my advice.	\PN, se você quer se tornar um treinador forte, aqui vai meu conselho.	novo
Head for \C[1]Rustboro City\C[0] beyond this town.	Siga para \C[1]Rustboro City\C[0], depois desta cidade.	novo
There, you should challenge the Gym Leader, \C[1]Roxanne\C[0].	Lá, você deve desafiar a Gym Leader, \C[1]Roxanne\C[0].	novo
After her, go on to other Pokémon Gyms and defeat their leaders.	Depois dela, vá para os outros Ginásios Pokémon e derrote os líderes.	novo
Collect \C[1]badges\C[0] from them, understood?	Junte as \C[1]insígnias\C[0] deles, entendido?	novo
Of course, I'm a Gym Leader, too. We'll battle one day, \PN.	Claro, eu também sou Gym Leader. Vamos batalhar um dia, \PN.	novo
But that's only after you become stronger.	Mas só depois que você ficar mais forte.	novo
Do you have an \C[1]Oricorio\C[0]? I heard that some can be found behind the flower shop.	Você tem um \C[1]Oricorio\C[0]? Ouvi dizer que dá para encontrar alguns atrás da floricultura.	novo
Oh, that Oricorio in your team is so precious!	Ah, esse Oricorio no seu time é uma graça!	novo
Did you know? Oricorio can change form when it drinks the nectar from flowers like the ones here!	Você sabia? O Oricorio muda de forma quando bebe o néctar de flores como as daqui!	novo
There are 4 types of nectar flowers: \C[5]pink\C[0], \C[6]yellow\C[0], \C[2]red\C[0], and \C[1]blue.	Há 4 tipos de flores de néctar: \C[5]rosa\C[0], \C[6]amarela\C[0], \C[2]vermelha\C[0] e \C[1]azul.	novo
I'll give you something if you show me Oricorio in each of its forms!	Te dou uma coisa se você me mostrar o Oricorio em cada uma das formas!	novo
Oh! That's a \C[2]Baile style Oricorio!\C[0] It transforms into this form after drinking some \C[2]red flower nectar\C[0].	Ah! É um \C[2]Oricorio estilo Baile!\C[0] Ele se transforma nesta forma depois de beber \C[2]néctar de flor vermelha\C[0].	novo
This flower's nectar is a bit spicy... They brings out the fire in Oricorio!	O néctar desta flor é meio picante... Ele desperta o fogo do Oricorio!	novo
Here, you can have some of this.	Aqui, pode ficar com um pouco disto.	novo
This is a sample of the nectar that Oricorio drank to transform into the Baile form. You can use this to change its form anywhere!	Esta é uma amostra do néctar que o Oricorio bebeu para se transformar na forma Baile. Você pode usá-la para mudar a forma dele em qualquer lugar!	novo
Oh! That's a \C[6]Pom-Pom style Oricorio!\C[0] It transforms into this form after drinking some \C[6]yellow flower nectar\C[0].	Ah! É um \C[6]Oricorio estilo Pom-Pom!\C[0] Ele se transforma nesta forma depois de beber \C[6]néctar de flor amarela\C[0].	novo
This flower's nectar is very sour... It makes Oricorio crackle with electricity!	O néctar desta flor é bem azedo... Ele faz o Oricorio estalar de eletricidade!	novo
This is a sample of the nectar that Oricorio drank to transform into the Pom-Pom form.	Esta é uma amostra do néctar que o Oricorio bebeu para se transformar na forma Pom-Pom.	novo
You can use this to change its form anywhere!	Você pode usá-la para mudar a forma dele em qualquer lugar!	novo
Oh! That's a \C[5]Pa'u style Oricorio!\C[0] It transforms into this form after drinking some \C[5]pink flower nectar\C[0].	Ah! É um \C[5]Oricorio estilo Pa'u!\C[0] Ele se transforma nesta forma depois de beber \C[5]néctar de flor rosa\C[0].	novo
This flower's nectar tastes gently sweet... It sharpens Oricorio's senses!	O néctar desta flor tem um sabor suavemente doce... Ele aguça os sentidos do Oricorio!	novo
This is a sample of the nectar that Oricorio drank to transform into the Pa'u form. You can use this to change its form anywhere!	Esta é uma amostra do néctar que o Oricorio bebeu para se transformar na forma Pa'u. Você pode usá-la para mudar a forma dele em qualquer lugar!	novo
Oh! That's a \C[1]Sensu style Oricorio!\C[0] It transforms into this form after drinking some \C[1]blue flower nectar\C[0].	Ah! É um \C[1]Oricorio estilo Sensu!\C[0] Ele se transforma nesta forma depois de beber \C[1]néctar de flor azul\C[0].	novo
This flower's nectar is very bitter... It awakens the mysterious side of Oricorio!	O néctar desta flor é bem amargo... Ele desperta o lado misterioso do Oricorio!	novo
This is a sample of the nectar that Oricorio drank to transform into the Sensu form. You can use this to change its form anywhere!	Esta é uma amostra do néctar que o Oricorio bebeu para se transformar na forma Sensu. Você pode usá-la para mudar a forma dele em qualquer lugar!	novo
That's it, those are all of the different Oricorio forms!	É isso, essas são todas as formas diferentes do Oricorio!	novo
You can buy some more nectar from me if you want. It's useful if you can't find a flower nearby!	Você pode comprar mais néctar comigo se quiser. É útil se não houver uma flor por perto!	novo
And you can even use nectar to change forms during battles!	E dá até para usar o néctar para mudar de forma durante as batalhas!	novo
Would you like to purchase some nectar? It can be used to change Oricorio's form when there isn't a flower nearby!	Gostaria de comprar um pouco de néctar? Ele serve para mudar a forma do Oricorio quando não há uma flor por perto!	novo
It's bouquet of red flowers! They give off a warm, tingling aroma	É um buquê de flores vermelhas! Elas soltam um aroma quente e picante	novo
Oh, these flowers only produce their special nectar when they're in the wild. You won't get any from the ones in here!	Ah, estas flores só produzem o néctar especial quando estão na natureza. Você não vai conseguir nada das que estão aqui dentro!	novo
It's bouquet of yellow flowers. They smell a bit sour!	É um buquê de flores amarelas. O cheiro é meio azedo!	novo
Hello! This is the Pretty Petal flower shop. Spreading flowers all over the world!	Olá! Esta é a floricultura Pretty Petal. Espalhando flores pelo mundo todo!	novo
\PN, would you like to learn about Berries?	\PN, gostaria de aprender sobre Berries?	novo
Berries grow on trees that thrive only in soft, loamy soil.	As Berries crescem em árvores que só se dão bem em terra fofa e fértil.	novo
If you take some Berries, be sure to plant one in the loamy soil again.	Se pegar algumas Berries, não deixe de plantar uma de novo na terra fértil.	novo
I want to see the whole wide world filled with beautiful flowers. That's my dream.	Quero ver o mundo inteiro cheio de flores lindas. Esse é o meu sonho.	novo
Please help me achieve my dream and plant all the Berries you can find. Then water them with this!	Por favor, me ajude a realizar meu sonho e plante todas as Berries que encontrar. Depois regue-as com isto!	novo
Flowers bring so much happiness, don't you think?	As flores trazem tanta alegria, não acha?	novo
Make sure to use some fertilizer if you want your Berries to grow faster.	Use um pouco de adubo se quiser que suas Berries cresçam mais rápido.	novo
It's bouquet of blue flowers! They have a slightly strong smell.	É um buquê de flores azuis! Elas têm um cheiro um pouco forte.	novo
The more attention you give to plants, the more they reward you.	Quanto mais atenção você dá às plantas, mais elas te recompensam.	novo
Try to plant this one!	Tente plantar esta!	novo
If you water them diligently, the more Berries they'll yield.	Quanto mais você regar com dedicação, mais Berries elas vão dar.	novo
It's bouquet of pink flowers. They give off a slightly sweet aroma!	É um buquê de flores rosa. Elas soltam um aroma levemente doce!	novo
There you are, I was looking around for you!	Aí está você, estava te procurando por aí!	novo
You walked right past me! You must be really eager to make secret bases!	Você passou direto por mim! Deve estar mesmo ansioso para fazer bases secretas!	novo
Heheh, that's good.	Hehe, isso é bom.	novo
You can use Secret Power on a variety of surfaces. Trees, cliffs, bushes, the world is your oyster!	Você pode usar Secret Power em vários tipos de superfície. Árvores, penhascos, arbustos, o mundo é seu!	novo
Looks like you found a cool Secret Base spot, how do you like it?	Parece que você encontrou um ótimo lugar para uma Base Secreta, o que achou?	novo
Mm-hmm! Not a bad layout...	Hum-hum! Nada mal a disposição...	novo
Secret Bases come in all kindsa shapes and sizes, so you gotta look around for the perfect one!	Bases Secretas vêm em todo tipo de formato e tamanho, então você tem que procurar a perfeita!	novo
Oh yeah, every Secret Base comes with your personal \C[1]PC\C[0]. You can use it to decorate your base to your liking.	Ah, é, toda Base Secreta vem com o seu \C[1]PC\C[0] pessoal. Você pode usá-lo para decorar sua base do seu jeito.	novo
I'll give you some basic furniture to get you started. Come on, try it out!	Vou te dar uns móveis básicos para começar. Vamos, experimente!	novo
You can use the \C[1]PC\C[0] to place those around the room!	Você pode usar o \C[1]PC\C[0] para colocá-los pela sala!	novo
You can use the \C[1]PC\C[0] to place decorations around the room. Come on, give it a try!	Você pode usar o \C[1]PC\C[0] para colocar decorações pela sala. Vamos, experimente!	novo
Your room's looking good!	Sua sala está ficando ótima!	novo
There's plenty of other kinds of decorations to be found around the region, so explore around.	Há vários outros tipos de decoração para encontrar pela região, então explore por aí.	novo
Now, when you're ready to share your Secret Base with the world, you can place this \C[1]Mannequin \C[0].	Agora, quando estiver pronto para compartilhar sua Base Secreta com o mundo, você pode colocar este \C[1]Manequim \C[0].	novo
This acts as your avatar! Once you place it, your base will become visible to other trainers around the world.	Ele funciona como seu avatar! Depois que você colocá-lo, sua base vai ficar visível para outros treinadores do mundo todo.	novo
They'll be able to battle your team. You can even set a custom message for them!	Eles vão poder batalhar contra o seu time. Você pode até definir uma mensagem personalizada para eles!	novo
You might also come across other trainer bases when you're adventuring around, so stay on the lookout!	Você também pode encontrar bases de outros treinadores enquanto se aventura por aí, então fique de olho!	novo
That's about all you need to know... You're a Secret Bases pro now!	É basicamente isso que você precisa saber... Agora você é um profissional em Bases Secretas!	novo
Looks like it's about time for me to go decorate my own base. Goodbye for now, \PN!	Parece que está na hora de eu ir decorar a minha própria base. Até logo, \PN!	novo
A rock-type gym, a nearby forest... This city reminds me a lot of Pewter City in my home region...	Um ginásio de tipo Rock, uma floresta por perto... Esta cidade me lembra muito Pewter City, da minha região natal...	novo
I'm an adventurer from the \C[1]Kanto region\C[0]. I came here while on a journey to explore the world!	Sou um aventureiro da \C[1]região de Kanto\C[0]. Vim para cá durante uma jornada para explorar o mundo!	novo
I have plenty of other outfits from my home region, Kanto. Tell me if you see anything you like!	Tenho várias outras roupas da minha região natal, Kanto. Me diga se gostar de alguma coisa!	novo
Looks like it's just debris...	Parece que é só entulho...	novo
Alright, time to learn how to make your very own Secret Base!	Muito bem, hora de aprender a fazer sua própria Base Secreta!	novo
The first step is to teach one of your Pokémon the move \C[1]Secret Power\C[0] using the TM I gave you.	O primeiro passo é ensinar a um dos seus Pokémon o golpe \C[1]Secret Power\C[0] usando a TM que eu te dei.	novo
Already one step ahead of me, huh? I like that!	Já está um passo à minha frente, é? Gostei disso!	novo
That's it!	É isso!	novo
You can use \C[1]Secret Power\C[0] on a variety of surfaces to make your secret base!	Você pode usar \C[1]Secret Power\C[0] em vários tipos de superfície para fazer sua base secreta!	novo
That spot in the bush is my own base, so it's already taken.	Aquele lugar no arbusto é a minha própria base, então já está ocupado.	novo
But why don't you try to use it on that \C[1]cliff side \C[0]?	Mas por que não tenta usar naquela \C[1]encosta \C[0]?	novo
Or maybe even one of those \C[1]trees\C[0] over there. The world's your oyster!	Ou talvez até numa daquelas \C[1]árvores\C[0] ali. O mundo é seu!	novo
You can create secret bases anywhere. Go ahead, pick any spot that speaks to you!	Você pode criar bases secretas em qualquer lugar. Vá em frente, escolha o lugar que mais combinar com você!	novo
Come on, don't be shy. Teach it to one of your Pokémon!	Vamos, não fique com vergonha. Ensine a um dos seus Pokémon!	novo
That spot in the bush is my base, so it's already taken.	Aquele lugar no arbusto é a minha base, então já está ocupado.	novo
Or maybe on one of those \C[1]trees\C[0] over there. The world's your oyster!	Ou talvez numa daquelas \C[1]árvores\C[0] ali. O mundo é seu!	novo
You can create secret bases anywhere. Pick whichever spot speaks to you!	Você pode criar bases secretas em qualquer lugar. Escolha o lugar que mais combinar com você!	novo
Hey there! The name's Aarune, welcome to my secret base!	E aí! Meu nome é Aarune, bem-vindo à minha base secreta!	novo
Huh? You don't know about secret bases?!	Hã? Você não conhece bases secretas?!	novo
What kinda life is that? Too sad, little sis. Let me give you the run-down.	Que tipo de vida é essa? Que triste, maninha. Deixa eu te explicar.	novo
What kinda life is that? Too sad, little bro. Let me give you the run-down.	Que tipo de vida é essa? Que triste, maninho. Deixa eu te explicar.	novo
A secret base is... Adventure! Romance! Awesome!	Uma base secreta é... Aventura! Romance! Demais!	novo
It's the best place to chill and hang out with your pals!	É o melhor lugar para relaxar e curtir com os amigos!	novo
Since you've got this chance, you oughta learn how to make one. Take this.	Já que você tem essa chance, devia aprender a fazer uma. Pegue isto.	novo
Teach this to one of your Pokémon and follow me outside, I'll show you how to use it. C'mon!	Ensine isto a um dos seus Pokémon e me siga lá fora, vou te mostrar como usar. Vamos!	novo
Hey there! Is there anything you'd like to know about \C[1]Secret Bases\C[0]?	E aí! Tem algo que você queira saber sobre \C[1]Bases Secretas\C[0]?	novo
How to make a secret base?	Como fazer uma base secreta?	novo
Where to find decorations?	Onde encontrar decorações?	novo
Other trainers?	Outros treinadores?	novo
Your adventure awaits!\wtnp[40]	Sua aventura te espera!\wtnp[40]	novo
You're on your way to the Hoenn region!	Você está a caminho da região de Hoenn!	novo
I wanted to go to the beach the other day, but it started raining so I packed up and went back home.	Eu queria ir à praia outro dia, mas começou a chover, então arrumei as coisas e voltei para casa.	novo
I love all kinds of Pokémon, yes of course.	Eu amo todo tipo de Pokémon, claro.	novo
But the one I love the most above all is \C[1]Kirlia \C[0]. Oh, I wish I had one!	Mas o que eu mais amo de todos é o \C[1]Kirlia \C[0]. Ah, como eu queria ter um!	novo
If you have a Kirlia, would you mind trading it for my \C[1]Riolu\C[0]?	Se você tiver um Kirlia, se importaria de trocá-lo pelo meu \C[1]Riolu\C[0]?	novo
My very own \V[2]! Thank you!	Meu próprio \V[2]! Obrigado!	novo
I guess my trade offer isn't good enough...	Acho que minha oferta de troca não é boa o suficiente...	novo
Now that I have a Kirlia, I just have to find another Riolu and fuse them. My dream is almost complete!	Agora que tenho um Kirlia, só preciso encontrar outro Riolu e fundi-los. Meu sonho está quase completo!	novo
It's a picture of the chairman as a child with a Zigzagoon he befriended.	É uma foto do presidente quando criança, com um Zigzagoon de quem ficou amigo.	novo
Maaaan, the challenges I got today are so hard!	Caaara, os desafios que peguei hoje são muito difíceis!	novo
Kachah!	Kachah!	novo
Liaaa!	Liaaa!	novo
It's a picture of the chairman as a teenager battling alongside a Linoone.	É uma foto do presidente na adolescência, batalhando ao lado de um Linoone.	novo
I just received my new daily PokéChallenges. This is going to be a piece of cake!	Acabei de receber meus novos PokéChallenges diários. Vai ser moleza!	novo
It's a picture of the chairman as an adult with a Linoone that is fused with a rare Pokémon.	É uma foto do presidente adulto, com um Linoone fundido com um Pokémon raro.	novo
"I will always remember you, my friend."	"Sempre vou me lembrar de você, meu amigo."	novo
Young lad, do you know where you are?	Rapazinho, você sabe onde está?	novo
Young lass, do you know where you are?	Mocinha, você sabe onde está?	novo
Why, you're in the \C[1]PokéChallenge Club\C[0], of course!	Ora, você está no \C[1]Clube PokéChallenge\C[0], é claro!	novo
Oh, don't tell me... You don't even know about PokéChallenges, do you?	Ah, não me diga... Você nem conhece os PokéChallenges, não é?	novo
That won't do at all! Every trainer should know about PokéChallenges!	Assim não dá! Todo treinador deveria conhecer os PokéChallenges!	novo
Would you hand me your PokéNav for a moment?	Você me empresta seu PokéNav por um momento?	novo
There... All set!	Pronto... Tudo certo!	novo
Every day, you'll get assigned new Poké Challenges. They're little feats that you can complete to collect rewards!	Todo dia você vai receber novos Poké Challenges. São pequenas proezas que você pode completar para ganhar recompensas!	novo
There are 4 different categories of challenges.	Há 4 categorias diferentes de desafios.	novo
Exploration...	Exploração...	novo
Battling...	Batalha...	novo
Catching...	Captura...	novo
And Fusing!	E Fusão!	novo
You'll only get one challenge of each kind every day, so try to complete as many of them as you can!	Você só recebe um desafio de cada tipo por dia, então tente completar o máximo que puder!	novo
Give it a whirl whenever you can!	Experimente sempre que puder!	novo
You'll only get one challenge of each every day, so try to complete as many of them!	Você só recebe um de cada por dia, então tente completar o máximo deles!	novo
I saw some people dressed like pirates near the beach. People can be so funny!	Vi umas pessoas vestidas de pirata perto da praia. As pessoas podem ser tão engraçadas!	novo
Hi there! I collect Heart Scales from seashells on the beach and craft them into \C[1]Glimmer Coins\C[0] that can be used to buy clothes.	Olá! Eu coleto Heart Scales das conchas na praia e as transformo em \C[1]Glimmer Coins\C[0], que servem para comprar roupas.	novo
Do you have \C[1]Heart Scales\C[0] for me?	Você tem \C[1]Heart Scales\C[0] para mim?	novo
If you find some, bring them to me and I'll convert them for you!	Se encontrar algumas, traga para mim que eu converto para você!	novo
Have you been using the PokéChallenge app on your PokéNav?	Você tem usado o app PokéChallenge no seu PokéNav?	novo
I don't mean to brag, but I've completed even more than the chairman himself!	Não quero me gabar, mas já completei ainda mais do que o próprio presidente!	novo
What about you? Let's see... You've completed \V[1] PokéChallenges.	E você? Vejamos... Você completou \V[1] PokéChallenges.	novo
Wha-	O quê-	novo
You've somehow surpassed me! I don't believe it!	Você de algum jeito me superou! Não acredito!	novo
Such a feat deserves a great reward. Here, take this to show everyone that you're the uncontested PokéChallenge champion!	Uma proeza dessas merece uma grande recompensa. Aqui, pegue isto para mostrar a todos que você é o campeão incontestável dos PokéChallenges!	novo
Clearly I have no chance of catching up to you now!	Claramente não tenho chance de te alcançar agora!	novo
Woah, that's an impressive number!	Uau, que número impressionante!	novo
Okay, you've earned this!	Certo, você mereceu isto!	novo
Do you think you can beat my record? Come and see me if you can complete 100 PokéChallenges!	Você acha que consegue bater meu recorde? Venha falar comigo se completar 100 PokéChallenges!	novo
Woah, you've really been going at it!	Uau, você está mesmo se dedicando!	novo
Come and see me again once you've completed 50 PokéChallenges. I'll have something else for you!	Venha falar comigo de novo quando tiver completado 50 PokéChallenges. Vou ter outra coisa para você!	novo
Not bad! You're really getting the hang of this!	Nada mal! Você está pegando mesmo o jeito!	novo
Come and see me again once you've completed 25 PokéChallenges. I'll have something else for you!	Venha falar comigo de novo quando tiver completado 25 PokéChallenges. Vou ter outra coisa para você!	novo
Come and see me once you've completed 10 PokéChallenges. I'll have something for you!	Venha falar comigo quando tiver completado 10 PokéChallenges. Vou ter algo para você!	novo
Oh, you haven't completed any challenges yet! Go out and get your first one!	Ah, você ainda não completou nenhum desafio! Vá lá e complete o primeiro!	novo
I'll give you something as a bit of encouragement if you can complete 10 of them!	Te dou uma coisa como incentivo se conseguir completar 10 deles!	novo
What!? You don't have the app installed!?	O quê!? Você não tem o app instalado!?	novo
You need to go talk to the chairman right away!	Você precisa ir falar com o presidente agora mesmo!	novo
Hey, \PN! It's been ages!	Ei, \PN! Quanto tempo!	novo
Nice timing, too. I was just searching for Pokémon, you know?	E chegou na hora certa. Eu estava procurando Pokémon, sabe?	novo
My dad is always going on about how nature is becoming more diverse ever since Pokémon Fusions became more common.	Meu pai vive dizendo que a natureza está ficando mais diversa desde que as Fusões Pokémon ficaram mais comuns.	novo
So I figure, it's my duty to document as many as I possibly can!	Então eu acho que é meu dever documentar o máximo que eu puder!	novo
On my journey up to now, I've met a lot of different Pokémon, and I think I've gotten to understand a lot of them, too.	Na minha jornada até agora, conheci muitos Pokémon diferentes, e acho que também passei a entender muitos deles.	novo
Me and my Pokémon have really grown. So...	Eu e meus Pokémon crescemos muito. Então...	novo
How about a little battle?	Que tal uma batalhinha?	novo
\PN, you've been busy training too, haven't you?	\PN, você também andou treinando bastante, não é?	novo
Our teams look pretty tired. Let's get them taken care of first.	Nossos times parecem bem cansados. Vamos cuidar deles primeiro.	novo
And now, I think you deserve a reward too! Here, this is from me.	E agora acho que você também merece uma recompensa! Aqui, isto é meu para você.	novo
This is a really handy app that I use when I help dad with field research. It allows you to scan for specific Pokémon you've seen before!	É um app muito útil que eu uso quando ajudo meu pai em pesquisas de campo. Ele permite rastrear Pokémon específicos que você já viu antes!	novo
And if you manage to defeat or catch it, it'll find more Pokémon right away. It's the perfect tool for studying Pokémon!	E se você conseguir derrotá-lo ou capturá-lo, ele encontra mais Pokémon na hora. É a ferramenta perfeita para estudar Pokémon!	novo
See you later then, \PN! Let's meet again!	Até mais, então, \PN! Vamos nos encontrar de novo!	novo
I hope we'll both be able to meet even more Pokémon on our journeys!	Espero que nós dois possamos conhecer ainda mais Pokémon nas nossas jornadas!	novo
Trainer Tips: Any experience that fused Pokémon gained while fused is preserved when you unfuse them.	Dica de Treinador: Toda a experiência que um Pokémon ganhou enquanto fundido é mantida quando você desfaz a fusão.	novo
Listen up!	Prestem atenção!	novo
Trainer Tips: You can sit on benches to make time pass faster!	Dica de Treinador: Você pode sentar nos bancos para fazer o tempo passar mais rápido!	novo
Trainer Tips: You can set additional challenge options from the game's menu if you're up for a challenge!	Dica de Treinador: Você pode definir opções de desafio extras no menu do jogo, se estiver a fim de um desafio!	novo
Two roads, one above, one below...	Dois caminhos, um em cima, outro embaixo...	novo
A road each for people and Pokémon. Perhaps that is right and fair.	Um caminho para as pessoas e outro para os Pokémon. Talvez isso seja certo e justo.	novo
Your last time was \C[1]\V[1052] seconds\C[0]!	Seu último tempo foi \C[1]\V[1052] segundos\C[0]!	novo
I'll give you a prize whenever you get a good time. Wanna try the \C[1]Time Trial\C[0] again?	Te dou um prêmio sempre que você fizer um bom tempo. Quer tentar o \C[1]Contra o Relógio\C[0] de novo?	novo
Don't you feel the need for speed like I do?	Você não sente necessidade de velocidade como eu?	novo
So, how about that Time Trial we talked about?	E então, que tal aquele Contra o Relógio que combinamos?	novo
I'll give you a prize if you get a good time. Wanna give it a go?	Te dou um prêmio se você fizer um bom tempo. Quer tentar?	novo
Cycling Road	Cycling Road	novo
Grandpa said he'll buy me a bicycle in Mauville City when I'm old enough!	O vovô disse que vai me comprar uma bicicleta em Mauville City quando eu tiver idade suficiente!	novo
It's dangerous to go that way if you don't have a \C[1]Bicycle\C[0]!	É perigoso ir por ali se você não tiver uma \C[1]Bicicleta\C[0]!	novo
You should go to Rydel's in Mauville City if you're looking to get one. Rydel's a very generous man!	Você devia ir na Rydel's em Mauville City se quiser uma. O Rydel é um homem muito generoso!	novo
Listen up, grunts!	Prestem atenção, recrutas!	novo
Once the scout on the Rustboro mission gets back, we'll head on over to Mt. Chimney for the next phase of the plan.	Assim que o batedor da missão de Rustboro voltar, vamos para o Mt. Chimney para a próxima fase do plano.	novo
Sir, maybe he got caught up with something. We did spot \C[1]Team Aqua\C[0] in Slateport City...	Senhor, talvez ele tenha se enrolado com alguma coisa. Nós vimos a \C[1]Team Aqua\C[0] em Slateport City...	novo
Disregard them! Team Aqua is just a bunch of pirate wannabes. They're no threat to us!	Ignore-os! A Team Aqua é só um bando de aspirantes a pirata. Eles não são ameaça para nós!	novo
Still... What is taking so long?	Mesmo assim... Por que está demorando tanto?	novo
Your time was \C[1]\V[1052] seconds\C[0]!	Seu tempo foi \C[1]\V[1052] segundos\C[0]!	novo
Oh, but you bumped into something once. That's a 0.5 seconds penalty!	Ah, mas você bateu em algo uma vez. São 0.5 segundos de penalidade!	novo
Oh, but you bumped into things \V[1] times... That's a 0.5 seconds penalty per bump!	Ah, mas você bateu nas coisas \V[1] vezes... São 0.5 segundos de penalidade por batida!	novo
...And with that, your final time is \C[1]\V[1052] seconds\C[0]!	...E com isso, seu tempo final é \C[1]\V[1052] segundos\C[0]!	novo
Woah! That's crazy impressive! You even beat my best time! That was an athlete-level performance!	Uau! Isso foi absurdamente impressionante! Você até bateu meu melhor tempo! Foi um desempenho de atleta!	novo
Alright, you've earned this TM. Congrats!	Muito bem, você ganhou esta TM. Parabéns!	novo
Alright, you've earned a prize! Take this!	Muito bem, você ganhou um prêmio! Pegue isto!	novo
Alright, you've earned a prize! Take these!	Muito bem, você ganhou um prêmio! Pegue estes!	novo
Hey, that's a really good time!	Ei, que tempo muito bom!	novo
But you didn't beat my best time! Hahah!	Mas você não bateu meu melhor tempo! Haha!	novo
I think you can get an even better time than this if you put your mind to it. What do you think?	Acho que você consegue fazer um tempo ainda melhor se se esforçar. O que acha?	novo
Just say the word and I'll take you back to the starting line again!	É só falar que eu te levo de volta para a linha de largada!	novo
Hey, that's a pretty solid time!	Ei, que tempo bem sólido!	novo
Not too shabby!	Nada mal!	novo
I'll give you a prize if you get a better time. What do you say, want to try it again?	Te dou um prêmio se você fizer um tempo melhor. O que me diz, quer tentar de novo?	novo
Oh, I think you can do better than that. You should give it another try!	Ah, acho que você consegue fazer melhor que isso. Devia tentar de novo!	novo
Heya! Do you think you're a fast racer?	E aí! Você se acha um corredor rápido?	novo
How about a little Time Trial to prove it?	Que tal um Contra o Relógio para provar?	novo
That's the spirit! I'll keep track of your time and I'll even give you a prize if you're fast enough.	É assim que se fala! Vou marcar seu tempo e ainda te dou um prêmio se você for rápido o suficiente.	novo
You'll get a time penalty if you bump into anything though.	Mas você leva penalidade de tempo se bater em alguma coisa.	novo
Come on, I'll be waiting for you at the other end. Your time starts as soon as you step on the bridge!	Vamos, vou te esperar do outro lado. Seu tempo começa assim que você pisar na ponte!	novo
Uh-wah? Where's your bike, kid?	Hã-uá? Cadê sua bike, garoto?	novo
It's dangerous to go on the cycling road without a bike!	É perigoso entrar na cycling road sem bike!	novo
Roaming - Teleport	Andarilho - Teleporte	novo
Roaming - Ghost	Andarilho - Fantasma	novo
It's a nice view from up here, don't you think?	A vista daqui de cima é linda, não acha?	novo
Mauville Gym	Ginásio de Mauville	novo
Gym Leader: Wattson, the cheerful \V[1000]-man!	Gym Leader: Wattson, o alegre homem do tipo \V[1000]!	novo
Game Corner	Game Corner	novo
Ugh... Team Aqua...	Argh... Team Aqua...	novo
Go back to your floating rust bucket! No one wants you here in Mauville City.	Volte para a sua lata-velha flutuante! Ninguém quer vocês aqui em Mauville City.	novo
Have you been able to fish up a \C[2]Tynamo\C[0]?	Você conseguiu pescar um \C[2]Tynamo\C[0]?	novo
You can fish it up in the water near New Mauville. This secret tunnel will take you straight to it.	Dá para pescá-lo na água perto de New Mauville. Este túnel secreto te leva direto até lá.	novo
Fishing Rod? I got mine in \C[1]Dewford Town\C[0]...	Vara de pescar? Eu consegui a minha em \C[1]Dewford Town\C[0]...	novo
Uh? Can't you see that I'm busy here?	Hã? Não está vendo que estou ocupado aqui?	novo
Yes, that's the Pokémon I was talking about!	Isso, esse é o Pokémon de que eu estava falando!	novo
With this Pokémon on hand, we'll definitely take Team Aqua by...\wtnp[12]	Com este Pokémon em mãos, com certeza vamos pegar a Team Aqua de...\wtnp[12]	novo
Ahhhhh! They're here!	Ahhhhh! Eles estão aqui!	novo
Fufufu! I've got you, Team Magma! This time, you're cornered. Prepare to suffer!	Fufufu! Te peguei, Team Magma! Desta vez vocês estão encurralados. Preparem-se para sofrer!	novo
Agh! You win this time... But this isn't over!	Argh! Desta vez você venceu... Mas isso não acabou!	novo
You really saved my hide there... I owe you one!	Você salvou minha pele aí... Fico te devendo uma!	novo
Take this. And you can keep that Pokémon too.	Pegue isto. E pode ficar com aquele Pokémon também.	novo
Tell Maxie to send more Grunts to Mauville the next time you see him.	Diga ao Maxie para mandar mais recrutas para Mauville da próxima vez que o vir.	novo
We need to take over this city!	Precisamos tomar esta cidade!	novo
You can go really fast when you ride a bike, but the tradeoff is that it's harder to avoid wild Pokémon.	Dá para ir bem rápido de bike, mas em troca fica mais difícil desviar dos Pokémon selvagens.	novo
... He doesn't seem to notice you.	... Ele não parece te notar.	novo
Team Magma...	Team Magma...	novo
Mauville City's not for you. Wouldn't you be better off in that dirty cave of yours?	Mauville City não é para vocês. Não estariam melhor naquela caverna imunda de vocês?	novo
Ah! A fellow Team Aqua crewmate! It was about time someone showed up.	Ah! Um colega tripulante da Team Aqua! Já estava na hora de alguém aparecer.	novo
You're here to help me out, right?	Você está aqui para me ajudar, certo?	novo
Do you see that \C[2]Team Magma\C[0] grunt up there?	Está vendo aquele recruta da \C[2]Team Magma\C[0] lá em cima?	novo
Yeah, it looks like they're already making moves all the way here in Mauville City... That's really bad!	É, parece que eles já estão agindo até aqui em Mauville City... Isso é muito ruim!	novo
We need to take over this city before they do it first!	Precisamos tomar esta cidade antes que eles façam isso primeiro!	novo
We have a type advantage against them, but they've been getting smarter... They keep fusing their Pokémon to counter their weaknesses...	Temos vantagem de tipo contra eles, mas eles andam mais espertos... Ficam fundindo os Pokémon para contra-atacar as fraquezas...	novo
And their Ground moves hit hard! What we need is to use the element of surprise! You get me?	E os golpes de Ground deles batem forte! Precisamos usar o elemento surpresa! Entendeu?	novo
So... I heard a rumor that there's a certain fish Pokémon that lives in the waters near New Mauville...	Então... Ouvi um boato de que existe um certo Pokémon peixe que vive nas águas perto de New Mauville...	novo
And it's actually immune to Ground-type moves. It'll definitely take them by surprise if we pull that out!	E ele é imune a golpes do tipo Ground. Com certeza vai pegá-los de surpresa se usarmos ele!	novo
Even though it lives in the water, it's not even a Water-type. They'll never see it coming!	Mesmo vivendo na água, ele nem é do tipo Water. Eles nunca vão esperar por isso!	novo
I heard it's called... \C[1]Tynamo\C[0]? I think.	Ouvi dizer que ele se chama... \C[1]Tynamo\C[0]? Acho.	novo
We definitely need to catch one of those!	Precisamos muito capturar um desses!	novo
You can go through here, to the right. It's a secret tunnel that'll take you right to the fishing spot!	Você pode passar por aqui, à direita. É um túnel secreto que te leva direto ao ponto de pesca!	novo
Oh and you'll need a Fishing Rod for this. I think you can get one in \C[1]Dewford Town\C[0]...	Ah, e você vai precisar de uma Vara de Pescar para isso. Acho que dá para conseguir uma em \C[1]Dewford Town\C[0]...	novo
Really!? Why did you even come here if you're not gonna help?	Sério!? Por que você veio aqui se não vai ajudar?	novo
If you're not with Team Aqua, then I don't want anything to do with you. Go away!	Se você não é da Team Aqua, não quero nada com você. Vá embora!	novo
Have you been to Rydel's Cycles yet? The owner is a very generous man.	Você já foi na Rydel's Cycles? O dono é um homem muito generoso.	novo
This spot on the map in particular is haunted. Run.	Este ponto específico do mapa é mal-assombrado. Corra.	novo
Mauville is right in the middle of Hoenn.	Mauville fica bem no meio de Hoenn.	novo
Because of this, we get all sorts of people coming through.	Por causa disso, passa todo tipo de gente por aqui.	novo
Have you been able to fish up a \C[1]Tynamo\C[0]?	Você conseguiu pescar um \C[1]Tynamo\C[0]?	novo
With this Pokémon on hand, we'll definitely take Team Magma by...\wtnp[12]	Com este Pokémon em mãos, com certeza vamos pegar a Team Magma de...\wtnp[12]	novo
Muahahah! I've got you cornered, Team Aqua Prepare to lose!	Muahahah! Te encurralei, Team Aqua. Prepare-se para perder!	novo
Tell Archie to send more Grunts to Mauville the next time you see him.	Diga ao Archie para mandar mais recrutas para Mauville da próxima vez que o vir.	novo
We need more manpower to take this city!	Precisamos de mais gente para tomar esta cidade!	novo
Aww... Uncle, please?	Aah... Tio, por favor?	novo
I want to challenge this Gym and see how much better I've become.	Quero desafiar este Ginásio e ver o quanto eu melhorei.	novo
Now hold on, Wally...	Espere aí, Wally...	novo
It's true that you've grown quite a lot stronger alongside your Pokémon.	É verdade que você ficou bem mais forte junto com seus Pokémon.	novo
But don't you think you're pushing it to suddenly challenge a Gym?	Mas não acha que está exagerando em desafiar um Ginásio de repente?	novo
I'm not pushing it!	Não estou exagerando!	novo
Me and \C[1]\V[1]\C[0], we can beat anyone!	Eu e o \C[1]\V[1]\C[0], a gente consegue vencer qualquer um!	novo
And there's this new Pokémon I caught on the way here too! I know I can handle it!	E ainda tem um Pokémon novo que capturei no caminho para cá! Sei que consigo dar conta!	novo
Ah! \PN!	Ah! \PN!	novo
\V[1] and I have gotten a lot stronger since we first met. We grew together!	Eu e o \V[1] ficamos muito mais fortes desde que nos conhecemos. Crescemos juntos!	novo
I want to prove that to you and my uncle both, \PN.	Quero provar isso para você e para o meu tio, \PN.	novo
Please, will you have a battle with me?	Por favor, você batalha comigo?	novo
Uncle... I'll go back to Verdanturf...	Tio... Eu vou voltar para Verdanturf...	novo
\PN, thank you... Being a Trainer is tough, isn' t it?	\PN, obrigado... Ser Treinador é difícil, não é?	novo
It's not enough just to have Pokémon and make them battle. That isn't what being a real Trainer is about.	Não basta só ter Pokémon e fazê-los batalhar. Não é isso que significa ser um Treinador de verdade.	novo
Wally, there's no need to be so down on yourself.	Wally, não precisa ser tão duro consigo mesmo.	novo
Why, what's keeping you from becoming stronger?	Ora, o que te impede de ficar mais forte?	novo
Nothing is! All you need to do is keep growing.	Nada! Você só precisa continuar crescendo.	novo
Come on, let's go home. Everyone's waiting for you.	Vamos, vamos para casa. Todo mundo está te esperando.	novo
\PN, it just dawned on me that you must be the Trainer who helped Wally catch his first Pokémon.	\PN, acabei de perceber que você deve ser o Treinador que ajudou o Wally a capturar seu primeiro Pokémon.	novo
Why don't you visit us in Verdanturf sometime?	Por que não nos visita em Verdanturf qualquer dia?	novo
Please, \PN! I need to prove to my uncle that I can handle myself!	Por favor, \PN! Preciso provar para o meu tio que consigo me virar!	novo
\PN flipped the seashell over...	\PN virou a concha...	novo
...There's nothing there.	...Não tem nada aí.	novo
Mauville City<br>\nThe bright and shiny city of fun.	Mauville City<br>\nA cidade brilhante e reluzente da diversão.	novo
Apparently there's an entire power plant powering the city under here.	Pelo jeito, tem uma usina de energia inteira abastecendo a cidade aqui embaixo.	novo
Do you think there's any wild Pokémon in there?	Você acha que tem algum Pokémon selvagem lá dentro?	novo
Did you know that you can go a long way from here in the direction without changing direction?	Sabia que dá para ir bem longe daqui seguindo nessa direção sem mudar de rumo?	novo
I might even be able to roll that way.	Talvez eu até consiga rolar até lá.	novo
Do you think your Pokémon will want to roll, too?	Você acha que seus Pokémon também vão querer rolar?	novo
I'll teach them the move \C[1]Rollout\C[0] if you beat me in a battle. What do you say?	Eu ensino o golpe \C[1]Rollout\C[0] a eles se você me vencer numa batalha. O que me diz?	novo
Rolling around in the grass makes me happy. Come on, let's roll!	Rolar na grama me deixa feliz. Vamos, vamos rolar!	novo
Eheheh, your Pokémon looks a bit like me now!	Hehehe, seu Pokémon está um pouco parecido comigo agora!	novo
This big boulder blocking the way North... Maybe this strange guy that lives in Mauville could help.	Essa pedra enorme bloqueando o caminho para o Norte... Talvez aquele cara estranho que mora em Mauville possa ajudar.	novo
Rydel's Cycle: Ride in gravel and shake up your soul!	Rydel's Cycle: Pedale no cascalho e sacuda a sua alma!	novo
Finally, another Team Magma member! I was worried they wouldn't send anyone.	Finalmente, outro membro da Team Magma! Eu estava com medo de que não mandassem ninguém.	novo
Do you see that \C[1]Team Aqua\C[0] grunt down there?	Está vendo aquele recruta da \C[1]Team Aqua\C[0] lá embaixo?	novo
Yeah, it looks like they're already making moves all the way here in Mauville City... That's not good!	É, parece que eles já estão agindo até aqui em Mauville City... Isso não é nada bom!	novo
It's imperative that we claim this city before they do!	É fundamental tomarmos esta cidade antes deles!	novo
Ugh... But their Water-type Pokémon are so hard to take down. They always have the advantage whenever we fight...	Argh... Mas os Pokémon do tipo Water deles são tão difíceis de derrubar. Eles sempre levam vantagem quando lutamos...	novo
What we need is use the element of surprise! You know what I mean?	Precisamos usar o elemento surpresa! Entende o que quero dizer?	novo
Except, it's not actually a Water-type at all! It'll definitely take them by surprise if we pull that out!	Só que ele nem é do tipo Water! Com certeza vai pegá-los de surpresa se usarmos ele!	novo
What's even better is that it's an Electric-type! It'll easily zap through all of their Pokémon!	E o melhor é que ele é do tipo Electric! Vai eletrocutar todos os Pokémon deles com facilidade!	novo
I heard it's called... \C[2]Tynamo\C[0]? Something like that.	Ouvi dizer que ele se chama... \C[2]Tynamo\C[0]? Algo assim.	novo
You can go through here. It's a secret tunnel that'll take you right to the fishing spot!	Você pode passar por aqui. É um túnel secreto que te leva direto ao ponto de pesca!	novo
Gah! Why did they even send you here then?	Argh! Então por que mandaram você para cá?	novo
\V[1] and \V[2] seem to be enjoying themselves at the daycare!	\V[1] e \V[2] parecem estar se divertindo na creche!	novo
\V[1] seems to be enjoying itself at the daycare!	\V[1] parece estar se divertindo na creche!	novo
You came! Are you ready for our battle? Let's try with two Pokémon.	Você veio! Está pronto para a nossa batalha? Vamos tentar com dois Pokémon.	novo
I may not be a Pokémon Trainer, but I know everything there is to know about Pokémon!	Posso não ser um Treinador Pokémon, mas sei tudo o que há para saber sobre Pokémon!	novo
Wow! That was so exciting!	Uau! Isso foi muito emocionante!	novo
Here, I'll heal your Pokémon back to full health.	Aqui, vou restaurar a saúde dos seus Pokémon por completo.	novo
And you can also have this!	E você também pode ficar com isto!	novo
When you wear this outfit, each of your Pokémon will gain back a bit of health after every battle!	Quando você usa esta roupa, cada um dos seus Pokémon recupera um pouco de saúde depois de cada batalha!	novo
Thanks for battling with me, it really helped break the monotony! Now I have to head back to the Pokémon Center!	Obrigado por batalhar comigo, ajudou muito a quebrar a monotonia! Agora preciso voltar para o Pokémon Center!	novo
I better go back to the Pokémon Center then. I'll come back when you're ready!	Então é melhor eu voltar para o Pokémon Center. Volto quando você estiver pronto!	novo
I'm the Day-Care man.	Eu sou o homem da Creche.	novo
I help take care of Trainers' precious Pokémon.	Eu ajudo a cuidar dos preciosos Pokémon dos Treinadores.	novo
Any Pokémon you'd like to have raised you can leave in my wife's care.	Qualquer Pokémon que você queira que seja criado pode ficar aos cuidados da minha esposa.	novo
Ah, it's you!\nGood to see you!	Ah, é você!\nQue bom te ver!	novo
Your \v[3] is doing just fine.	Seu \v[3] está muito bem.	novo
Your \v[3] and \v[4] are doing just fine.	Seu \v[3] e seu \v[4] estão muito bem.	novo
The two play with other Pokémon rather than with each other...	Os dois brincam com outros Pokémon em vez de brincarem entre si...	novo
The two seem to enjoy playing together.	Os dois parecem gostar de brincar juntos.	novo
The two always play with each other!	Os dois sempre brincam um com o outro!	novo
The two are inseparable! They're always together!	Os dois são inseparáveis! Estão sempre juntos!	novo
Ah, it's you!	Ah, é você!	novo
We were raising your Pokémon, and my goodness, were we surprised!	Estávamos criando seu Pokémon e, minha nossa, que surpresa tivemos!	novo
Your Pokémon was holding an Egg!	Seu Pokémon estava com um Ovo!	novo
We don't know how it got there, but your Pokémon had it.	Não sabemos como ele foi parar lá, mas seu Pokémon estava com ele.	novo
You do want it, don't you?	Você quer ficar com ele, não quer?	novo
You take good care of it.	Cuide bem dele.	novo
I really will keep it. You do want this Egg, yes?	Vou mesmo ficar com ele. Você quer este Ovo, não quer?	novo
Well all right then, I'll take it. Thank you.	Bem, tudo bem então, eu fico com ele. Obrigado.	novo
That is, I don't think we'll ever find another...	Quer dizer, acho que nunca vamos encontrar outro...	novo
No, no, I'm sure we'll find another one. I'm definitely sure of it!	Não, não, tenho certeza de que vamos encontrar outro. Tenho certeza absoluta!	novo
I help take care of the precious Pokémon of trainers.	Eu ajudo a cuidar dos preciosos Pokémon dos treinadores.	novo
It's the equipment that edits images and music.	É o equipamento que edita imagens e música.	novo
Mauville has plenty of places to visit. But most Pokémon Trainers head straight for the gym!	Mauville tem vários lugares para visitar. Mas a maioria dos Treinadores Pokémon vai direto para o ginásio!	novo
Did you hear? They're making a new season of The Hoenn Rangers Coexistence Force.	Você soube? Estão fazendo uma nova temporada de The Hoenn Rangers Coexistence Force.	novo
Ugh... That show really fell off midway through Season One... I don't think I'll watch the new one.	Argh... Aquela série desandou na metade da Primeira Temporada... Acho que não vou assistir a nova.	novo
Yeah... The ending was pretty bad, but it did start off strong, so I might give it a shot anyway, but I'm not expecting much.	É... O final foi bem ruim, mas começou forte, então talvez eu dê uma chance mesmo assim, mas não estou esperando muito.	novo
So, the first episode of Season Two of The Hoenn Rangers Coexistence Force just dropped. Have you watched it?	Então, o primeiro episódio da Segunda Temporada de The Hoenn Rangers Coexistence Force acabou de sair. Você assistiu?	novo
No, I sort of fell off this show after season 1. Did it get any better?	Não, meio que larguei a série depois da primeira temporada. Melhorou?	novo
It was not too bad actually. I think this might be a return to form!	Na verdade, não foi nada mal. Acho que pode ser a volta por cima!	novo
\V[1] It was actually really cool!	\V[1] Foi muito legal, na verdade!	novo
Huh, that does sound neat. Maybe I'll give the show another chance.	Hã, parece legal mesmo. Talvez eu dê outra chance à série.	novo
Hey, have you been watching the new season of Hoenn Rangers Coexistence Force?	Ei, você está assistindo a nova temporada de Hoenn Rangers Coexistence Force?	novo
I have! I just finished watching Episode Two. I really liked the part where \V[1]	Estou! Acabei de ver o Episódio Dois. Gostei muito da parte em que \V[1]	novo
Oh yeah, that was good!	Ah, é, aquilo foi bom!	novo
My favorite part was when \V[2] It added so much depth to the character!	Minha parte favorita foi quando \V[2] Deu tanta profundidade ao personagem!	novo
I have, but I'm not caught yet! No spoilers please!	Estou, mas ainda não estou em dia! Sem spoilers, por favor!	novo
Hey, have you seen the latest episode of Hoenn Rangers?	Ei, você viu o último episódio de Hoenn Rangers?	novo
Yes! It was certainly a choice to make it a full beach episode...	Vi! Com certeza foi uma escolha fazer um episódio inteiro na praia...	novo
Yeah, I'm not sure how I felt about it either...	É, também não sei bem o que achei...	novo
\V[1]	\V[1]	novo
Yeah, agreed.	É, concordo.	novo
That's true!	É verdade!	novo
Not yet! Please don't spoil it!	Ainda não! Por favor, não me dê spoiler!	novo
Hey, have you seen the new episode of Hoenn Rangers?	Ei, você viu o episódio novo de Hoenn Rangers?	novo
I have to say, it was one of the best episodes of the entire series so far!	Tenho que dizer, foi um dos melhores episódios de toda a série até agora!	novo
Oh without a doubt! It was so much better than the previous one!	Ah, sem dúvida! Foi muito melhor do que o anterior!	novo
I never saw it coming!	Eu nunca imaginaria aquilo!	novo
I want to watch it tonight, don't tell me anything!	Quero assistir hoje à noite, não me conte nada!	novo
Oh, that was such a strange one. Having the rangers help a struggling film producer write a film based on their exploits felt strangely meta...	Ah, aquele foi muito estranho. Os rangers ajudando um produtor de cinema em crise a escrever um filme baseado nas aventuras deles pareceu estranhamente meta...	novo
Yeah, I'm not too sure where they're going with that plotline...	É, não sei bem aonde querem chegar com essa história...	novo
Please do not enter the studio when filming is in progress.	Por favor, não entre no estúdio durante as gravações.	novo
Mauville Tourism Information Desk	Balcão de Informações Turísticas de Mauville	novo
I'm the weatherman here at Mauville TV! Have you tuned in to our channel before?	Sou o homem do tempo aqui da Mauville TV! Você já sintonizou no nosso canal?	novo
I work closely with the Weather Institute to get the most accurate readings on the weather for the entire region!	Trabalho junto com o Weather Institute para ter as medições mais precisas do clima de toda a região!	novo
We even have an app that you can install on your PokéNav to check the weather on the go. Do you want it?	Temos até um app que você pode instalar no seu PokéNav para ver o clima onde estiver. Quer?	novo
I hope you carry an umbrella everywhere you go!	Espero que você leve um guarda-chuva para todo lugar!	novo
"Hoenn's One and Only TV Network" TV Mauville	"A Única Rede de TV de Hoenn" TV Mauville	novo
I heard that Hoenn Rangers is back on the air. I wonder if it's any good.	Ouvi dizer que Hoenn Rangers voltou ao ar. Será que está bom?	novo
Mauville TV always airs the same old shows, there's not much innovation going on...	A Mauville TV sempre passa os mesmos programas de sempre, não tem muita inovação...	novo
Bicycles are more than just a way to get around. For a lot of people, they're a fashion statement!	Bicicletas são mais do que um meio de transporte. Para muita gente, são uma declaração de estilo!	novo
I can give your bike a new coat of paint for 400 Glimmer Coins if you want. What do you think?	Posso dar uma demão de tinta nova na sua bike por 400 Glimmer Coins, se quiser. O que acha?	novo
Alright! Tell me what color you'd like.	Certo! Me diga que cor você quer.	novo
Here's your new coat of paint. It's looking pretty slick!	Aqui está sua pintura nova. Ficou bem estilosa!	novo
Welcome to TV Mauville.	Bem-vindo à TV Mauville.	novo
Many TV programs broadcast in the Hoenn region are filmed and edited in the studios here.	Muitos programas de TV transmitidos na região de Hoenn são gravados e editados nos estúdios daqui.	novo
Feel free to tour the studios.	Fique à vontade para visitar os estúdios.	novo
I'm switching out an old Pokémon on my team for this new Kadabra I caught.	Vou trocar um Pokémon antigo do meu time por este Kadabra novo que capturei.	novo
If I feed it Exp. Candies, it'll be up to par with the rest of my team in no time!	Se eu der Exp. Candies a ele, vai ficar no nível do resto do meu time rapidinho!	novo
Have you been checking out TVs? Most of the TV broadcasts are made here in Mauville City!	Você tem dado uma olhada nas TVs? A maioria das transmissões de TV é feita aqui em Mauville City!	novo
Mazahh!	Mazahh!	novo
Hey! Hello, you over there. Do you know about the Hoenn Rangers?	Ei! Olá, você aí. Você conhece os Hoenn Rangers?	novo
Ugh.. Of course you don't. I'm not even surprised...	Argh.. Claro que não conhece. Nem estou surpreso...	novo
They're the heroes of our hit TV show, of course.	Eles são os heróis do nosso programa de TV de sucesso, é claro.	novo
The Hoenn Rangers Coexistence Force!!!	The Hoenn Rangers Coexistence Force!!!	novo
Hey! Stop laughing! That name scored high in all of our focus groups!	Ei! Pare de rir! Esse nome foi muito bem avaliado em todos os nossos grupos de pesquisa!	novo
Okay, okay. The show wasn't exactly a hit, but we had a few good episodes. We even got renewed for a second season!	Certo, certo. O programa não foi exatamente um sucesso, mas tivemos alguns episódios bons. Até fomos renovados para uma segunda temporada!	novo
Problem is...	O problema é...	novo
Ever since our top writer left us to pursue a Pokémon League career, the ratings have been way down...	Desde que nosso melhor roteirista nos deixou para seguir carreira na Liga Pokémon, a audiência despencou...	novo
Critics said that the end of the season was too over the top, not believable...	Os críticos disseram que o final da temporada foi exagerado demais, nada crível...	novo
They don't know what they're talking about!	Eles não sabem do que estão falando!	novo
Oh, but production is already underway for Season Two. I don't know what to do!	Ah, mas a produção da Segunda Temporada já começou. Não sei o que fazer!	novo
Wait a second...	Espere um segundo...	novo
Hmm... Could you show me that \C[1]Quests\C[0] app in your PokéNav?	Hmm... Você pode me mostrar aquele app de \C[1]Missões\C[0] no seu PokéNav?	novo
Oh, that's brilliant!	Ah, isso é genial!	novo
Yes, yes! I could totally use that as inspiration for the new season!	Sim, sim! Posso totalmente usar isso como inspiração para a nova temporada!	novo
After all, what's better than real-life experience to write a believabele TV Show?	Afinal, o que é melhor do que experiência da vida real para escrever uma série de TV crível?	novo
Okay that's settled, I'm hiring you as an associate producer!	Certo, está decidido, vou te contratar como produtor associado!	novo
Fill in your \C[1]Quests app\C[0] and I'll use it as inspiration to write the new season of The Hoenn Rangers Coexistence Force!	Preencha seu \C[1]app de Missões\C[0] e eu vou usá-lo como inspiração para escrever a nova temporada de The Hoenn Rangers Coexistence Force!	novo
Let's see... The first episode is already half-written, so \C[1]\V[1]\C[0] quests should be enough to complete it.	Vejamos... O primeiro episódio já está meio escrito, então \C[1]\V[1]\C[0] missões devem bastar para completá-lo.	novo
Come and see me when you've completed them!	Venha falar comigo quando tiver completado todas!	novo
I'm on a tight schedule to finish the first episode of the second season of The Hoenn Rangers Coexistence Force.	Estou com o prazo apertado para terminar o primeiro episódio da segunda temporada de The Hoenn Rangers Coexistence Force.	novo
Do you have \V[1] completed quests to show me in your Quests app like I asked you?	Você tem \V[1] missões completas para me mostrar no seu app de Missões, como eu pedi?	novo
Ah, you 're a life saver! I knew it was the right move to hire you as an associate producer!	Ah, você salvou minha vida! Eu sabia que tinha acertado em te contratar como produtor associado!	novo
Let's see...\| Ah, yeah. This is great stuff.	Vejamos...\| Ah, sim. Isso aqui é ótimo.	novo
I should give you something as a payment. How's this?	Eu devia te dar algo como pagamento. Que tal isto?	novo
Alright, let's get started on Episode Two now!	Muito bem, vamos começar o Episódio Dois agora!	novo
It'll be a fairly slow episode, so just a few more quests should probably be enough.	Vai ser um episódio bem tranquilo, então só mais algumas missões devem bastar.	novo
Yep, show me your Quests app with \C[1]\V[1]\C[0] completed quests for Episode Two!	Isso, me mostre seu app de Missões com \C[1]\V[1]\C[0] missões completas para o Episódio Dois!	novo
Please hurry up completing these quests like I asked you! Just \V[2] more!	Por favor, se apresse em completar essas missões como eu pedi! Só mais \V[2]!	novo
\PN! The first episode of Season Two just aired and the critics loved it!	\PN! O primeiro episódio da Segunda Temporada acabou de ir ao ar e os críticos adoraram!	novo
I can't believe it! After all these low-ratings at the end of the last season! Maybe there's hope for this show.	Não acredito! Depois de toda aquela audiência baixa no fim da última temporada! Talvez haja esperança para esta série.	novo
Ah yes, do you have the completed quests I need for the next episode?	Ah, sim, você tem as missões completas de que preciso para o próximo episódio?	novo
Incredible! You might just be the saving grace of this show!	Incrível! Você pode ser a salvação desta série!	novo
Let's see... Oh yeah, this should win them over!	Vejamos... Ah, sim, isso deve conquistá-los!	novo
By the way, the critics were so impressed with the jump in quality for the new episode that they sent us a little gift.	Aliás, os críticos ficaram tão impressionados com o salto de qualidade do novo episódio que nos mandaram um presentinho.	novo
I think you deserve it!	Acho que você merece!	novo
Alright, let's get started on the next episode!	Muito bem, vamos começar o próximo episódio!	novo
We're off to a good start, but we gotta keep the viewers invested.	Começamos bem, mas temos que manter o público interessado.	novo
I'll need \C[1]\V[3]\C[0] more completed quests for that episode! That's \C[1]\V[1]\C[0] total in your Quests app!	Vou precisar de mais \C[1]\V[3]\C[0] missões completas para esse episódio! São \C[1]\V[1]\C[0] no total no seu app de Missões!	novo
Think you can manage that?	Acha que consegue?	novo
\PN! The second episode just aired and the reviews are in.	\PN! O segundo episódio acabou de ir ao ar e as críticas saíram.	novo
Its....\|...\...Overwhelmingly positive!	Elas são....\|...\...Extremamente positivas!	novo
Let's keep the momentum going! Do you have the completed quests for the next episode?	Vamos manter o embalo! Você tem as missões completas para o próximo episódio?	novo
Let's take a look...	Vamos dar uma olhada...	novo
Hah! This should be an interesting plot point. Yes, this is perfect!	Rá! Isso deve render uma reviravolta interessante. Sim, está perfeito!	novo
Oh yeah, this came in the mail after Episode Two aired. I guess we have fan mail now!	Ah, é, isto chegou pelo correio depois que o Episódio Dois foi ao ar. Acho que agora temos cartas de fãs!	novo
We gotta keep the pace! I'll need \C[1]\V[3]\C[0] more quests for the next episode, that's \C[1]\V[1]\C[0] in total!	Temos que manter o ritmo! Vou precisar de mais \C[1]\V[3]\C[0] missões para o próximo episódio, são \C[1]\V[1]\C[0] no total!	novo
I'm sure you can handle that, good luck!	Tenho certeza de que você dá conta, boa sorte!	novo
\PN! The reviews are in for the third episode!	\PN! Saíram as críticas do terceiro episódio!	novo
This time, it was a bit more mixed... People said there wasn't enough action.	Desta vez, foram um pouco mais divididas... Disseram que faltou ação.	novo
We're toast if viewership starts going down again. We gotta make sure to make up for it with the next one.	Estamos fritos se a audiência começar a cair de novo. Temos que compensar no próximo.	novo
Let's try to make the best episode of the show so far! Do you have all the completed quests I need?	Vamos tentar fazer o melhor episódio da série até agora! Você tem todas as missões completas de que preciso?	novo
Ah! You never disappoint!	Ah! Você nunca decepciona!	novo
Oh yes, and those are exciting too! This episode is going to practically write itself!	Ah, sim, e essas também são empolgantes! Este episódio praticamente vai se escrever sozinho!	novo
By the way, do you really do all these quests for real? You're not making those up, are you?	Aliás, você faz mesmo todas essas missões de verdade? Não está inventando, né?	novo
Well, either way, the public is eating it up so keep up whatever you're doing!	Bom, de qualquer jeito, o público está adorando, então continue fazendo o que quer que esteja fazendo!	novo
Oh, we still got some fan mail for the last episode. It's all yours, of course!	Ah, ainda recebemos algumas cartas de fãs do último episódio. É tudo seu, claro!	novo
We can't waste any time! I'll need \C[1]\V[3]\C[0] more quests for the next episode, that's \C[1]\V[1]\C[0] in total!	Não podemos perder tempo! Vou precisar de mais \C[1]\V[3]\C[0] missões para o próximo episódio, são \C[1]\V[1]\C[0] no total!	novo
I know I can count on you!	Sei que posso contar com você!	novo
\PN! Episode Four just aired!	\PN! O Episódio Quatro acabou de ir ao ar!	novo
People are saying that it was better than all of Season 1! We're totally back in the game!	As pessoas estão dizendo que foi melhor que a Temporada 1 inteira! Voltamos com tudo!	novo
I really lucked out when I found you. You're the real star in all this!	Tive muita sorte de te encontrar. Você é a verdadeira estrela disso tudo!	novo
Oh, you have the quests for the next episode already? Wonderful!	Ah, você já tem as missões do próximo episódio? Maravilha!	novo
But first, we got some more fan mail! That's all for you, as per usual!	Mas antes, recebemos mais cartas de fãs! É tudo seu, como sempre!	novo
Alright, let's get to work! I'll need \C[1]\V[3]\C[0] more quests for the next episode, that's \C[1]\V[1]\C[0] in total!	Muito bem, mãos à obra! Vou precisar de mais \C[1]\V[3]\C[0] missões para o próximo episódio, são \C[1]\V[1]\C[0] no total!	novo
I know you got this!	Sei que você consegue!	novo
We need to finish writing Episode Five as soon as possible. We just need \V[2] more quests!	Precisamos terminar de escrever o Episódio Cinco o quanto antes. Só precisamos de mais \V[2] missões!	novo
Thanks for your help, associate producer!	Obrigado pela ajuda, produtor associado!	novo
We're taking a mid-season break for now, but I'll need your help again in the future!	Vamos fazer uma pausa no meio da temporada por enquanto, mas vou precisar da sua ajuda de novo no futuro!	novo
I'm finishing up the episode now. I'm going to need to see \C[1]\V[1]\C[0] completed quests for the next one!	Estou terminando o episódio agora. Vou precisar ver \C[1]\V[1]\C[0] missões completas para o próximo!	novo
My darling Pokémon was abandoned by their previous trainer and rescued by an organization, can you believe it?	Meu querido Pokémon foi abandonado pelo treinador anterior e resgatado por uma organização, dá para acreditar?	novo
Woohoo!	Uhuul!	novo
I hear people call me the \C[1]Rock Smash\C[0] guy, but I find that sort of stuff degrading.	Ouvi dizer que as pessoas me chamam de cara do \C[1]Rock Smash\C[0], mas acho isso meio humilhante.	novo
I think I deserve a bit more respect, like maybe the Rock Smash dude.	Acho que mereço um pouco mais de respeito, tipo o mano do Rock Smash.	novo
Anyways, your Pokémon look pretty strong.	Enfim, seus Pokémon parecem bem fortes.	novo
But let's see exactly how much. Are you ready?	Mas vamos ver exatamente o quanto. Está pronto?	novo
I like that! Here, take this HM!	Gostei disso! Aqui, pegue esta HM!	novo
That HM contains \C[1]Rock Smash\C[0]!	Essa HM contém \C[1]Rock Smash\C[0]!	novo
If you come across large boulders that block your path...	Se você encontrar pedras grandes bloqueando o caminho...	novo
Well, use that HM to pulverize them!	Bem, use essa HM para pulverizá-las!	novo
Yes, sir! Smash rocks aside, I say! Woohoo!	Sim, senhor! Esmague as pedras, eu digo! Uhuul!	novo
Yes, ma'am! Smash rocks aside, I say! Woohoo!	Sim, senhora! Esmague as pedras, eu digo! Uhuul!	novo
\C[2]Notice: You will not be able to use Rock Smash out of battles in this version of the game.	\C[2]Aviso: Você não poderá usar Rock Smash fora das batalhas nesta versão do jogo.	novo
Then you won't get my secret technique!	Então você não vai ganhar minha técnica secreta!	novo
Oh yes, if you smash a rock, a Pokémon could come flying out of hiding.	Ah, sim, se você esmagar uma pedra, um Pokémon pode sair voando do esconderijo.	novo
\C[2]Notice: You will not be able to use Rock Smash out of battles in this demo.	\C[2]Aviso: Você não poderá usar Rock Smash fora das batalhas nesta demo.	novo
Welcome to the Pokémon EXP Lab!	Bem-vindo ao Pokémon EXP Lab!	novo
Through a novel procedure, we can safely extract battle experience that you've obtained with your Pokémon into condensed \C[1]Exp. Candies\C[0]!	Com um procedimento inovador, podemos extrair com segurança a experiência de batalha que seus Pokémon ganharam em \C[1]Exp. Candies\C[0] condensados!	novo
It's a safe way to transfer Exp. from one Pokémon to another!	É um jeito seguro de transferir Exp. de um Pokémon para outro!	novo
The cost is $1000, with an additional fee of $500 per Exp. Candy that gets extracted. Would you like to give it a try?	O custo é de $1000, com uma taxa extra de $500 por Exp. Candy extraído. Gostaria de experimentar?	novo
Which Pokémon do you want to extract Exp. from?	De qual Pokémon você quer extrair Exp.?	novo
Very well, I'll take your \V[3]. It'll just be a little bit.	Muito bem, vou levar seu \V[3]. Só vai demorar um pouquinho.	novo
The extraction was a success! Here's your Pokémon back, with all of the Exp. Candies we've extracted.	A extração foi um sucesso! Aqui está seu Pokémon de volta, com todos os Exp. Candies que extraímos.	novo
Feel free to come back anytime!	Volte quando quiser!	novo
The Mauville tunnels sure are useful to protect yourself from bad weather!	Os túneis de Mauville são mesmo úteis para se proteger do mau tempo!	novo
Hi! Welcome to Mauville City!	Oi! Bem-vindo a Mauville City!	novo
Would you like to know about the different things to do in the city?	Gostaria de saber das coisas diferentes que dá para fazer na cidade?	novo
Enjoy your stay in Mauville City!	Aproveite sua estadia em Mauville City!	novo
So this is where they film the news, huh? Cool!	Então é aqui que gravam o jornal, é? Legal!	novo
It's a picture of a building in Lavender Town. You can see the famous Pokémon Tower behind it!	É uma foto de um prédio em Lavender Town. Dá para ver a famosa Pokémon Tower atrás dele!	novo
Is this your first time in Mauville City?	É sua primeira vez em Mauville City?	novo
The city is connected underground through tunnels. They make it easy to get anywhere!	A cidade é ligada por túneis subterrâneos. Eles facilitam chegar a qualquer lugar!	novo
A poster for the upcoming second season of "The Hoenn Rangers Coexistence Force"!	Um pôster da próxima segunda temporada de "The Hoenn Rangers Coexistence Force"!	novo
Hi! We sell furniture and souvenirs!	Oi! Vendemos móveis e lembrancinhas!	novo
... But we're currently waiting on a new shipment. We're all out of stock.	... Mas estamos esperando uma nova remessa. Estamos sem estoque.	novo
We give away shirts to Pokémon Trainers. Come and see me if you catch a lot of Pokémon of the same type!	Damos camisetas para Treinadores Pokémon. Venha falar comigo se capturar muitos Pokémon do mesmo tipo!	novo
Well, well, what have we here? A most energetic customer!	Ora, ora, o que temos aqui? Um cliente cheio de energia!	novo
Me? You can call me Rydel. I'm the owner of this cycle shop.	Eu? Pode me chamar de Rydel. Sou o dono desta loja de bicicletas.	novo
Your running shoes, they're awfully filthy... Did you come from far away?	Seus tênis de corrida estão sujos demais... Você veio de longe?	novo
Hm, hm...	Hum, hum...	novo
You came all the way from Littleroot?! That's ridiculously far!	Você veio lá de Littleroot?! Isso é absurdamente longe!	novo
Hm, hm... Have you been stepping in mud or what?	Hum, hum... Você andou pisando na lama ou o quê?	novo
If you had one of my bikes, you could go anywhere while feeling the gentle caress of the wind!	Se tivesse uma das minhas bikes, poderia ir a qualquer lugar sentindo a carícia suave do vento!	novo
I'll tell you what, I'll give you a bike!	Quer saber? Vou te dar uma bike!	novo
If you go fast enough on a bike, you can climb up slopes!	Se você for rápido o bastante numa bike, consegue subir ladeiras!	novo
Or if you're more of the acrobatic type, you might want to try riding on top of railings!	Ou, se você for do tipo acrobático, talvez queira tentar andar em cima de corrimãos!	novo
This is \PN, reporting on the latest news!	Aqui é \PN, com as últimas notícias!	novo
It's a poster for "Trainer x Trainer"!	É um pôster de "Trainer x Trainer"!	novo
Do you know about the \C[1]Wallpaper Lottery\C[0]?	Você conhece a \C[1]Wallpaper Lottery\C[0]?	novo
It's a new promotion we're doing for our "Talk of the Town" TV show! We want to encourage Trainers to fill out their Quest Log App!	É uma promoção nova que estamos fazendo para o nosso programa de TV "Talk of the Town"! Queremos incentivar os Treinadores a preencher o App de Diário de Missões!	novo
Every Quest you complete gives you a \C[1]Quest Point\C[0] that you can then spend to obtain a new \C[1]PC Box Background\C[0]!	Cada Missão que você completa te dá um \C[1]Ponto de Missão\C[0], que você pode gastar para obter um novo \C[1]Fundo de Caixa do PC\C[0]!	novo
Isn't that fun? You can access it from any PC. Feel free to try it over here!	Não é divertido? Você pode acessar de qualquer PC. Fique à vontade para experimentar aqui!	novo
\C[3]Unlocked the Wallpaper Lottery!	\C[3]Wallpaper Lottery desbloqueada!	novo
You're awarded one Quest Point for every quest you complete in your Quest Log App.	Você ganha um Ponto de Missão para cada missão que completar no seu App de Diário de Missões.	novo
You can access the Wallpaper Lottery from any PC to spend them on new PC Box backgrounds!	Você pode acessar a Wallpaper Lottery de qualquer PC para gastá-los em novos fundos de Caixa do PC!	novo
Now, where do I go to find the Game Corner from here?	Agora, como faço para chegar ao Game Corner daqui?	novo
Bicycles have two different speeds!	As bicicletas têm duas velocidades diferentes!	novo
Some prefer maneuverability while others prefer pure speed!	Uns preferem manobrabilidade, outros preferem velocidade pura!	novo
Heyah! Do you know about the move \C[1]\V[4]\C[0]?	E aí! Você conhece o golpe \C[1]\V[4]\C[0]?	novo
It allows you to swap abilities with your target! It can be pretty powerful if you're clever with your fusions.	Ele permite trocar de habilidade com o alvo! Pode ser bem poderoso se você for esperto com suas fusões.	novo
Want me to demonstrate some of my favorite strategies with it?	Quer que eu demonstre algumas das minhas estratégias favoritas com ele?	novo
I'll keep my secrets then!	Então vou guardar meus segredos!	novo
A deal's a deal! I'll teach the move \C[1]\V[4]\C[0] to any of your Pokémon for free!	Combinado é combinado! Vou ensinar o golpe \C[1]\V[4]\C[0] a qualquer um dos seus Pokémon de graça!	novo
Done! I hope you come up with a bunch of clever strategies with this move!	Pronto! Espero que você invente um monte de estratégias espertas com esse golpe!	novo
As you wish!	Como quiser!	novo
A poster for the "Mirage Detection Unit"!	Um pôster da "Mirage Detection Unit"!	novo
Eek! I saw a Rattata in the tunnel!	Iiih! Eu vi um Rattata no túnel!	novo
It's the scheduling for next week's broadcast! When is Hoenn Rangers playing?	É a programação da transmissão da semana que vem! Quando passa Hoenn Rangers?	novo
It's the scheduling for next week's broadcast!	É a programação da transmissão da semana que vem!	novo
Welcome to the Poké Ball Workshop. We can swap the Poké Ball your Pokémon was caught in for another one.	Bem-vindo à Oficina de Poké Balls. Podemos trocar a Poké Ball em que seu Pokémon foi capturado por outra.	novo
Pokéball Workshop	Oficina de Pokéballs	novo
Experience cannot be created out of nothing, nor can it be destroyed.	A experiência não pode ser criada do nada, nem destruída.	novo
But it can be transfered using Exp. Candies!	Mas pode ser transferida usando Exp. Candies!	novo
Hmm... Mauville is really big, huh? I hope I don't get lost.	Hmm... Mauville é bem grande, né? Espero não me perder.	novo
NOTICE: Exp. extraction is not perfect. It is normal for a small amount of Exp. to be lost during the process.	AVISO: A extração de Exp. não é perfeita. É normal que uma pequena quantidade de Exp. se perca durante o processo.	novo
I want to get a Telemauv plushie for my secret base!	Quero uma pelúcia de Telemauv para a minha base secreta!	novo
Seems like a Pokémon has dug a small hole in the sand.	Parece que um Pokémon cavou um buraquinho na areia.	novo
It looks like it could be the start of a nest.	Parece que pode ser o começo de um ninho.	novo
It's a Pokémon Egg... Take it?	É um Ovo de Pokémon... Pegar?	novo
Obtained a Pokémon Egg!	Obteve um Ovo de Pokémon!	novo
Trainer Tips: Use the move \C[1]Surf\C[0] to cross bodies of water!	Dica de Treinador: Use o golpe \C[1]Surf\C[0] para atravessar a água!	novo
Hello! I take it you're a traveller?	Olá! Imagino que você seja um viajante?	novo
How's this? What do you say to taking on our family of four in a series of Pokémon Battles?	Que tal? O que acha de enfrentar nossa família de quatro numa série de Batalhas Pokémon?	novo
Hey, all! I've found a pretty strong Trainer!	Ei, pessoal! Encontrei um Treinador bem forte!	novo
The dry warmth, the volcanic air... This city reminds me a lot of Lentimas Town in my home region...	O calor seco, o ar vulcânico... Esta cidade me lembra muito Lentimas Town, da minha região natal...	novo
I'm an adventurer from the \C[1]Unova region\C[0]. I came here while on a journey to explore the world!	Sou um aventureiro da \C[1]região de Unova\C[0]. Vim para cá durante uma jornada para explorar o mundo!	novo
I have plenty of other outfits from my home region, Unova. Tell me if you see anything you like!	Tenho várias outras roupas da minha região natal, Unova. Me diga se gostar de alguma coisa!	novo
There's a strong Trainer here! This one's really strong!	Tem um Treinador forte aqui! Esse é forte mesmo!	novo
The Winstrate Family	A Família Winstrate	novo
The dense jungle, the humid air ... This city remind me a lot of Akala Island in my home region...	A selva densa, o ar úmido ... Esta cidade me lembra muito Akala Island, da minha região natal...	novo
I'm an adventurer from the \C[1]Alola region\C[0]. I came here while on a journey to explore the world!	Sou um aventureiro da \C[1]região de Alola\C[0]. Vim para cá durante uma jornada para explorar o mundo!	novo
I have plenty of other outfits from my home region, Alola. Tell me if you see anything you like!	Tenho várias outras roupas da minha região natal, Alola. Me diga se gostar de alguma coisa!	novo
...Snivel... Grandma!	...Snif... Vovó!	novo
Our family uses this \C[1]Macho Brace\C[0] to strengthen our Pokémon more effectively during their training.	Nossa família usa este \C[1]Macho Brace\C[0] para fortalecer nossos Pokémon com mais eficiência durante o treino.	novo
You're the first Trainer I've seen deploy Pokémon with such mastery in a long time.	Você é o primeiro Treinador em muito tempo que vejo comandar Pokémon com tanta maestria.	novo
If you're not in any hurry, visit us awhile.	Se não estiver com pressa, fique um pouco conosco.	novo
The TV Studio, the modernity... This city reminds me a lot of Jubilife City in my home region...	O Estúdio de TV, a modernidade... Esta cidade me lembra muito Jubilife City, da minha região natal...	novo
I'm an adventurer from the \C[1]Sinnoh region\C[0]. I came here while on a journey to explore the world!	Sou um aventureiro da \C[1]região de Sinnoh\C[0]. Vim para cá durante uma jornada para explorar o mundo!	novo
I have plenty of other outfits from my home region, Sinnoh. Tell me if you see anything you like!	Tenho várias outras roupas da minha região natal, Sinnoh. Me diga se gostar de alguma coisa!	novo
Oh, I'm an adventurer from the \C[1]Unova region \C[0]. I came here while on a journey to explore the world!	Ah, sou um aventureiro da \C[1]região de Unova \C[0]. Vim para cá durante uma jornada para explorar o mundo!	novo
Let's battle, I want to see how local trainers fight!	Vamos batalhar, quero ver como os treinadores daqui lutam!	novo
Actually I have an idea! I brought way too many clothes from home and it's weighing me down, and I underestimated how much a journey like this costs.	Na verdade, tive uma ideia! Trouxe roupas demais de casa e elas estão pesando, e eu subestimei o quanto uma jornada dessas custa.	novo
Maybe you stand a chance after all...	Talvez você tenha alguma chance, afinal...	novo
Woah! You blew through Roxanne's defenses like it was nothing!	Uau! Você atravessou as defesas da Roxanne como se não fosse nada!	novo
That was an awesome fight!	Que luta incrível!	novo
Even Roxanne got schooled!	Até a Roxanne levou uma lição!	novo
Still, Roxanne will pulverize you!	Mesmo assim, a Roxanne vai te pulverizar!	novo
I'm going to study hard so that I can fight like you!	Vou estudar muito para conseguir lutar como você!	novo
Yo, how's it going?	E aí, como vai?	novo
Listen, my friend! Would you like to become the Champion?	Escute, meu amigo! Você gostaria de se tornar o Campeão?	novo
I'm no Trainer, not me, but I can sure give you winning advice.	Não sou Treinador, eu não, mas com certeza posso te dar conselhos para vencer.	novo
That's settled, then! We'll aim for the Pokémon Championship together!	Então está decidido! Vamos mirar no Campeonato Pokémon juntos!	novo
This Gym is a full-on excavation site! Roxanne, the Gym Leader here, used it to unearth her powerful \V[5]-type Pokémon!	Este Ginásio é um verdadeiro sítio de escavação! A Roxanne, Gym Leader daqui, o usou para desenterrar seus poderosos Pokémon do tipo \V[5]!	novo
\V[5]-type Pokémon are weak against Water- and Grass-type moves...	Pokémon do tipo \V[5] são fracos contra golpes dos tipos Water e Grass...	novo
But Roxanne is a smart student! She knows how to fuse Pokémon to cover their weaknesses, so you have to be prepared for anything!	Mas a Roxanne é uma aluna esperta! Ela sabe fundir Pokémon para cobrir as fraquezas, então você precisa estar preparado para tudo!	novo
Take this in case your battle with her gets too tough!	Pegue isto caso sua batalha com ela fique difícil demais!	novo
This Gym is a full on excavation site! Roxanne, the Gym Leader here, used it to unearth her powerful \V[5]-type Pokémon!	Este Ginásio é um verdadeiro sítio de escavação! A Roxanne, Gym Leader daqui, o usou para desenterrar seus poderosos Pokémon do tipo \V[5]!	novo
\V[5]-type Pokémon are weak against Water and Grass type moves...	Pokémon do tipo \V[5] são fracos contra golpes dos tipos Water e Grass...	novo
Whoa! What a breathtaking victory!\nMy cheering must have worked.	Uau! Que vitória de tirar o fôlego!\nMinha torcida deve ter funcionado.	novo
You know, every champion needs a fitting hairstyle. I'll give you a new haircut to celebrate your victory if you want!	Sabe, todo campeão precisa de um penteado à altura. Se quiser, te dou um corte de cabelo novo para comemorar sua vitória!	novo
Keep going! I can see great potential in you!	Continue assim! Vejo um grande potencial em você!	novo
I still have much to learn myself.	Eu mesma ainda tenho muito a aprender.	novo
The trick to becoming good at something is to never stop learning!	O segredo para ficar bom em algo é nunca parar de aprender!	novo
It's a Pokémon fossil!	É um fóssil de Pokémon!	novo
Hello, I am Roxanne, the Rustboro Pokémon Gym Leader.	Olá, eu sou a Roxanne, Gym Leader do Ginásio Pokémon de Rustboro.	novo
I became a Gym Leader so that I might apply what I learned at the Pokémon Trainer School in battle.	Eu me tornei Gym Leader para poder aplicar em batalha o que aprendi na Escola de Treinadores Pokémon.	novo
Pokémon League rules state that a challenger can only bring the same number of Pokémon as the Gym Leader into a battle.	As regras da Liga Pokémon dizem que um desafiante só pode levar para a batalha o mesmo número de Pokémon que o Gym Leader.	novo
I have two Pokémon on my team, so that means you can also only bring two.	Eu tenho dois Pokémon no meu time, então isso significa que você também só pode levar dois.	novo
Would you kindly demonstrate how you battle, and with which Pokémon?	Poderia, por gentileza, me mostrar como você batalha, e com quais Pokémon?	novo
The Pokémon League's rules state that Trainers are to be given this badge if they defeat a Gym Leader.	As regras da Liga Pokémon dizem que os Treinadores devem receber esta insígnia se derrotarem um Gym Leader.	novo
Please accept the official Pokémon League Stone Badge.	Por favor, aceite a Stone Badge oficial da Liga Pokémon.	novo
The Stone Badge enables our Pokémon to use the HM move Cut outside of battle.	A Stone Badge permite que nossos Pokémon usem o golpe de HM Cut fora das batalhas.	novo
Please take this with you, too.	Por favor, leve isto também.	novo
That TM contains \C[1]Rock Tomb\C[0]. It not only inflicts damage by dropping rocks, but it also lowers Speed.	Essa TM contém \C[1]Rock Tomb\C[0]. Além de causar dano derrubando pedras, ela também reduz a Speed.	novo
You can use TMs to instantly teach a move to Pokémon, and it can be reused as many times as you like.	Você pode usar TMs para ensinar um golpe instantaneamente aos Pokémon, e elas podem ser reutilizadas quantas vezes quiser.	novo
Since you're strong, you should challenge other Gym Leaders. By battling many trainers, you should learn many things.	Como você é forte, devia desafiar outros Gym Leaders. Batalhando com muitos treinadores, você deve aprender muitas coisas.	novo
And this is another little gift from me.	E este é mais um presentinho meu.	novo
\C[3]\PN obtained 1 Wonder Trade ticket!	\C[3]\PN obteve 1 ticket de Wonder Trade!	novo
By battling many trainers, you should learn many things.	Batalhando com muitos treinadores, você deve aprender muitas coisas.	novo
It looks like someone left their smelly gym shorts in there!	Parece que alguém esqueceu um short de academia fedido aí dentro!	novo
Hey, how's it going, Champion-bound \PN?	E aí, como vai, \PN, futuro Campeão?	novo
Trainers here use \V[5]-type fusions. They train in the darkness to heighten their senses, but it'll get brighter after defeating trainers on your way.	Os treinadores daqui usam fusões do tipo \V[5]. Eles treinam no escuro para aguçar os sentidos, mas vai clareando conforme você derrota os treinadores pelo caminho.	novo
Take this and go for it!	Pegue isto e vá com tudo!	novo
Whoah! It's turned too bright in here! Your future is bright, too!	Uau! Ficou claro demais aqui dentro! Seu futuro também é brilhante!	novo
Do you want a trim to celebrate your victory?	Quer dar uma aparada para comemorar sua vitória?	novo
Go on! I know you have it in you!	Vai lá! Sei que você consegue!	novo
I'm Brawly! Dewford's Gym Leader!	Eu sou o Brawly! Gym Leader de Dewford!	novo
I've been churned in the rough waves of these parts, and I've grown tough in the pitch-black cave!	Fui revirado pelas ondas bravas desta região e fiquei forte na caverna escura como breu!	novo
So you want to challenge me? Alright, pick three Pokémon then!	Então você quer me desafiar? Muito bem, escolha três Pokémon, então!	novo
Please accept the official Pokémon League Knuckle Badge.	Por favor, aceite a Knuckle Badge oficial da Liga Pokémon.	novo
The Knuckle Badge makes all traded Pokémon up to level 30 obey, without question.	A Knuckle Badge faz todos os Pokémon recebidos em troca até o nível 30 obedecerem, sem questionar.	novo
And you'll be able to use the move \C[1]Flash\C[0] outside of battle.	E você vai poder usar o golpe \C[1]Flash\C[0] fora das batalhas.	novo
If you'd like, use this TM too.	Se quiser, use esta TM também.	novo
This'll raise your Pokémon attack AND its Defense... It's perfect for Fighting type fusions.	Ela aumenta o Attack E a Defense do seu Pokémon... É perfeita para fusões do tipo Fighting.	novo
And here's one more thing...	E mais uma coisa...	novo
\C[3]\PN obtained 2 Wonder Trade tickets!	\C[3]\PN obteve 2 tickets de Wonder Trade!	novo
I can see your talent becoming a giant wave to cause a storm of astonishment among Trainers one day!	Vejo seu talento virando uma onda gigante que um dia vai causar uma tempestade de espanto entre os Treinadores!	novo
Brawly waiting. You go!	Brawly esperando. Você vai!	novo
Oh, aye! You're worthy of seeing our Gym Leader!	Ah, sim! Você é digno de ver nosso Gym Leader!	novo
I could hear the fight from all the way over here, congrats on your victory!	Deu para ouvir a luta lá daqui, parabéns pela vitória!	novo
You gave me more of a workout than these weights ever could!	Você me fez suar mais do que esses pesos jamais conseguiriam!	novo
There's still sweat on the seat. Someone didn't clean up after they used it!	Ainda tem suor no banco. Alguém não limpou depois de usar!	novo
Training in the dark helps you focus on your other senses.	Treinar no escuro ajuda a focar nos outros sentidos.	novo
Maybe brain does beat brawn sometimes...	Talvez a inteligência às vezes vença os músculos...	novo
Maybe it'd be easier with the lights on...	Talvez fosse mais fácil com as luzes acesas...	novo
Maybe \V[1]?... No... \V[2]? That's not it...	Talvez \V[1]?... Não... \V[2]? Não é isso...	novo
I'm trying to get ahead of the curve and come up with the next trend before anyone else.	Estou tentando sair na frente e inventar a próxima moda antes de todo mundo.	novo
Yeah... I can totally see it!	É... Já consigo imaginar!	novo
Hey guys!	Ei, pessoal!	novo
What do you think of...	O que vocês acham de...	novo
\V[1025]!	\V[1025]!	novo
Oooohhhh!	Ooooohhhh!	novo
\V[1025]... Yeah!!	\V[1025]... Isso!!	novo
Yeah! This is it for sure! \V[1025] is definitely going to catch on!	Isso! É isso com certeza! \V[1025] com certeza vai pegar!	novo
Yeah, you're right... None of these really have what it takes to catch on.	É, você tem razão... Nenhuma dessas tem o que é preciso para pegar.	novo
I gotta think of something better...	Preciso pensar em algo melhor...	novo
I gotta get ahead of the curve and come up with the next trend before anyone else!	Preciso sair na frente e inventar a próxima moda antes de todo mundo!	novo
No luck so far...	Nada até agora...	novo
I'm already trying to think of new trendy phrases for the future!	Já estou tentando pensar em novas expressões da moda para o futuro!	novo
Ooh!	Uuh!	novo
I'm training relentlessly to earn my spot at the Dewford Gym!	Estou treinando sem parar para conquistar meu lugar no Ginásio de Dewford!	novo
But my neighbors keep teasing me. They say that breakdancing isn't a martial art...	Mas meus vizinhos vivem tirando sarro de mim. Dizem que breakdance não é arte marcial...	novo
I'll prove them wrong! Oooyah!	Vou provar que estão errados! Uuuyah!	novo
\V[1025] is the hottest trend right now! But trends don't last very long, so it will probably be replaced by something else soon.	\V[1025] é a maior moda do momento! Mas modas não duram muito, então provavelmente logo vai ser substituída por outra coisa.	novo
Squawk!	Kráá!	novo
Chah!	Chah!	novo
\V[1025]...	\V[1025]...	novo
Everybody's talking about \V[1025] these days.	Todo mundo anda falando de \V[1025] hoje em dia.	novo
To tell the truth, I'm not entirely sure what it is exactly.	Para falar a verdade, não sei direito o que é exatamente.	novo
What's that about \V[1025] now? Oh, dear...	Que história é essa de \V[1025] agora? Ai, ai...	novo
Dewford Town is a renowned fishing spot. It's one of the only places with a healthy population of \C[1]Skrelp\C[0].	Dewford Town é um ponto de pesca famoso. É um dos únicos lugares com uma população saudável de \C[1]Skrelp\C[0].	novo
In fact, it's a rite of passage for new anglers to come to Dewford Town and fish up one!	Na verdade, é um ritual de iniciação para pescadores novatos vir a Dewford Town e pescar um!	novo
Are you getting the itch to fish? I'll give you one of my old \C[1]fishing rods\C[0] if you give it a try!	Está com vontade de pescar? Te dou uma das minhas \C[1]varas de pescar\C[0] velhas se você tentar!	novo
I hear you, and I like what you're saying! Take this!	Gostei de ouvir isso! Pegue!	novo
Now go and fish up a Skrelp! They can be fished anywhere in the waters near Dewford Town.	Agora vá pescar um Skrelp! Dá para pescá-los em qualquer lugar nas águas perto de Dewford Town.	novo
Why would anyone come here if not for fishing?	Por que alguém viria aqui se não fosse para pescar?	novo
So, have you been able to fish up a \C[1]Skrelp\C[0]?	E então, conseguiu pescar um \C[1]Skrelp\C[0]?	novo
Here's some fishing advice. First, you want to face the water, then use the rod.	Aqui vai uma dica de pesca. Primeiro, fique de frente para a água, depois use a vara.	novo
Focus your mind... If you get a bite, pull on the rod!	Concentre-se... Se algo morder, puxe a vara!	novo
This is it! Oh, and it's a lively one at that too!	É esse! Ah, e é um bem animado ainda por cima!	novo
You're a true angler now! It deserves a little something to celebrate!	Agora você é um pescador de verdade! Isso merece uma coisinha para comemorar!	novo
Oh, and keep that rod I gave you too. When you fish as much as I do, you end up with plenty of extras!	Ah, e fique com aquela vara que eu te dei também. Quando você pesca tanto quanto eu, acaba tendo várias sobrando!	novo
Skrelp also come up to the surface to feed when it rains.	Os Skrelp também sobem à superfície para se alimentar quando chove.	novo
It's a motivational poster featuring a well-known martial artist with his Hitmonlee.	É um pôster motivacional com um famoso artista marcial e seu Hitmonlee.	novo
Hey, hey mister! Do you have \V[1] \V[1025]?	Ei, ei, moço! Você tem \V[1] \V[1025]?	novo
Hey, hey lady! Do you have \V[1] \V[1025]?	Ei, ei, moça! Você tem \V[1] \V[1025]?	novo
I loooooove \V[1025]!!	Eu amoooooo \V[1025]!!	novo
You never know what kind of Pokémon you might come across when you fish in a new place.	Nunca se sabe que tipo de Pokémon você pode encontrar quando pesca num lugar novo.	novo
That's the beauty of fishing!	Essa é a beleza da pesca!	novo
It's a motivational poster featuring a well-known boxer with his Hitmonchan.	É um pôster motivacional com um famoso boxeador e seu Hitmonchan.	novo
Everyone needs a little bit of \V[1025] in their life! It's just so cool!	Todo mundo precisa de um pouco de \V[1025] na vida! É tão legal!	novo
It's a motivational poster featuring a well-known break-dancer with his Hitmontop.	É um pôster motivacional com um famoso dançarino de breakdance e seu Hitmontop.	novo
Yo! Welcome to the Seashore House. You can call me Mr. Sea!	Ô! Bem-vindo à Seashore House. Pode me chamar de Mr. Sea!	novo
What I love above all is to see hot Pokémon battles!	O que eu mais amo é ver batalhas Pokémon quentes!	novo
Does your heart burn hot? If you can defeat all the trainers in here, I'll reward your effort!	Seu coração arde em chamas? Se você derrotar todos os treinadores daqui, vou recompensar seu esforço!	novo
Ah! Go spend some time on the beach until your heart is fiery hot!	Ah! Vá passar um tempo na praia até seu coração ficar pegando fogo!	novo
You're scorching hot! Those battles blazed!	Você está fervendo! Essas batalhas pegaram fogo!	novo
I'll keep my word. As a thanks for showing me all these fiery battles, you've earned yourself a refreshment!	Vou cumprir minha palavra. Como agradecimento por me mostrar todas essas batalhas ardentes, você ganhou um refresco!	novo
Half a dozen bottles on the house!	Meia dúzia de garrafas por conta da casa!	novo
Does your heart burn hot? If you can defeat all the trainers in here, I'll reward you effort!	Seu coração arde em chamas? Se você derrotar todos os treinadores daqui, vou recompensar seu esforço!	novo
The beach can get scorching hot, so it's important to stay hydrated!	A praia pode ficar escaldante, então é importante se manter hidratado!	novo
\GDo you want to buy a \C[1]Soda Pop\C[0] for $300?	\GVocê quer comprar um \C[1]Soda Pop\C[0] por $300?	novo
\G\PN paid $300.	\G\PN pagou $300.	novo
\GOh, you don't have enough, sorry!	\GAh, você não tem o suficiente, desculpe!	novo
\GYou can also buy some \C[1]Fresh Water\C[0] from the vending machine over there. It's a little bit cheaper.	\GVocê também pode comprar \C[1]Fresh Water\C[0] na máquina de venda ali. É um pouco mais barata.	novo
You can also buy some \C[1]Fresh Water\C[0] from the vending machine over there.	Você também pode comprar \C[1]Fresh Water\C[0] na máquina de venda ali.	novo
It's an ad for a brand of \C[1]Soda Pop\C[0]!	É um anúncio de uma marca de \C[1]Soda Pop\C[0]!	novo
Odahh!	Odahh!	novo
Shroom?	Shroom?	novo
Oh, Shroomish! You were here this whole time!?	Ah, Shroomish! Você estava aqui esse tempo todo!?	novo
Ahhh, you wandered off a bit to eat the dead leaves under the tree, but you never left my side!	Ahhh, você se afastou um pouco para comer as folhas secas embaixo da árvore, mas nunca saiu do meu lado!	novo
Shroomish is a fusion between Oddish and Shroomish... So it's called Shroomish!	O Shroomish é uma fusão de Oddish com Shroomish... Por isso se chama Shroomish!	novo
Thank you for helping me find it!	Obrigado por me ajudar a encontrá-lo!	novo
I'll give you this. I just found it. It has a strange shape and it looks amazing.	Vou te dar isto. Acabei de encontrar. Tem um formato estranho e parece incrível.	novo
Mushhhh!	Mushhhh!	novo
Huh? This is not Shroomish...	Hã? Este não é o Shroomish...	novo
It looks a bit like it, but Shroomish is a lot smaller than this...	Parece um pouco com ele, mas o Shroomish é bem menor que isso...	novo
Let's keep looking!	Vamos continuar procurando!	novo
Thanks for saving me back there, that was some quick thinking!	Obrigado por me salvar lá atrás, você pensou rápido!	novo
Here, I'll give you some \C[1]Glimmer Coins\C[0] for your trouble.	Aqui, vou te dar algumas \C[1]Glimmer Coins\C[0] pelo trabalho.	novo
So you're a musician too, huh? You must be looking forward to the big show!	Então você também é músico, é? Deve estar ansioso pelo grande show!	novo
What?! Don't tell me you don't know about the \C[1]Evergrande City Trumpet Festival\C[0]!?	O quê?! Não me diga que você não conhece o \C[1]Festival do Trompete de Evergrande City\C[0]!?	novo
It's the most famous trumpet festival in the whole world! My three brothers and I will be performing there!	É o festival de trompete mais famoso do mundo inteiro! Eu e meus três irmãos vamos nos apresentar lá!	novo
There was a fifth one of us... But he disappeared some time ago. This festival is very important to our family and we were hoping to find him there.	Tinha um quinto de nós... Mas ele desapareceu há algum tempo. Este festival é muito importante para a nossa família e esperávamos encontrá-lo lá.	novo
Wait a second... I recognize that trumpet you're wearing. It's my brother's! Where in the world did you get that?	Espere um segundo... Eu reconheço esse trompete que você está usando. É do meu irmão! Onde é que você arrumou isso?	novo
Actually, wait... That trumpet you were wearing on your head looked a lot like my brother's.	Na verdade, espere... Aquele trompete que você estava usando na cabeça parecia muito com o do meu irmão.	novo
It is my brother's! Where in the world did you get that?	É do meu irmão! Onde é que você arrumou isso?	novo
A mystery, huh?... Well, that's pretty strange.	Um mistério, é?... Bem, isso é bem estranho.	novo
You should join us at the festival! But first, you gotta convince me with a Pokémon battle! What do you say?	Você devia se juntar a nós no festival! Mas antes, tem que me convencer numa batalha Pokémon! O que me diz?	novo
Wow! I'm convinced! You'll be performing with us in \C[1]Evergrande City\C[0]!	Uau! Estou convencido! Você vai se apresentar com a gente em \C[1]Evergrande City\C[0]!	novo
... At least, that's what I wish I could say. But it's not only up to me to decide.	... Pelo menos é o que eu queria poder dizer. Mas não sou só eu que decido.	novo
My three brothers are all out practicing somewhere in Hoenn too. You'll have to find them and convince them too if you want to play with us!	Meus três irmãos também estão praticando em algum lugar de Hoenn. Você vai ter que encontrá-los e convencê-los também se quiser tocar com a gente!	novo
It's a bit strange that you wear that trumpet on your head, but be sure to wear it when you find my brothers too. They'll surely recognize it!	É meio estranho você usar esse trompete na cabeça, mas não deixe de usá-lo quando encontrar meus irmãos também. Eles com certeza vão reconhecê-lo!	novo
\C[3]The Trumpet Festival!: \C[2]1/4\C[0]	\C[3]O Festival do Trompete!: \C[2]1/4\C[0]	novo
That's lame... Well, I'll be right here until the festival if you change your mind.	Que pena... Bom, vou ficar bem aqui até o festival, caso você mude de ideia.	novo
My three brothers are out practicing somewhere in Hoenn.	Meus três irmãos estão praticando em algum lugar de Hoenn.	novo
You're gonna have to find them and convince them like you did for me if you want to perform with us in Evergrande City!	Você vai ter que encontrá-los e convencê-los como fez comigo se quiser se apresentar com a gente em Evergrande City!	novo
It's a bit strange that you wear that trumpet on your head, but be sure to wear it when you find my brothers. They'll surely recognize it!	É meio estranho você usar esse trompete na cabeça, mas não deixe de usá-lo quando encontrar meus irmãos. Eles com certeza vão reconhecê-lo!	novo
Ah, the weather is dreadful today. But at least, rain is good for plants.	Ah, o tempo está horrível hoje. Mas pelo menos a chuva faz bem para as plantas.	novo
Verdanturf Town seems even more lush when it's sunny out, don't you think?	Verdanturf Town parece ainda mais verdejante quando está ensolarado, não acha?	novo
I wonder what the result will be if I fuse a cute Pokémon with a tough Pokémon.	Fico imaginando o resultado se eu fundir um Pokémon fofo com um Pokémon durão.	novo
Huh? That's not Shroomish either!	Hã? Esse também não é o Shroomish!	novo
Shroomish has adorable little leaves growing on top of its head...	O Shroomish tem umas folhinhas adoráveis crescendo no topo da cabeça...	novo
With the way the wind blows, volcanic ash is never blown in this direction.	Pelo jeito que o vento sopra, as cinzas vulcânicas nunca vêm para este lado.	novo
That means that the air is clean and delicious here! It could surely do wonders for the frail and sickly.	Isso quer dizer que o ar aqui é limpo e delicioso! Com certeza pode fazer maravilhas para os frágeis e doentes.	novo
Verdanturf Town: Windswept highlands with the sweet fragrance of grass.	Verdanturf Town: Planaltos varridos pelo vento com o doce perfume da grama.	novo
Shroomish?	Shroomish?	novo
Oh no! Where are you Shroomish?!	Ah, não! Cadê você, Shroomish?!	novo
My Shroomish got lost... It disappeared when we were walking earlier...	Meu Shroomish se perdeu... Ele sumiu quando estávamos caminhando mais cedo...	novo
Will you help me find it?	Você me ajuda a encontrá-lo?	novo
Shroooooooomishhhh, where are youuuuuuu?	Shroooooooomishhhh, cadê vocêêêêêê?	novo
Please... Help me find my Shroomish...	Por favor... Me ajude a encontrar meu Shroomish...	novo
Thank you for finding my Shroomish!	Obrigado por encontrar meu Shroomish!	novo
This tunnel is full of timid Pokémon that get all scared of loud noises and make a big uproar.	Este túnel está cheio de Pokémon tímidos que se assustam com barulhos altos e fazem um grande alvoroço.	novo
They had to stop construction because of this, but there's still one man who's trying to dig the tunnel by himself.	Tiveram que parar a obra por causa disso, mas ainda tem um homem tentando cavar o túnel sozinho.	novo
It's a hand-drawing of a double \V[1] fusion!	É um desenho à mão de uma fusão dupla de \V[1]!	novo
It's a hand-drawing of a \V[2] fused with a \V[1].	É um desenho à mão de um \V[2] fundido com um \V[1].	novo
My daughter's boyfriend is a very driven person.	O namorado da minha filha é uma pessoa muito determinada.	novo
He's been digging a tunnel nonsteop just so he can see my daughter.	Ele está cavando um túnel sem parar só para poder ver minha filha.	novo
She's a little concerned, so she goes out to the tunnel a lot.	Ela está um pouco preocupada, então vai muito até o túnel.	novo
Oh, you must be \PN?	Ah, você deve ser \PN?	novo
Wally has been talking non-stop about you since he came here. You're a big source of inspiration for him.	O Wally não para de falar de você desde que chegou aqui. Você é uma grande fonte de inspiração para ele.	novo
We talked to my husband's brother before Wally left on his journey and he agreed that it was for the best.	Conversamos com o irmão do meu marido antes de o Wally sair em sua jornada, e ele concordou que era o melhor.	novo
A breeze of fresh air is coming through the window.	Uma brisa de ar fresco está entrando pela janela.	novo
Oh, hi! I was just sketching out some new haircut ideas based on my favorite Pokémon.	Ah, oi! Eu estava desenhando umas ideias de corte de cabelo novas baseadas nos meus Pokémon favoritos.	novo
Would you like to be my new masterpiece?	Gostaria de ser minha nova obra-prima?	novo
Dye hair (300 GC)	Tingir cabelo (300 GC)	novo
Oh, I'm sorry but you don't have enough coins.	Ah, desculpe, mas você não tem moedas suficientes.	novo
No worries! I'll be here if you change your mind.	Sem problemas! Vou estar aqui se você mudar de ideia.	novo
Pleah!	Pleah!	novo
We moved here forty years ago for the clean air and it's still as fresh as ever.	Nos mudamos para cá há quarenta anos por causa do ar limpo e ele continua tão fresco quanto antes.	novo
Oh! \PN! Wally's next door.	Ah! \PN! O Wally está na casa ao lado.	novo
But, boy, there's something I have to tell you.	Mas, rapaz, tem uma coisa que preciso te contar.	novo
This natural environment is doing wonders for Wally's health.	Este ambiente natural está fazendo maravilhas pela saúde do Wally.	novo
But maybe it's not just the environment. It could be Pokémon that are giving the boy hope.	Mas talvez não seja só o ambiente. Podem ser os Pokémon que estão dando esperança ao garoto.	novo
Oh! \PN! Wally left a little bit ago.	Ah! \PN! O Wally saiu há pouco.	novo
He already managed to obtain Mauville City's badge thanks to that Pokémon you helped him catch and the others he's caught since then.	Ele já conseguiu a insígnia de Mauville City graças àquele Pokémon que você o ajudou a capturar e aos outros que ele capturou desde então.	novo
He said that he wants to collect all of the other Gym Badges, like you.	Ele disse que quer juntar todas as outras Gym Badges, como você.	novo
I've never seen him so driven, I couldn't bring myself to stop him from going.	Nunca o vi tão determinado, não tive coragem de impedi-lo de ir.	novo
Pokémon grow stronger when they're in a healthy environment.	Os Pokémon ficam mais fortes quando estão num ambiente saudável.	novo
I lost to you, \PN, but I'm not feeling down anymore.	Perdi para você, \PN, mas não estou mais desanimado.	novo
Because I have a new purpose in life. Together with my Pokémon, I'm going to challenge Pokémon Gyms and become a great Trainer.	Porque tenho um novo propósito na vida. Junto com meus Pokémon, vou desafiar Ginásios Pokémon e me tornar um grande Treinador.	novo
Please watch me, \PN. I'm going to become even stronger than you.	Fique de olho em mim, \PN. Vou ficar ainda mais forte que você.	novo
And when I do, I'm going to challenge you to another battle!	E quando isso acontecer, vou te desafiar para outra batalha!	novo
It's too bad that the tunnel couldn't be completed. We were almost finished too...	Que pena que o túnel não pôde ser concluído. Estávamos quase terminando...	novo
Our crew uses specialized Pokémon fusions to drill through tunnels.	Nossa equipe usa fusões de Pokémon especializadas para perfurar túneis.	novo
But the noise disturbed the local Pokémon, so we had to stop.	Mas o barulho perturbou os Pokémon locais, então tivemos que parar.	novo
Ghaaayuu!	Ghaaayuu!	novo
The aquarium is bustling with invertebrates and small, colourful fish Pokémon.	O aquário está cheio de invertebrados e pequenos Pokémon peixes coloridos.	novo
A Horsea is hiding behind some seaweed!	Um Horsea está se escondendo atrás de umas algas!	novo
A Shellder is just hanging about!	Um Shellder só está ali, de bobeira!	novo
That Qwilfish looks curious about you!	Aquele Qwilfish parece curioso com você!	novo
I didn't have $50, so it took a long time to get past the receptionist...	Eu não tinha $50, então demorei muito para passar pela recepcionista...	novo
Come on, stop holding up the line!	Vamos, pare de segurar a fila!	novo
"Field Moves: Waterfall"	"Golpes de Campo: Waterfall"	novo
"Some Pokémon are able to swim up waterfalls using the move Waterfall."	"Alguns Pokémon conseguem subir cachoeiras nadando com o golpe Waterfall."	novo
"They charge through the water with powerful bursts of speed that propels up a great distance."	"Eles avançam pela água com poderosas explosões de velocidade que os impulsionam por uma grande distância."	novo
"Experienced trainers often use this technique to get to places that are otherwise hard to reach."	"Treinadores experientes costumam usar essa técnica para chegar a lugares que de outra forma seriam difíceis de alcançar."	novo
It's a Deep Sea Scale and a Deep Sea Tooth floating in water.	É uma Deep Sea Scale e um Deep Sea Tooth flutuando na água.	novo
The Luvdisc in this tank was donated to us after it was accidentally caught in a fisherman's net.	O Luvdisc deste tanque foi doado para nós depois de ser pego por acidente na rede de um pescador.	novo
It's still being rehabilitated, but it's been showing signs of being lonely.	Ele ainda está em reabilitação, mas tem mostrado sinais de solidão.	novo
You see, Luvdisc are very social Pokémon that need to be with others of their species!	Sabe, os Luvdisc são Pokémon muito sociáveis que precisam estar com outros da mesma espécie!	novo
We've been looking for a Trainer to rehome the \C[1]Clamperl\C[0] it shares its tank with.	Estamos procurando um Treinador para adotar o \C[1]Clamperl\C[0] que divide o tanque com ele.	novo
If you can bring us another \C[1]Luvdisc\C[0], we'll happily trade it to you!	Se você nos trouxer outro \C[1]Luvdisc\C[0], vamos trocá-lo com você com prazer!	novo
Thank you! This Clamperl was rescued outside of here, in the harbour.	Obrigado! Este Clamperl foi resgatado aqui fora, no porto.	novo
They typically live in much deeper waters so it needed to be rehabilitated for a bit, but now it's ready to continue its journey!	Eles normalmente vivem em águas bem mais profundas, então ele precisou de um tempo de reabilitação, mas agora está pronto para continuar sua jornada!	novo
\C[1]Luvdisc\C[0] can usually be found by fishing in the waters just outside of the museum.	Normalmente dá para encontrar \C[1]Luvdisc\C[0] pescando nas águas logo do lado de fora do museu.	novo
Luvdisc has been doing much better now that it has a companion!	O Luvdisc está bem melhor agora que tem um companheiro!	novo
Please enjoy the museum.	Aproveite o museu.	novo
It's a painting of the Lake of Rage in the Johto region.	É uma pintura do Lake of Rage, na região de Johto.	novo
"Field Moves: Whirlpool"	"Golpes de Campo: Whirlpool"	novo
"In some areas, strong opposing currents collide, forming whirlpools that are dangerous to traverse."	"Em algumas áreas, fortes correntes opostas colidem, formando redemoinhos perigosos de atravessar."	novo
"Pokémon can use the move Whirlpool to create inverse whirlpools that cancel them out and allow safe passage."	"Os Pokémon podem usar o golpe Whirlpool para criar redemoinhos inversos que os anulam e permitem uma passagem segura."	novo
The sea is vast without end and infinitely deep...	O mar é vasto, sem fim e infinitamente profundo...	novo
There must be many Pokémon that we don't know about.	Deve haver muitos Pokémon que não conhecemos.	novo
It's a sample of soil from the ocean floor.	É uma amostra de solo do fundo do oceano.	novo
"Over many years, the remains of life-forms settle at the bottom of the sea, making sedimentary layers."	"Ao longo de muitos anos, os restos de seres vivos se depositam no fundo do mar, formando camadas sedimentares."	novo
"By analyzing these layers, the ancient past is revealed."	"Analisando essas camadas, o passado antigo é revelado."	novo
The S.S. Anne is a famous luxury cruise ship for trainers.	O S.S. Anne é um famoso navio de cruzeiro de luxo para treinadores.	novo
It sails around the globe yearly, stopping at various cities.	Ele navega pelo mundo todo ano, parando em várias cidades.	novo
Who even has that kind of money!? Just let me through, come on!	Quem é que tem esse tipo de dinheiro!? Só me deixe passar, vai!	novo
"Corsola are extremely sensitive to water pollution."	"Os Corsola são extremamente sensíveis à poluição da água."	novo
"Areas where they gather in large reefs are an indicator of high water quality."	"Áreas onde eles se reúnem em grandes recifes são um indicador de água de alta qualidade."	novo
I want a sea Pokémon!	Eu quero um Pokémon do mar!	novo
I think it would feel cool and nice to hug.	Acho que seria fresquinho e gostoso de abraçar.	novo
A video is playing of a guy wearing a beanie conducting an experiment with some sort of machine...	Está passando um vídeo de um cara de gorro fazendo um experimento com algum tipo de máquina...	novo
"All life is part of a complex relationship in which each is dependent upon the others, taking from, giving to and living with all the rest."	"Toda a vida faz parte de uma relação complexa em que cada um depende dos outros, recebendo, dando e convivendo com todo o resto."	novo
"When Clamperl is exposed to either a Deep Sea Scale or a Deep Sea Tooth, it leaves its shell to become free swimming."	"Quando o Clamperl é exposto a uma Deep Sea Scale ou a um Deep Sea Tooth, ele deixa a concha para nadar livremente."	novo
"The Deep Sea Scale allows the pink interior part of its body to take over, while the Deep Sea Tooth makes the blue exterior grow."	"A Deep Sea Scale faz a parte interna rosa do seu corpo predominar, enquanto o Deep Sea Tooth faz crescer o exterior azul."	novo
It's a research paper on deep ocean environments.	É um artigo de pesquisa sobre ambientes do oceano profundo.	novo
A fusion of two deep-sea Pokémon is swimming peacefully.	Uma fusão de dois Pokémon de águas profundas está nadando tranquilamente.	novo
It's a sample of beach sand.	É uma amostra de areia da praia.	novo
"Stones from mountains are washed down by rivers where they are chipped and ground down."	"As pedras das montanhas são levadas pelos rios, onde são lascadas e desgastadas."	novo
"They are reduced to grains and end up as sand on beaches."	"Elas viram grãos e acabam como areia nas praias."	novo
We were told to assemble here. I don't have a clue why though.	Mandaram a gente se reunir aqui. Mas não faço ideia do porquê.	novo
It's a display on the flow of seawater.	É uma exposição sobre o fluxo da água do mar.	novo
"Near the bottom of the sea, water flows due to differences in such factors as temperature and salinity."	"Perto do fundo do mar, a água flui devido a diferenças em fatores como temperatura e salinidade."	novo
"Only a small percentage of oceans has been explored by humans."	"Só uma pequena porcentagem dos oceanos foi explorada pelos humanos."	novo
"It is estimated that there are still thousands of Pokémon species that are yet to be discovered in our oceans."	"Estima-se que ainda existam milhares de espécies de Pokémon a serem descobertas nos nossos oceanos."	novo
Welcome to the Oceanic Museum.	Bem-vindo ao Oceanic Museum.	novo
Oh, today's your birthday?	Ah, hoje é seu aniversário?	novo
Go right ahead, you can get in for free today!	Pode entrar, hoje a entrada é grátis para você!	novo
\GThe entrance fee is $50. Would you like to enter?	\GA entrada custa $50. Gostaria de entrar?	novo
\GPlease enjoy the museum.	\GAproveite o museu.	novo
Oh, you're with that group that went in earlier?	Ah, você está com aquele grupo que entrou mais cedo?	novo
You're the only one who's late. You'd better go catch up to them!	Você é o único atrasado. É melhor ir alcançá-los!	novo
Please visit again!	Volte sempre!	novo
It's a sample of sea water with some corals.	É uma amostra de água do mar com alguns corais.	novo
"The sea is all connected, but the water's quality and its salinity differs by region."	"O mar é todo conectado, mas a qualidade e a salinidade da água variam de região para região."	novo
"The purity of the water around Pacifidlog Town makes it home to some of the most biodiverse coral reefs in the world."	"A pureza da água ao redor de Pacifidlog Town faz dela o lar de alguns dos recifes de coral mais biodiversos do mundo."	novo
If we stole the stuff in here, it would probably make us rich!	Se a gente roubasse as coisas daqui, provavelmente ficaria rico!	novo
Hey! Quit listening!	Ei! Pare de escutar!	novo
"Toward the surface, seawater flows as currents driven by the winds."	"Perto da superfície, a água do mar flui em correntes movidas pelos ventos."	novo
Oh! Is that a Krabby?	Ah! Aquilo é um Krabby?	novo
Look at that Magikarp!	Olha aquele Magikarp!	novo
There's a school of Luvdisc swimming in the back!	Tem um cardume de Luvdisc nadando lá no fundo!	novo
That replica of the S.S. Anne alone must be worth a ton of money!	Só essa réplica do S.S. Anne já deve valer uma fortuna!	novo
"Water currents have a significant effect on the climate."	"As correntes de água têm um efeito significativo no clima."	novo
"Fast moving water cools down faster which leads to colder temperatures, while a slower flow allows the water to absorb more heat."	"A água que se move rápido esfria mais depressa, o que leva a temperaturas mais baixas, enquanto um fluxo mais lento permite que a água absorva mais calor."	novo
I get all giddy and gooey when I see the sea!	Fico todo bobo e derretido quando vejo o mar!	novo
For me, Captain Stern is the number-one role model!	Para mim, o Capitão Stern é o maior exemplo a seguir!	novo
A rubber ball is expanding and shrinking.	Uma bola de borracha está se expandindo e encolhendo.	novo
"In the sea, the weight of water itself exerts pressure."	"No mar, o próprio peso da água exerce pressão."	novo
"In shallow water, the pressure is not very heavy."	"Em águas rasas, a pressão não é muito forte."	novo
"However, in deep water, the pressure can reach tens of thousands of tons."	"No entanto, em águas profundas, a pressão pode chegar a dezenas de milhares de toneladas."	novo
What I learn here, I can put to use on nefarious deeds...	O que eu aprender aqui, posso usar em atos malignos...	novo
People may not like our methods, but we're working hard to save humanity.	As pessoas podem não gostar dos nossos métodos, mas estamos trabalhando duro para salvar a humanidade.	novo
Looking at model ships reminds me of Mr. Briney who lives near Petalburg Town.	Olhar para navios em miniatura me lembra o Mr. Briney, que mora perto de Petalburg Town.	novo
The ends justify the means. People will thank Team Aqua once this is all over.	Os fins justificam os meios. As pessoas vão agradecer à Team Aqua quando tudo isso acabar.	novo
I want to learn about the sea and use that knowledge for battling.	Quero aprender sobre o mar e usar esse conhecimento nas batalhas.	novo
It's a replica of the S.S. Anne!	É uma réplica do S.S. Anne!	novo
Young man...	Meu jovem...	novo
Young woman...	Minha jovem...	novo
Ah, \PN, is it?	Ah, \PN, não é?	novo
That was quite a tense situation! Thank you for helping me out!	Foi uma situação bem tensa! Obrigado por me ajudar!	novo
What they were saying about this asteroid... I don't know if it's true.	O que eles estavam dizendo sobre esse asteroide... Não sei se é verdade.	novo
It's certainly the first time I've ever heard of it.	Com certeza é a primeira vez que ouço falar disso.	novo
Oh, yes, I almost forgot that you brought the parts from Devon!	Ah, sim, quase esqueci que você trouxe as peças da Devon!	novo
\PN handed the Devon Parts to Captain Stern.	\PN entregou as Devon Parts ao Capitão Stern.	novo
These parts are an essential component that allows machines to operate in extreme environments.	Essas peças são um componente essencial que permite que máquinas funcionem em ambientes extremos.	novo
I don't know why Team Aqua and Team Magma are after it...	Não sei por que a Team Aqua e a Team Magma estão atrás delas...	novo
All I know is that Devon Corp. developed it for a secret project and that they want me to test it in the deep ocean.	Só sei que a Devon Corp. as desenvolveu para um projeto secreto e que querem que eu as teste no oceano profundo.	novo
And it's an urgent matter too, so I should get to work right away!	E é um assunto urgente também, então devo começar a trabalhar agora mesmo!	novo
Thanks for this, and excuse me!	Obrigado por isto, e com licença!	novo
Don't run inside the museum!	Não corra dentro do museu!	novo
"Field Moves: Dive"	"Golpes de Campo: Dive"	novo
"Some advanced trainers are able to use the move Dive to explore underwater areas."	"Alguns treinadores avançados conseguem usar o golpe Dive para explorar áreas subaquáticas."	novo
"While using the move, the Pokémon regulate their trainer's internal pressure and provide them with oxygen."	"Enquanto usam o golpe, os Pokémon regulam a pressão interna do treinador e fornecem oxigênio a ele."	novo
"This Pokémon technique was used as a blueprint for the invention of submarines."	"Esta técnica Pokémon serviu de base para a invenção dos submarinos."	novo
We came here for other reasons, but these exhibits are actually pretty interesting.	Viemos aqui por outros motivos, mas essas exposições são bem interessantes, na verdade.	novo
Stern! Give me those Devon Parts pronto! It's for the sake of Hoenn!	Stern! Me passe essas Devon Parts agora! É pelo bem de Hoenn!	novo
But.. These parts aren't for you...	Mas.. Essas peças não são para vocês...	novo
And even if they were, I don't have them. Devon hasn't delivered them yet!	E mesmo se fossem, não estou com elas. A Devon ainda não as entregou!	novo
... And who might you be?	... E quem seria você?	novo
You came to deliver the \C[1]Devon Parts\C[0] to Captain Stern?	Você veio entregar as \C[1]Devon Parts\C[0] ao Capitão Stern?	novo
What excellent timing!	Que momento excelente!	novo
Grunts! Grab them!	Recrutas! Peguem!	novo
Aye, aye!	Sim, senhor!	novo
The boss wants the parts, so shut your yap and fork it over!	O chefe quer as peças, então cale essa boca e passe para cá!	novo
Boss, I'm soooo sorry!	Chefe, me desculpe muitoooo!	novo
Heh!	Hehe!	novo
That's quite a fierce expression for such a wee little scamp.	Que expressão feroz para uma pestinha tão pequenininha.	novo
The name is \C[1]Archie\C[0].	Meu nome é \C[1]Archie\C[0].	novo
The rough-looking lot you see here are members of my team, \C[1]Team Aqua\C[0].	Esse pessoal mal-encarado que você vê aqui são membros da minha equipe, a \C[1]Team Aqua\C[0].	novo
Forgive my methods, but we need these parts you have urgently.	Perdoe meus métodos, mas precisamos com urgência dessas peças que você tem.	novo
I can see you're not just another mindless brat, so I'll explain why exactly. Then you'll be free to make up your own mind.	Vejo que você não é só mais um pirralho sem cérebro, então vou explicar exatamente o porquê. Depois você fica livre para tirar suas próprias conclusões.	novo
You see now, \PN? When that asteroid hits... This whole region is finished!	Está vendo agora, \PN? Quando aquele asteroide cair... Esta região inteira estará acabada!	novo
Devon Corp and the Space Center want to hide it from the public... But we know how to get information!	A Devon Corp e o Space Center querem esconder isso do público... Mas nós sabemos como conseguir informações!	novo
Hah! Don't start panicking just yet. Team Aqua has thought this through!	Rá! Não comece a entrar em pânico ainda. A Team Aqua pensou em tudo!	novo
There's a way to save both Pokémon and humankind at the same time!	Há um jeito de salvar os Pokémon e a humanidade ao mesmo tempo!	novo
There's no need to run from the disaster. All we need is to adapt to it!	Não precisamos fugir do desastre. Só precisamos nos adaptar a ele!	novo
You see \PN, humanity's greatest strength is its ability to adapt.	Sabe, \PN, a maior força da humanidade é a sua capacidade de adaptação.	novo
It may seem drastic, but the only way for Hoenn to survive this is to embrace the changes that are coming.	Pode parecer drástico, mas o único jeito de Hoenn sobreviver a isso é aceitar as mudanças que estão por vir.	novo
<fs=36>Don't listen to one more word of this nonsense!</fs>	<fs=36>Não dê ouvidos a nem mais uma palavra dessa bobagem!</fs>	novo
This plan is laughable at best. You Team Aqua are nothing but misguided fools.	Esse plano é, no mínimo, ridículo. Vocês da Team Aqua não passam de tolos iludidos.	novo
Team Magma... Ughh... What are you doing here?	Team Magma... Argh... O que vocês estão fazendo aqui?	novo
My team and I were on our way to Mt. Chimney when we noticed some unusual activity at the museum.	Minha equipe e eu estávamos a caminho do Mt. Chimney quando notamos uma atividade incomum no museu.	novo
So we stopped to investigate. And what an interesting development we stumbled on!	Então paramos para investigar. E que desdobramento interessante encontramos!	novo
I am called \C[2]Maxie.	Eu me chamo \C[2]Maxie.	novo
I stand at the head of \C[2]Team Magma\C[0], a noble organization which values logic and science.	Estou à frente da \C[2]Team Magma\C[0], uma nobre organização que valoriza a lógica e a ciência.	novo
It is true that this asteroid cannot be stopped, but we do not need to abandon our way of life.	É verdade que este asteroide não pode ser detido, mas não precisamos abandonar nosso modo de vida.	novo
All we need to do is prepare... So that it never reaches us in the first place.	Só precisamos nos preparar... Para que ele nunca nos alcance.	novo
\PN, this asteroid will change life as we know it. We must do everything to be fully prepared before it's too late.	\PN, este asteroide vai mudar a vida como a conhecemos. Precisamos fazer de tudo para estar totalmente preparados antes que seja tarde demais.	novo
And this is why we need those Devon parts right now!\. Grunts, grab them!	E é por isso que precisamos dessas peças da Devon agora mesmo!\. Recrutas, peguem!	novo
Humph... I suppose this is a lot for a child to comprehend.	Hunf... Imagino que seja muita coisa para uma criança entender.	novo
Tell me, \PN. What do you think is the best way to face an existential threat such as this?	Diga-me, \PN. Qual você acha que é a melhor forma de enfrentar uma ameaça existencial como esta?	novo
I'm not sure...	Não tenho certeza...	novo
Defend against it	Se defender dela	novo
Adapt to it	Se adaptar a ela	novo
This asteroid is powerful. We need to \C[2]defend \C[0]ourselves against it by putting some distance between us and the oceans.	Este asteroide é poderoso. Precisamos nos \C[2]defender \C[0]dele colocando uma distância entre nós e os oceanos.	novo
No! We cannot stop nature, we need to \C[1]adapt \C[0]and learn to live alongside it.	Não! Não podemos deter a natureza, precisamos nos \C[1]adaptar \C[0]e aprender a viver junto dela.	novo
So...	Então...	novo
Now you understand what I am trying to achieve with \C[2]Team Magma\C[0]. I am glad to see that I have opened your mind.	Agora você entende o que estou tentando alcançar com a \C[2]Team Magma\C[0]. Fico feliz em ver que abri sua mente.	novo
We have set up camp just North of here. Join us there if you believe in our cause.	Montamos acampamento logo ao Norte daqui. Junte-se a nós lá se acredita na nossa causa.	novo
Humph... I'll withdraw for now and leave you be.	Hunf... Vou me retirar por enquanto e te deixar em paz.	novo
But know this, if you get in the way of \C[1]Team Aqua\C[0], you won't walk away unscathed.	Mas saiba que, se você ficar no caminho da \C[1]Team Aqua\C[0], não vai sair ileso.	novo
Smart kid! Nature is too powerful to defend against it, we need to learn how to live alongside it instead.	Garoto esperto! A natureza é poderosa demais para nos defendermos dela, precisamos aprender a viver junto dela.	novo
This is what \C[1]Team Aqua\C[0] strives for.	É por isso que a \C[1]Team Aqua\C[0] luta.	novo
We have a camp on \C[1]Slateport Beach\C[0]. Join us there if you believe in our cause.	Temos um acampamento na \C[1]Praia de Slateport\C[0]. Junte-se a nós lá se acredita na nossa causa.	novo
Humph... I will take my leave for now.	Hunf... Vou me retirar por enquanto.	novo
I suggest you take care that you never again stand against \C[2]Team Magma\C[0].	Sugiro que tome cuidado para nunca mais ficar contra a \C[2]Team Magma\C[0].	novo
I will not be lenient if you do.	Não serei tolerante se isso acontecer.	novo
Wow! The sea Pokémon is awesome!	Uau! O Pokémon do mar é incrível!	novo
"Field Moves: Surf"	"Golpes de Campo: Surf"	novo
"Trainers often use their Pokémon to ferry them across water using the move Surf."	"Treinadores costumam usar seus Pokémon para atravessar a água com o golpe Surf."	novo
"The Pokémon creates waves on which it surfs to carry a trainer effortlessly."	"O Pokémon cria ondas sobre as quais surfa para carregar o treinador sem esforço."	novo
"Apparently, this method of traveling on the water predates even the invention of boats."	"Aparentemente, esse jeito de viajar pela água é anterior até à invenção dos barcos."	novo
This is ridiculous! Where's Archie?	Isso é ridículo! Cadê o Archie?	novo
Making a big ship is more like constructing a building than assembling a vehicle.	Fazer um navio grande é mais parecido com construir um prédio do que montar um veículo.	novo
An email is on the screen.	Há um e-mail na tela.	novo
"Ferry construction to be paused until further notice. All efforts should be redirected towards Submarine Explorer 1."	"Construção da balsa suspensa até segunda ordem. Todos os esforços devem ser direcionados ao Submarine Explorer 1."	novo
Captain Stern made us halt the construction of the ferry to work on a deep-sea submarine.	O Capitão Stern mandou a gente parar a construção da balsa para trabalhar num submarino de águas profundas.	novo
I wonder what's so urgent about it...	Fico imaginando o que é tão urgente nisso...	novo
It's showing blueprints and schematics for some kind of deep-sea submarine.	Mostra plantas e esquemas de algum tipo de submarino de águas profundas.	novo
Umm... If this goes here, and that goes over there...	Hum... Se isto vai aqui, e aquilo vai ali...	novo
Then where does this thing go? And what about that doohickey?	Então onde vai essa coisa? E aquela geringonça?	novo
Aaargh! I can't make heads or tails of this!	Aaargh! Não consigo entender nada disso!	novo
Hm? You...	Hm? Você...	novo
Oh, sorry. I'm Dock.	Ah, desculpe. Eu sou o Dock.	novo
\C[1]Captain Stern\C[0] commissioned me to draw up designs for a deep-sea submarine.	O \C[1]Capitão Stern\C[0] me encomendou o projeto de um submarino de águas profundas.	novo
One that can dive deeper than any other submarine... It's a real headache.	Um que consiga mergulhar mais fundo que qualquer outro submarino... É uma verdadeira dor de cabeça.	novo
Oh! Are those the Devon parts for the submarine's attachment? Captain Stern mentioned that they might be arriving early.	Ah! Essas são as peças da Devon para o acessório do submarino? O Capitão Stern mencionou que elas poderiam chegar mais cedo.	novo
But... hmm... This won't do...	Mas... hum... Assim não dá...	novo
I guess Captain Stern is probably off at the \C[1]Oceanic Museum\C[0] again.	Acho que o Capitão Stern provavelmente foi ao \C[1]Oceanic Museum\C[0] de novo.	novo
Sorry, but could I ask you to find the captain and deliver the parts to him directly?	Desculpe, mas posso te pedir para encontrar o capitão e entregar as peças diretamente a ele?	novo
Captain Stern commissioned me to draw up designs for a deep-sea submarine that can dive deeper than any other submarine.	O Capitão Stern me encomendou o projeto de um submarino de águas profundas que consiga mergulhar mais fundo que qualquer outro submarino.	novo
And on top of that, I need to attach some kind of fusion device to it.	E, além disso, preciso acoplar algum tipo de aparelho de fusão nele.	novo
Man, what a headache...	Cara, que dor de cabeça...	novo
Don't you think it's strange that a ship made of heavy iron floats?	Você não acha estranho um navio feito de ferro pesado flutuar?	novo
That's called buoyancy!	Isso se chama flutuabilidade!	novo
It takes a huge coordinated effort from a lot of experts to build something like a ship or a submarine.	É preciso um enorme esforço coordenado de muitos especialistas para construir algo como um navio ou um submarino.	novo
The seasons, the weather, where the moon sits in the sky...	As estações, o clima, a posição da lua no céu...	novo
These and other conditions make the sea change its expression.	Essas e outras condições fazem o mar mudar de expressão.	novo
That's right, the sea is like a living thing!	Isso mesmo, o mar é como um ser vivo!	novo
It's showing a research paper: "The Effects of Extreme Pressure on Fusion Propagation".	Mostra um artigo de pesquisa: "Os Efeitos da Pressão Extrema na Propagação da Fusão".	novo
A submarine, really?... But what about the ferry?	Um submarino, sério?... Mas e a balsa?	novo
Hey, I'm working here!	Ei, estou trabalhando aqui!	novo
It's showing a research paper: "The Damping Properties of Water".	Mostra um artigo de pesquisa: "As Propriedades de Amortecimento da Água".	novo
They've been talking about finishing the ferry for years now, but they always find new reasons to put the project on hold...	Faz anos que falam em terminar a balsa, mas sempre encontram novos motivos para adiar o projeto...	novo
I wonder if I could take a ferry all the way to Kanto.	Será que eu conseguiria pegar uma balsa até Kanto?	novo
It's scorching hot!	Está escaldante!	novo
Ughh... Can you believe it? \C[1]Team Aqua\C[0] graffitied their logo all over \C[1]Slateport City\C[0].	Argh... Dá para acreditar? A \C[1]Team Aqua\C[0] pichou o logo deles por toda \C[1]Slateport City\C[0].	novo
They even painted the walls inside of the harbour... The absolute disrespect! It'll be the first thing that people see when it's back in service...	Eles até pintaram as paredes dentro do porto... Que total falta de respeito! Vai ser a primeira coisa que as pessoas vão ver quando ele voltar a funcionar...	novo
Slateport City is \C[2]Team Magma\C[0]'s turf! They think they can claim our territory with a splash of blue paint?	Slateport City é território da \C[2]Team Magma\C[0]! Eles acham que podem tomar nosso território com um respingo de tinta azul?	novo
Absolutely not!!	De jeito nenhum!!	novo
I'd go cover up their awful logo with the Magnificent Team Magma M!	Eu iria cobrir aquele logo horrível deles com o Magnífico M da Team Magma!	novo
Gah... But I'm stuck here on sweeping duty.	Argh... Mas estou preso aqui de serviço de varrição.	novo
Oh, I know! You go instead of me!	Ah, já sei! Vá você no meu lugar!	novo
Take this. I don't want to see a single Team Aqua logo in the town when you're done!	Pegue isto. Não quero ver nem um logo da Team Aqua na cidade quando você terminar!	novo
Are you with us? I can't recognize anyone without their uniform.	Você é dos nossos? Não consigo reconhecer ninguém sem uniforme.	novo
They even painted the walls inside of the Slateport harbour... The absolute disrespect! It'll be the first thing that people see when it's back in service...	Eles até pintaram as paredes dentro do porto de Slateport... Que total falta de respeito! Vai ser a primeira coisa que as pessoas vão ver quando ele voltar a funcionar...	novo
You painted over every graffiti! Now the people will know who's really in charge in Slateport City. Muhahah!	Você pintou por cima de todas as pichações! Agora o povo vai saber quem manda de verdade em Slateport City. Muhahah!	novo
A job well done deserves a reward! I found all this money while sweeping the tent.	Um trabalho bem-feito merece uma recompensa! Achei todo este dinheiro enquanto varria a barraca.	novo
Normally I'd keep it all for myself, but since you helped me out, I'll split it with you.	Normalmente eu ficaria com tudo, mas como você me ajudou, vou dividir com você.	novo
I counted 5 graffiti in total. Let's paint over them and show Team Aqua who this town really belongs to!	Contei 5 pichações no total. Vamos pintar por cima e mostrar para a Team Aqua a quem esta cidade realmente pertence!	novo
I wonder if Maxie designed our magnificent M logo himself.	Será que o Maxie desenhou nosso magnífico logo M sozinho?	novo
Let's practice the Magma Theme song!	Vamos ensaiar o hino da Magma!	novo
Hyuh? And you are?	Hã? E você é?	novo
Wait... Oh, you're just that kid from the oceanic museum.	Espere... Ah, você é só aquele garoto do museu oceânico.	novo
Sorry for being a bit jumpy... Team Aqua has been active around here, so Maxie put me in charge of keeping an eye on them.	Desculpe estar meio tenso... A Team Aqua anda ativa por aqui, então o Maxie me encarregou de ficar de olho neles.	novo
Can you believe it? Me, the great \C[2]Tabitha\C[0], one of the highest-ranking Team Magma members... Staying behind on surveillance duty...	Dá para acreditar? Eu, o grande \C[2]Tabitha\C[0], um dos membros de mais alto escalão da Team Magma... Ficando para trás de vigia...	novo
Ehh, no matter... I'm over it.	Ah, tanto faz... Já superei.	novo
So, you came here because you want to join our ranks?	Então você veio aqui porque quer entrar para as nossas fileiras?	novo
Uh... I haven't ever really trained any new grunts before...	Hã... Eu nunca treinei nenhum recruta novo antes...	novo
I guess you should go around the camp see if some of the grunts need help with anything and report to me after.	Acho que você devia andar pelo acampamento, ver se algum recruta precisa de ajuda com alguma coisa e depois se reportar a mim.	novo
I think there's a spare uniform in this box. Put it on before you leave this tent!	Acho que tem um uniforme sobrando nesta caixa. Vista antes de sair desta barraca!	novo
Uwaaah!? You're with \C[1]Team Aqua\C[0], aren't you!?	Uwaaah!? Você é da \C[1]Team Aqua\C[0], não é!?	novo
Out! And don't come back!	Fora! E não volte!	novo
That uniform looks half decent on you!	Esse uniforme até que ficou razoável em você!	novo
Some of the grunts in the camp should have tasks for you. Go help them and report back to me.	Alguns recrutas do acampamento devem ter tarefas para você. Vá ajudá-los e depois se reporte a mim.	novo
Good, now put on the uniform!	Ótimo, agora vista o uniforme!	novo
There should be an extra uniform in this box. Put it on and go see if some of the other grunts need help.	Deve ter um uniforme extra nesta caixa. Vista e vá ver se algum dos outros recrutas precisa de ajuda.	novo
Huh? You're done with your training?	Hã? Você terminou seu treinamento?	novo
Well... I guess you're officially part of Team Magma now, congrats!	Bem... Acho que agora você faz parte oficialmente da Team Magma, parabéns!	novo
That's great timing actually.	Na verdade, chegou na hora certa.	novo
I sent one of the grunts to scout the area when we set up camp here and he said he spotted some \C[2]Slugma Eggs\C[0] not too far.	Mandei um dos recrutas fazer o reconhecimento da área quando montamos acampamento aqui, e ele disse que viu alguns \C[2]Ovos de Slugma\C[0] não muito longe.	novo
Now that things have calmed down a bit, we should go collect them. Slugma's the perfect Pokémon for us to fuse!	Agora que as coisas acalmaram um pouco, devíamos ir buscá-los. O Slugma é o Pokémon perfeito para fundirmos!	novo
I'll need a hand though, so you're coming along. Follow me!	Mas vou precisar de ajuda, então você vem junto. Me siga!	novo
Listen, you gotta wear your uniform when you're on duty.	Escuta, você tem que usar seu uniforme quando estiver em serviço.	novo
Hot as a... Slugma? Meh, I don't know.	Quente como um... Slugma? Ah, sei lá.	novo
Fierce as a ... Numel?	Feroz como um... Numel?	novo
Ehh... Or maybe hot as a Numel?	Hum... Ou talvez quente como um Numel?	novo
No, we need to find something punchier!	Não, precisamos de algo com mais impacto!	novo
Tabitha tasked us with coming up with an official theme song for Team Magma. Maybe you can help us...	O Tabitha nos encarregou de criar um hino oficial para a Team Magma. Talvez você possa ajudar...	novo
It needs to make us sound tough and intimidating. You got inspiration?	Ele precisa fazer a gente parecer durão e intimidador. Tem alguma inspiração?	novo
There we have it. That's the full song!	Pronto. Essa é a música completa!	novo
Oh, that's good! Maxie's gonna be proud of us!	Ah, isso ficou bom! O Maxie vai ficar orgulhoso da gente!	novo
There's a pile of Team Magma uniforms. It looks like they've been worn before...	Há uma pilha de uniformes da Team Magma. Parece que já foram usados...	novo
Use the \C[2]Magma Uniform\C[0]?	Usar o \C[2]Uniforme Magma\C[0]?	novo
There's a pile of Team Magma uniforms. It looks like they'be been worn before...	Há uma pilha de uniformes da Team Magma. Parece que já foram usados...	novo
It's a map of the Hoenn region. A few locations are marked with a red X.	É um mapa da região de Hoenn. Alguns locais estão marcados com um X vermelho.	novo
\C[1]Before that asteroid slams into the ocean, we'll take the time to get ready.	\C[1]Antes que o asteroide caia no mar, vamos nos preparar sem vacilar.	novo
\C[1]First, we adapt our cities to make them float!	\C[1]Primeiro, as cidades vão flutuar!	novo
\C[1]Just like Pacifidlog Town!	\C[1]Igualzinho a Pacifidlog Town, a boiar!	novo
\C[1]Then, we'll expand the oceans themselves!	\C[1]Depois, os próprios oceanos vamos aumentar!	novo
\C[1]Everyone'll have to adapt. It'll be a new way of life!	\C[1]Todo mundo vai se adaptar. Será um novo jeito de viver!	novo
\C[1]When the asteroid hits, it'll be nothing but a big wave. Our aquatic cities will barely feel it!	\C[1]Quando o asteroide cair, vai ser só uma onda grande. Nossas cidades aquáticas mal vão sentir!	novo
\C[2]The only rational solution to defend against that asteroid is to expand the land!	\C[2]A única solução racional para nos defendermos desse asteroide é expandir a terra!	novo
\C[2]You see, by increasing the landmass, we'll create a natural barrier between us and the ocean.	\C[2]Vejam, aumentando a massa de terra, vamos criar uma barreira natural entre nós e o oceano.	novo
\C[2]So when the asteroid strikes, the extra land will shield us from the water and our cities will be left unscathed.	\C[2]Assim, quando o asteroide atingir, a terra extra vai nos proteger da água e nossas cidades ficarão intactas.	novo
\C[1]But what about all of the Pokémon that live on land, right? Where will they go?	\C[1]Mas e todos os Pokémon que vivem em terra, certo? Para onde eles vão?	novo
\C[1]Ho ho! It's simple!	\C[1]Ho ho! É simples!	novo
\C[1]We'll fuse them all with water Pokémon! Then they'll live in the ocean, just like we will.	\C[1]Vamos fundir todos eles com Pokémon de água! Aí eles vão viver no oceano, assim como nós.	novo
\C[3]The asteroid would land in the ocean. This will release an enormous amount of energy.	\C[3]O asteroide cairia no oceano. Isso liberaria uma quantidade enorme de energia.	novo
\C[3]The shockwave would create massive tsunamis in all directions.	\C[3]A onda de choque criaria tsunamis gigantescos em todas as direções.	novo
\C[3]These tsunamis would then hit all coastal cities like Slateport City at the same time!	\C[3]Esses tsunamis então atingiriam todas as cidades costeiras, como Slateport City, ao mesmo tempo!	novo
\C[2]Of course, this comes at a cost. Pokémon that depend on the sea will lose their habitats...	\C[2]Claro, isso tem um preço. Os Pokémon que dependem do mar vão perder seus habitats...	novo
\C[2]...Which is why we will fuse them all with land Pokémon!	\C[2]...E é por isso que vamos fundir todos eles com Pokémon terrestres!	novo
\C[2]THAT's how you save Hoenn!	\C[2]É ASSIM que se salva Hoenn!	novo
\C[11]You see, there's a huge \C[3]asteroid\C[11] that's on track to collide with our planet.	\C[11]Sabe, há um \C[3]asteroide\C[11] enorme em rota de colisão com o nosso planeta.	novo
\C[11]This asteroid is more than six miles in diameter and it's coming towards us fast.	\C[11]Este asteroide tem mais de dez quilômetros de diâmetro e está vindo rápido na nossa direção.	novo
\C[11]They say it'll come slamming down in the ocean near Sootopolis City!	\C[11]Dizem que ele vai cair no oceano perto de Sootopolis City!	novo
\C[11]When it does, it'll unleash a terrifying amount of energy.	\C[11]Quando isso acontecer, vai liberar uma quantidade aterrorizante de energia.	novo
\C[11]The shockwave will create massive tsunamis in every direction.	\C[11]A onda de choque vai criar tsunamis gigantescos em todas as direções.	novo
\C[3]The floods would be so intense that it would wipe out entire cities, along with their inhabitants!	\C[3]As enchentes seriam tão violentas que varreriam cidades inteiras, junto com seus habitantes!	novo
\C[11]All the coastal cities like Slateport will be hit at once!	\C[11]Todas as cidades costeiras, como Slateport, vão ser atingidas de uma vez!	novo
\C[11]The floods would be so intense that it will wipe them out completely, along with everyone who lives there!	\C[11]As enchentes seriam tão violentas que vão varrê-las completamente, junto com todos que vivem lá!	novo
Pika....	Pika....	novo
Pika?	Pika?	novo
Pika Pika!!	Pika Pika!!	novo
Pika! Pikachu!!	Pika! Pikachu!!	novo
Show me a specific Pokémon, then you'll have to use it in a battle against me!	Me mostre um Pokémon específico, depois você vai ter que usá-lo numa batalha contra mim!	novo
Specific species	Espécie específica	novo
Specific type	Tipo específico	novo
A fusion of a Pokemon	Uma fusão de um Pokémon	novo
Show me a Numel!	Me mostre um Numel!	novo
You beat me! Now we can end the quest.	Você me venceu! Agora podemos encerrar a missão.	novo
That's not the Pokémon I asked for!	Esse não é o Pokémon que eu pedi!	novo
Show me a Fire/Water Pokémon!	Me mostre um Pokémon Fire/Water!	novo
Show me a Pokémon that is part Numel!	Me mostre um Pokémon que seja parte Numel!	novo
Quest finished!	Missão concluída!	novo
I will ask you to show me a specific Pokemon. You will select it from your PC.	Vou te pedir para me mostrar um Pokémon específico. Você vai selecioná-lo no seu PC.	novo
Thank you for that Pokémon!	Obrigado por esse Pokémon!	novo
I love that Pokémon you gave me!	Eu amo esse Pokémon que você me deu!	novo
Guaugwah!	Guaugwah!	novo
Oh, my Wartortle is in training to become a hairdresser like me.	Ah, meu Wartortle está treinando para ser cabeleireiro como eu.	novo
Won't you let it touch up your hair? It'll be free of charge for a buzz and 100 Glimmer Coins for some polish!	Não quer deixar ele dar um retoque no seu cabelo? É grátis para raspar e 100 Glimmer Coins para um acabamento!	novo
Dye hair - (300 GC)	Tingir cabelo - (300 GC)	novo
Hello! And welcome to the Clothing Boutique!	Olá! E bem-vindo à Butique de Roupas!	novo
We sell all sorts of clothes and hats to make you look as fashionable as you want!	Vendemos todo tipo de roupa e chapéu para você ficar tão estiloso quanto quiser!	novo
And there's even a hair salon if you're looking for a new haircut!	E tem até um salão de beleza, se estiver procurando um corte de cabelo novo!	novo
Oh, and we don't use Pokédollars here, those are only for Trainer gear...	Ah, e não usamos Pokédollars aqui, eles são só para equipamentos de Treinador...	novo
That's right, we use \C[1]Glimmer Coins\C[0] instead!	Isso mesmo, usamos \C[1]Glimmer Coins\C[0]!	novo
Every trainer you battle will give you a few Glimmer Coins as prize money.	Cada treinador que você enfrenta te dá algumas Glimmer Coins como prêmio.	novo
It looks like you even have some already, that's perfect!	Parece que você até já tem algumas, perfeito!	novo
I'll give you a few more to get you properly started on your fashion journey!	Vou te dar mais algumas para você começar direito sua jornada fashion!	novo
I'll give you a few Glimmer Coins to get you properly started on your fashion journey!	Vou te dar algumas Glimmer Coins para você começar direito sua jornada fashion!	novo
Alright! We have stores in many cities around Hoenn, by the way. I hope to see you around!	Certo! Aliás, temos lojas em várias cidades de Hoenn. Espero te ver por aí!	novo
I heard that there's an artisan in Slateport City who crafts \C[1]Glimmer Coins\C[0] using \C[1]Heart Scales\C[0].	Ouvi dizer que tem um artesão em Slateport City que fabrica \C[1]Glimmer Coins\C[0] usando \C[1]Heart Scales\C[0].	novo
Some Pokémon Trainers put hats on their Pokémon, isn't that fun?	Alguns Treinadores Pokémon colocam chapéus nos seus Pokémon, não é divertido?	novo
My daughter says she's tired of her Pichu costume, but I can't afford to buy a new one...	Minha filha diz que está cansada da fantasia de Pichu, mas não tenho dinheiro para comprar uma nova...	novo
I know! I'll dye this one orange to make it a Plusle! Or maybe blue for a Minun... Agh! So many options!	Já sei! Vou tingir esta de laranja para virar um Plusle! Ou talvez de azul para um Minun... Argh! Quantas opções!	novo
Woah, I can buy clothes in here?	Uau, dá para comprar roupas aqui?	novo
Word of advice, don't try Voltorb-flipping in real-life. Turns out it's a bit more dangerous!	Um conselho: não tente virar Voltorbs na vida real. Acontece que é um pouco mais perigoso!	novo
The slot-machine in the corner has always been my lucky one.	O caça-níquel do canto sempre foi o meu da sorte.	novo
Vorzzz!	Vorzzz!	novo
My son just turned ten years old, so I'm taking him here to celebrate.	Meu filho acabou de fazer dez anos, então o trouxe aqui para comemorar.	novo
Hi there! Do you know about \C[1]Who's That Fusion\C[0]?	Olá! Você conhece o \C[1]Who's That Fusion\C[0]?	novo
It's a super popular radio show from Johto where the contestants try to guess a fused Pokémon from its silhouette.	É um programa de rádio superpopular de Johto em que os participantes tentam adivinhar um Pokémon fundido pela silhueta.	novo
It's so popular that they even made a \C[1]Pokénav app\C[0] based on it! Do you want it?	É tão popular que até fizeram um \C[1]app para o Pokénav\C[0] baseado nele! Quer?	novo
I knew it! Try to beat my high-score!	Eu sabia! Tente bater meu recorde!	novo
You should try it, I'll install it for free!	Você devia experimentar, eu instalo de graça!	novo
My high-score on the \C[1]Who's that Fusion\C[0] app is 5,000 points! What's yours?	Meu recorde no app \C[1]Who's that Fusion\C[0] é de 5.000 pontos! Qual é o seu?	novo
What!? You got \V[267] points in a single game once???	O quê!? Você fez \V[267] pontos numa única partida???	novo
You must be a genius! Alright, you can have this.	Você deve ser um gênio! Certo, pode ficar com isto.	novo
Woah! You beat my high-score on the \C[1]Who's at Fusion\C[0] app, but I bet my total points count is higher than yours!	Uau! Você bateu meu recorde no app \C[1]Who's at Fusion\C[0], mas aposto que meu total de pontos é maior que o seu!	novo
Mine's 40,000! Can you top that?	O meu é 40.000! Consegue superar?	novo
Whoah!!!	Uaaau!!!	novo
Your points total is \V[269]!? You must've played this game so much!	Seu total de pontos é \V[269]!? Você deve ter jogado demais esse jogo!	novo
Alright, then. You can have this!	Certo, então. Pode ficar com isto!	novo
Comparing your \C[1]Who's that Fusion\C[0] scores with your friends is such a blast!	Comparar suas pontuações no \C[1]Who's that Fusion\C[0] com as dos amigos é muito divertido!	novo
Welcome to the Mauville Game Corner!	Bem-vindo ao Game Corner de Mauville!	novo
You'll need a \C[1]Coin Case\C[0] if you want to play here. We'll gladly give you one for free.	Você vai precisar de um \C[1]Coin Case\C[0] se quiser jogar aqui. Damos um de graça com prazer.	novo
Welcome to the Mauville Game Corner's prize exchange!	Bem-vindo à troca de prêmios do Game Corner de Mauville!	novo
Buy coins	Comprar fichas	novo
Prizes	Prêmios	novo
\G\CNCertainly. How many would you like?	\G\CNClaro. Quantas você gostaria?	novo
50 coins ($1000)	50 fichas ($1000)	novo
500 Coins ($10,000)	500 Fichas ($10,000)	novo
You can exchange your coins for various prizes. Which one would you like?	Você pode trocar suas fichas por vários prêmios. Qual você gostaria?	novo
I love watching the reels spin!	Eu adoro ver os rolos girando!	novo
I'm putting it all on red! Huh? Wrong game!	Vou apostar tudo no vermelho! Hã? Jogo errado!	novo
There's an abandoned backpack with a journal in it.	Há uma mochila abandonada com um diário dentro.	novo
"There is something strange with this forest. I keep getting turned around against my will. "	"Há algo estranho nesta floresta. Eu acabo dando voltas contra a minha vontade. "	novo
But there's nothing that can stop an adventurer like me! I will come back tomorrow and try to fully chart these strange woods!	Mas nada pode deter um aventureiro como eu! Vou voltar amanhã e tentar mapear completamente esta mata estranha!	novo
"Today, the weather changed and the fog has lifted. This should make it easier to explore this grove. "	"Hoje o tempo mudou e a neblina se dissipou. Isso deve facilitar a exploração deste bosque. "	novo
"I can hear some roars in the distance that I've never heard in my previous attempts. Could it be a rare Pokémon? "	"Consigo ouvir rugidos ao longe que nunca ouvi nas minhas tentativas anteriores. Será um Pokémon raro? "	novo
"Trickster Pokémon that disguise themselves as other Pokémon live here."	"Pokémon trapaceiros que se disfarçam de outros Pokémon vivem aqui."	novo
"One of them even stole my backpack yesterday and I had to get a new one!"	"Um deles até roubou minha mochila ontem e tive que arrumar uma nova!"	novo
"At least smaller ones seem friendly. On today's expedition, I will try to follow one and see where it leads me."	"Pelo menos os menores parecem amigáveis. Na expedição de hoje, vou tentar seguir um e ver aonde ele me leva."	novo
Ack! You found me!	Argh! Você me achou!	novo
\PN read the note...	\PN leu o bilhete...	novo
Behold! I'm the Trick Master, the greatest living mystery of a man in all of Hoenn!	Contemplem! Eu sou o Trick Master, o maior mistério vivo em forma de homem de toda Hoenn!	novo
You'll find your challenge behind this door. Complete it and you'll be greatly rewarded!	Você vai encontrar seu desafio atrás desta porta. Complete-o e será muito bem recompensado!	novo
Congratulations for making it through my garden!	Parabéns por atravessar o meu jardim!	novo
It took me days to plant all those trees... You're sharp!	Levei dias para plantar todas aquelas árvores... Você é afiado!	novo
... Almost as sharp as this tool I've left for you. Take it, you have earned it.\n- The Trick Master	... Quase tão afiado quanto esta ferramenta que deixei para você. Pegue, você mereceu.\n- O Trick Master	novo
Congratulations for cracking my code!	Parabéns por decifrar o meu código!	novo
It took me days to set up these lights... You're bright!	Levei dias para montar essas luzes... Você é brilhante!	novo
... Almost as bright as this tool I've left for you. Take it, you have earned it.\n- The Trick Master	... Quase tão brilhante quanto esta ferramenta que deixei para você. Pegue, você mereceu.\n- O Trick Master	novo
How did you know I was hiding in this dresser?	Como você sabia que eu estava escondido nesta cômoda?	novo
Nevertheless, I challenge you to another trick! Complete it for a great reward!	Mesmo assim, eu te desafio para outro truque! Complete-o e ganhe uma grande recompensa!	novo
It's some kind of abstract art. You can't really make out the subject.	É algum tipo de arte abstrata. Você não consegue entender direito o que é.	novo
You're being watched...	Você está sendo observado...	novo
To whoever visits and reads this note, I've gone on a journey in search of more tricks.	A quem visitar e ler este bilhete: saí em uma jornada em busca de mais truques.	novo
But I will be back someday!	Mas um dia eu volto!	novo
\G\PN withdrew a little bit of money...	\G\PN sacou um pouco de dinheiro...	novo
I've heard that Mauville was founded by Wattson.	Ouvi dizer que Mauville foi fundada pelo Wattson.	novo
He was a Trainer long before we became Trainers. He must know all sorts of things!	Ele já era Treinador muito antes de nós virarmos Treinadores. Ele deve saber de tudo!	novo
Wattson says he likes setting up little traps with switches.	O Wattson diz que gosta de montar pequenas armadilhas com interruptores.	novo
Hey, how's it going, future champion?	E aí, como vai, futuro campeão?	novo
Wattson is the Leader of Mauville Gym. He likes to use \V[5]-type fusions. Bzz-zzzt!	O Wattson é o Líder do Ginásio de Mauville. Ele gosta de usar fusões do tipo \V[5]. Bzz-zzzt!	novo
He's put in switch-controlled electric devices all over his Gym! Don't get shocked!	Ele instalou aparelhos elétricos controlados por interruptores por todo o Ginásio! Não leve choque!	novo
Whoa, you're electrifying! You've powered the door open!	Uau, você é eletrizante! Você energizou a porta e ela abriu!	novo
Let me give you a crazy hairdo like Wattson's!	Deixa eu te dar um penteado maluco igual ao do Wattson!	novo
You're shining bright already!	Você já está brilhando!	novo
Buzzzzzz! I can still feel the shock waves from our battle!	Bzzzzzz! Ainda sinto as ondas de choque da nossa batalha!	novo
Or maybe it's from that electricity next to me...	Ou talvez seja daquela eletricidade do meu lado...	novo
Turn on the generator?	Ligar o gerador?	novo
Turn off the generator?	Desligar o gerador?	novo
Wattson, our Gym Leader, has been around for a long, long time.	O Wattson, nosso Gym Leader, está por aí há muito, muito tempo.	novo
What? You've gotten past all my rigged doors?	O quê? Você passou por todas as minhas portas armadas?	novo
Wahahahah! Now, that is amusing!	Wahahahah! Isso sim é divertido!	novo
Making traps for my Gym and battling with young Trainers like you are the things I live for!	Montar armadilhas para o meu Ginásio e batalhar com jovens Treinadores como você é o que me faz viver!	novo
Now, I, Wattson, the Leader of Mauville Gym, shall electrify you! Choose 4 Pokémon!	Agora, eu, Wattson, Líder do Ginásio de Mauville, vou te eletrocutar! Escolha 4 Pokémon!	novo
I was electrified by you. Now, take this badge!	Você me eletrizou. Agora, pegue esta insígnia!	novo
With the Dynamo Badge, Pokémon can use the HM Rock Smash outside of battles.	Com a Dynamo Badge, os Pokémon podem usar a HM Rock Smash fora das batalhas.	novo
All righty then, this here's for you too! Go on, take it with you!	Muito bem, então, isto aqui também é para você! Vamos, leve com você!	novo
It's a move that never misses! It'll shock your opponents to the core!	É um golpe que nunca erra! Vai dar um choque até a alma dos seus oponentes!	novo
I swell with optimism, seeing a promising young Trainer like you!	Fico cheio de otimismo vendo um jovem Treinador tão promissor como você!	novo
\C[3]\PN obtained 3 Wonder Trade tickets!	\C[3]\PN obteve 3 tickets de Wonder Trade!	novo
Wahahaha! Come back when you're ready!	Wahahaha! Volte quando estiver pronto!	novo
Pokémon and rock, it's all about heart, whoa yeah!	Pokémon e rock, tudo é questão de coração, uô, iê!	novo
\C[2]This is where the current version of the game ends.	\C[2]É aqui que termina a versão atual do jogo.	novo
\C[2]You can continue to explore, but any content past this point, including the use of Rock Smash, will only be available in future updates.	\C[2]Você pode continuar explorando, mas qualquer conteúdo depois deste ponto, incluindo o uso de Rock Smash, só estará disponível em atualizações futuras.	novo
\C[2]Please fill out this form to give us some feedback about Part 1.	\C[2]Por favor, preencha este formulário para nos dar sua opinião sobre a Parte 1.	novo
The link will open automatically in your browser.	O link vai abrir automaticamente no seu navegador.	novo
\C[2]Make sure to join the Pokémon Infinite Fusion Discord to stay up to date with updates!	\C[2]Não deixe de entrar no Discord do Pokémon Infinite Fusion para ficar por dentro das atualizações!	novo
Go to Discord	Ir para o Discord	novo
\C[3]Unlocked Randomizer Mode	\C[3]Modo Randomizer desbloqueado	novo
\C[3]Unlocked Custom Starters	\C[3]Iniciais Personalizados desbloqueados	novo
\C[3]Unlocked New Game Plus	\C[3]New Game Plus desbloqueado	novo
It's locked... Enter the code!	Está trancado... Digite o código!	novo
Left side	Lado esquerdo	novo
Red	Vermelho	novo
Blue	Azul	novo
Yellow	Amarelo	novo
Green	Verde	novo
Right side!	Lado direito!	novo
It wouldn't be as much fun if your light stayed on, wouldn't it?	Não seria tão divertido se a sua luz continuasse acesa, não é?	novo
Me? I've been stuck here for days because I can't figure out the code.	Eu? Estou preso aqui há dias porque não consigo descobrir o código.	novo
You know, I've actually never seen the Trick Master in person...	Sabe, na verdade eu nunca vi o Trick Master pessoalmente...	novo
\PN found a secret code!	\PN encontrou um código secreto!	novo
\PN memorized the secret code.	\PN memorizou o código secreto.	novo
\PN wrote down the secret code on the door.	\PN escreveu o código secreto na porta.	novo
"Trick Master is fabulous."	"O Trick Master é fabuloso."	novo
The door clicked open!	A porta destrancou com um clique!	novo
It's locked... You need a secret code!	Está trancado... Você precisa de um código secreto!	novo
I hope you brought your Cut TM!	Espero que você tenha trazido sua TM de Cut!	novo
What is this place? I'm so confused.	Que lugar é este? Estou tão confuso.	novo
You found a \C[2]Slugma Egg\C[0]. Pick it up?	Você encontrou um \C[2]Ovo de Slugma\C[0]. Pegar?	novo
\PN picked up the \C[2]Slugma Egg\C[0]!	\PN pegou o \C[2]Ovo de Slugma\C[0]!	novo
This is the spot where they saw the \C[2]Slugma Eggs\C[0].	Este é o lugar onde viram os \C[2]Ovos de Slugma\C[0].	novo
Here! There's one right there!	Aqui! Tem um bem ali!	novo
Oh, yeah, that's a \C[2]Slugma Egg\C[0] for sure. There's no mistake!	Ah, sim, isso é um \C[2]Ovo de Slugma\C[0] com certeza. Não tem erro!	novo
I'll load this one in the truck. \PN! Go have a look around and see if you can find some more!	Vou carregar este no caminhão. \PN! Dê uma olhada por aí e veja se encontra mais!	novo
There's gotta be more eggs around. Go have a look on the cliff.	Deve ter mais ovos por aí. Dê uma olhada no penhasco.	novo
That's a pretty good haul! Alright, it's about time we get going.	Que coleta boa! Muito bem, está na hora de irmos.	novo
Gaughaurgh!	Gaughaurgh!	novo
Huh?... What was...	Hã?... O que foi...	novo
Up there!	Lá em cima!	novo
Could this be... the mother?	Será que é... a mãe?	novo
Uh-oh... It's angry!	Ih... Ela está furiosa!	novo
The Pokémon took the eggs and fled...	O Pokémon pegou os ovos e fugiu...	novo
Sigh... Looks like we'll be coming back empty handed.	Ai... Parece que vamos voltar de mãos vazias.	novo
Come on, let's go...	Vamos, vamos embora...	novo
Thank you for joining the Pokémon Infinite Fusion 2 early access!	Obrigado por participar do acesso antecipado de Pokémon Infinite Fusion 2!	novo
Please keep in mind that this game is still in active development, and so it is possible that you will come across bugs. Please make sure to report them!	Lembre-se de que este jogo ainda está em desenvolvimento ativo, então é possível que você encontre bugs. Por favor, não deixe de reportá-los!	novo
Your savefile will be compatible with future updates, but some things may be adjusted in future versions as we receive player feedback.	Seu save será compatível com atualizações futuras, mas algumas coisas podem ser ajustadas em versões futuras conforme recebermos opiniões dos jogadores.	novo
We hope you have fun and we're looking forward to your feedback!	Esperamos que você se divirta, e estamos ansiosos pela sua opinião!	novo
\V[5]	\V[5]	novo
......\wt[5] ......	......\wt[5] ......	novo
\V[2] was caught in a \V[3].	\V[2] foi capturado numa \V[3].	novo
Which Poké Ball would you like to swap it for?	Por qual Poké Ball você gostaria de trocá-la?	novo
\V[2] is already in a \V[5].	\V[2] já está numa \V[5].	novo
\GSwap \V[2]'s \V[3] for a \V[5]?	\GTrocar a \V[3] de \V[2] por uma \V[5]?	novo
\C[3]Play until the end of Part 1 at least once to unlock Randomizer Mode!	\C[3]Jogue até o fim da Parte 1 pelo menos uma vez para desbloquear o Modo Randomizer!	novo
Will you use the regular starter Pokémon or different ones?	Você vai usar os Pokémon iniciais normais ou outros?	novo
Regular	Normais	novo
Different	Outros	novo
\C[3]Play until the end of the demo at least once to unlock this option!	\C[3]Jogue até o fim da demo pelo menos uma vez para desbloquear esta opção!	novo
Kanto	Kanto	novo
Johto	Johto	novo
Hoenn	Hoenn	novo
Sinnoh	Sinnoh	novo
Please select the game's difficulty.	Por favor, selecione a dificuldade do jogo.	novo
Normal	Normal	novo
Easy mode:\n - Lowers levels by 10%	Modo fácil:\n - Reduz os níveis em 10%	novo
Hard mode:\n -Increases levels by 10% -Pokémon's name is not displayed when switching	Modo difícil:\n -Aumenta os níveis em 10% -O nome do Pokémon não é exibido ao trocar	novo
You have \V[111] Wonder Trade tickets	Você tem \V[111] tickets de Wonder Trade	novo
Head	Cabeça	novo
Body	Corpo	novo
Randomized mode	Modo Randomizado	novo
Remix mode	Modo Remix	novo
\C[1]Classic\C[0] is the default game mode. All of the player teams and encounters are based on the original games. Every Pokémon is still available.	\C[1]Clássico\C[0] é o modo de jogo padrão. Todos os times e encontros são baseados nos jogos originais. Todos os Pokémon continuam disponíveis.	novo
Play Randomized mode	Jogar Modo Randomizado	novo
Play Remix mode	Jogar Modo Remix	novo
Very well! What would you like to do?	Muito bem! O que você gostaria de fazer?	novo
Thank you! That'll be 300 Glimmer Coins. Enjoy your new colors!	Obrigado! São 300 Glimmer Coins. Aproveite suas cores novas!	novo
Woah, you're really giving me this Pokémon?	Uau, você está mesmo me dando este Pokémon?	novo
I... I think I understand now...	Eu... Acho que agora entendi...	novo
I... Thank you... I guess we can go back to your dad's gym now.	Eu... Obrigado... Acho que podemos voltar para o ginásio do seu pai agora.	novo
I.. I want to try catching a Pokémon by myself. Let's go to Route 102!	E-eu quero tentar capturar um Pokémon sozinho. Vamos para a Route 102!	novo
My... My very own Pokémon... Woah...	Meu... Meu próprio Pokémon... Uau...	novo
P-Pokémon live in the tall grass, right? I'm nervous...	O-os Pokémon vivem no mato alto, né? Estou nervoso...	novo
Give Wally a Pokémon?	Dar um Pokémon ao Wally?	novo
We... We can try to catch another one...	A gente... A gente pode tentar capturar outro...	novo
Y-You want to give me this \V[2]?!	V-você quer me dar este \V[2]?!	novo
I... I don't think I can handle a fused Pokémon. Can we try to catch a different one?	Eu... Acho que não consigo lidar com um Pokémon fundido. Podemos tentar capturar outro?	novo
L-Let's go in the tall grass...	V-vamos entrar no mato alto...	novo
Just follow my orders and it'll all be fine!	É só seguir minhas ordens que vai dar tudo certo!	novo
Here, I'll heal your Pokémon.	Aqui, vou curar seus Pokémon.	novo
What would you like to do?	O que você gostaria de fazer?	script_mapa
Which one do you want back?	Qual deles você quer de volta?	script_mapa
Whoa! You got crazy good!	Uau! Você mandou muito bem!	script_mapa
Ah, I still gotta get stronger!	Ah, ainda preciso ficar mais forte!	script_mapa
Wow! That's great! You're pretty good!	Uau! Que incrível! Você manda muito bem!	script_mapa
Yikes! You're better than I expected!	Caramba! Você é melhor do que eu esperava!	script_mapa
Mauville City up ahead.	Mauville City logo à frente.	script_mapa
Professor Birch's house	Casa do Professor Birch	script_mapa
\PN's house	Casa de \PN	script_mapa
