secao	ingles	portugues
fala_antes_batalha	Are you up for a rematch? Or maybe you want to trade...	Está a fim de uma revanche? Ou talvez queira trocar...
fala_derrota	...	...
fala_derrota	I lost...	Eu perdi...
fala_derrota	You're too good! You're too good!	Você é bom demais! Bom demais!
fala_derrota	All that swagger in my step is gone!	Toda a marra do meu jeito de andar sumiu!
fala_derrota	I need to swap my skills for yours!	Preciso trocar minhas habilidades pelas suas!
fala_derrota	I rolled away!	Saí rolando!
fala_antes_batalha	Go on! Show me how it's done in Hoenn!	Vai! Me mostre como se faz em Hoenn!
fala_derrota	I've never seen a battling style like this in Kanto!	Nunca vi um estilo de batalha assim em Kanto!
fala_antes_batalha	Let's go! Show me how it's done in Hoenn!	Vamos lá! Me mostre como se faz em Hoenn!
fala_derrota	I've never seen anyone fight like this in Johto!	Nunca vi ninguém lutar assim em Johto!
fala_antes_batalha	Come on! Show me how it's done in Hoenn!	Vamos! Me mostre como se faz em Hoenn!
fala_derrota	It's quite different than in Sinnoh!	É bem diferente de Sinnoh!
fala_antes_batalha	Alright! Show me how it's done in Hoenn!	Muito bem! Me mostre como se faz em Hoenn!
fala_derrota	I've never seen anything like that in Unova!	Nunca vi nada assim em Unova!
fala_antes_batalha	Allons-y! Show me how it's done in Hoenn!	Allons-y! Me mostre como se faz em Hoenn!
fala_derrota	Oh my, they'd never battle like this in Kalos!	Minha nossa, nunca batalhariam assim em Kalos!
fala_antes_batalha	Cheehoo! Show me how it's done in Hoenn!	Cheehoo! Me mostre como se faz em Hoenn!
fala_derrota	Shoot! This is nothing like the Alolan style!	Droga! Isso não tem nada a ver com o estilo de Alola!
fala_antes_batalha	Hey, do you have a Pokémon with you?<br>That makes you a Pokémon Trainer... And that means we can have a battle!	Ei, você tem um Pokémon com você?<br>Isso faz de você um Treinador Pokémon... E isso quer dizer que podemos batalhar!
fala_antes_batalha	You're great for a newbie! Want to fight again?	Você é ótimo para um novato! Quer lutar de novo?
fala_antes_batalha	I found a cool <CAUGHT_POKEMON> while walking in the tall grass!	Encontrei um <CAUGHT_POKEMON> legal andando no mato alto!
fala_antes_batalha	Look! My <UNEVOLVED_POKEMON> evolved into <EVOLVED_POKEMON>! Let me show you how strong it is now!	Olha! Meu <UNEVOLVED_POKEMON> evoluiu para <EVOLVED_POKEMON>! Deixa eu te mostrar como ele está forte agora!
fala_antes_batalha	I bought a DNA Splicer at the Poké Mart and fused my <HEAD_POKEMON> and <BODY_POKEMON>! They're way more powerful together!	Comprei um DNA Splicer no Poké Mart e fundi meu <HEAD_POKEMON> com meu <BODY_POKEMON>! Eles são muito mais poderosos juntos!
fala_antes_batalha	I unfused my <UNFUSED_POKEMON>.<br>I wonder what I can fuse my <HEAD_POKEMON> and <BODY_POKEMON> with next!	Desfiz a fusão do meu <UNFUSED_POKEMON>.<br>Fico imaginando com o que vou fundir meu <HEAD_POKEMON> e meu <BODY_POKEMON> agora!
fala_antes_batalha	My <UNREVERSED_POKEMON> is way cooler now that I reversed it into a <REVERSED_POKEMON>!	Meu <UNREVERSED_POKEMON> ficou muito mais legal agora que eu o inverti em <REVERSED_POKEMON>!
fala_antes_batalha	Huh? I found this next to the pond. You can have it, I guess.	Hã? Achei isto perto do lago. Pode ficar com você, acho.
fala_derrota	Woah, you're strong!	Uau, você é forte!
fala_derrota	You're still so strong!	Você continua muito forte!
fala_antes_batalha	Heheh, I spotted you! Now you have to take on my Bug Pokémon!	Hehe, te vi! Agora você vai ter que enfrentar meus Pokémon do tipo Bug!
fala_antes_batalha	Battle as many Trainers as you can! That's how we Trainers get stronger!	Batalhe com o máximo de Treinadores que puder! É assim que nós, Treinadores, ficamos mais fortes!
fala_antes_batalha	I added a new <CAUGHT_POKEMON> to my team! Wanna see it?	Coloquei um novo <CAUGHT_POKEMON> no meu time! Quer ver?
fala_antes_batalha	Bug Pokémon change a lot when they evolve.<br>Want to see what my <UNEVOLVED_POKEMON> turned into?	Pokémon do tipo Bug mudam muito quando evoluem.<br>Quer ver no que meu <UNEVOLVED_POKEMON> se transformou?
fala_antes_batalha	I know just what to do to make my team better.<br>I'll fuse my <HEAD_POKEMON> and <BODY_POKEMON>!	Sei exatamente o que fazer para melhorar meu time.<br>Vou fundir meu <HEAD_POKEMON> com meu <BODY_POKEMON>!
fala_antes_batalha	Maybe my <UNFUSED_POKEMON> will be better unfused. What do you think?	Talvez meu <UNFUSED_POKEMON> fique melhor separado. O que você acha?
fala_antes_batalha	Woah, <REVERSED_POKEMON> looks way stronger than it did as a <UNREVERSED_POKEMON>!	Uau, o <REVERSED_POKEMON> parece bem mais forte do que quando era <UNREVERSED_POKEMON>!
fala_antes_batalha	Hey! I caught this item in my net for you!	Ei! Peguei este item na minha rede para você!
fala_derrota	My bugs didn't stand a chance!	Meus insetos não tiveram chance!
fala_derrota	Ouch! Squashed again.	Ai! Esmagado de novo.
fala_antes_batalha	Do you think there's any rare Pokémon on this route?	Você acha que tem algum Pokémon raro nesta rota?
fala_antes_batalha	I'm always down for another battle! I'll beat you one day, I swear!	Estou sempre pronto para outra batalha! Um dia eu te venço, eu juro!
fala_antes_batalha	I just caught a <CAUGHT_POKEMON>! How cool is that?	Acabei de capturar um <CAUGHT_POKEMON>! Não é demais?
fala_antes_batalha	Did you know <UNEVOLVED_POKEMON> evolves into <EVOLVED_POKEMON>?<br>Mine just did!	Você sabia que o <UNEVOLVED_POKEMON> evolui para <EVOLVED_POKEMON>?<br>O meu acabou de evoluir!
fala_antes_batalha	My <HEAD_POKEMON> and <BODY_POKEMON> accidentally touched my last DNA Splicer and became a <FUSED_POKEMON>. Oops.	Meu <HEAD_POKEMON> e meu <BODY_POKEMON> encostaram sem querer no meu último DNA Splicer e viraram um <FUSED_POKEMON>. Ops.
fala_antes_batalha	I'm going to see what else I can fuse <HEAD_POKEMON> and <BODY_POKEMON> with instead of keeping them as <UNFUSED_POKEMON>.	Vou ver com o que mais posso fundir o <HEAD_POKEMON> e o <BODY_POKEMON> em vez de mantê-los como <UNFUSED_POKEMON>.
fala_antes_batalha	Which is better, my old <UNREVERSED_POKEMON> or this new <REVERSED_POKEMON>?<br>We'll find out now!	Qual é melhor, meu antigo <UNREVERSED_POKEMON> ou este novo <REVERSED_POKEMON>?<br>Vamos descobrir agora!
fala_antes_batalha	There you are! I got you a little something to thank you for all these cool battles we've had.	Aí está você! Comprei uma coisinha para te agradecer por todas essas batalhas legais que tivemos.
fala_derrota	I thought I could beat you...	Achei que conseguiria te vencer...
fala_derrota	Argh! I still can't beat you!	Argh! Ainda não consigo te vencer!
fala_antes_batalha	I'm going to take on the Gym Challenge and become the best Trainer in all of Hoenn!	Vou encarar o Desafio dos Ginásios e me tornar o melhor Treinador de toda Hoenn!
fala_antes_batalha	I need to train more if I want to take on the Gym Challenge.<br>Will you rematch me or trade me one of your strong Pokémon?	Preciso treinar mais se quiser encarar o Desafio dos Ginásios.<br>Você faz uma revanche comigo ou me troca um dos seus Pokémon fortes?
fala_antes_batalha	I caught a new Pokémon! Meet <CAUGHT_POKEMON>!	Capturei um Pokémon novo! Conheça o <CAUGHT_POKEMON>!
fala_antes_batalha	Whew, after training hard, my <UNEVOLVED_POKEMON> finally evolved into <EVOLVED_POKEMON>!	Ufa, depois de muito treino, meu <UNEVOLVED_POKEMON> finalmente evoluiu para <EVOLVED_POKEMON>!
fala_antes_batalha	<HEAD_POKEMON> and <BODY_POKEMON> joined strengths and became <FUSED_POKEMON>!	<HEAD_POKEMON> e <BODY_POKEMON> uniram forças e viraram <FUSED_POKEMON>!
fala_antes_batalha	<HEAD_POKEMON> and <BODY_POKEMON> weren't working out together, so I unfused them.	<HEAD_POKEMON> e <BODY_POKEMON> não estavam dando certo juntos, então desfiz a fusão.
fala_antes_batalha	<REVERSED_POKEMON> is so much stronger than <UNREVERSED_POKEMON>!	<REVERSED_POKEMON> é muito mais forte que <UNREVERSED_POKEMON>!
fala_antes_batalha	<PLAYER_NAME>! This'll help you to become a good Trainer!	<PLAYER_NAME>! Isto vai te ajudar a se tornar um bom Treinador!
fala_derrota	How could I lose?	Como eu pude perder?
fala_derrota	Maybe I'm not cut out for this...	Talvez eu não leve jeito para isso...
fala_antes_batalha	I was having so much fun running in the sand that I accidentally scared all the Wingull away!	Eu estava me divertindo tanto correndo na areia que sem querer espantei todos os Wingull!
fala_antes_batalha	Another match, really? Do you really not mind the sand getting all over the place?	Outra partida, sério? Você não se importa mesmo com a areia voando para todo lado?
fala_antes_batalha	You never know what Pokémon you'll find on the beach!<br>I tripped on a <CAUGHT_POKEMON> while running around, so I took the opportunity to catch it!	Nunca se sabe que Pokémon você vai encontrar na praia!<br>Tropecei num <CAUGHT_POKEMON> enquanto corria, então aproveitei a oportunidade para capturá-lo!
fala_antes_batalha	Huff, huff...<br>If you exercise a lot, you'll grow big and strong, just like me and my new <EVOLVED_POKEMON>!	Uff, uff...<br>Se você se exercitar bastante, vai ficar grande e forte, igual a mim e ao meu novo <EVOLVED_POKEMON>!
fala_antes_batalha	I found a DNA Splicer washed up on the shore, and I used it on <HEAD_POKEMON> and <BODY_POKEMON>!	Achei um DNA Splicer trazido pelas ondas e usei no <HEAD_POKEMON> e no <BODY_POKEMON>!
fala_antes_batalha	My <UNFUSED_POKEMON>? Nah, I unfused it.	Meu <UNFUSED_POKEMON>? Não, desfiz a fusão.
fala_antes_batalha	I reversed <REVERSED_POKEMON>. What will its footsteps look like on the sand now?	Inverti o <REVERSED_POKEMON>. Como serão as pegadas dele na areia agora?
fala_antes_batalha	Ugh, I dropped this item in the sand. I don't want it anymore, so you can have it!	Argh, deixei este item cair na areia. Não quero mais, então pode ficar com ele!
fala_derrota	Wah, my shoes are full of sand! They're all gritty!	Ah, meus sapatos estão cheios de areia! Está tudo arenoso!
fala_derrota	Ack, now I got sand in my shorts...!	Argh, agora entrou areia no meu short...!
fala_antes_batalha	I reeled in a really cool Pokémon while fishing. It has this almost magical look to it!	Fisguei um Pokémon muito legal pescando. Ele tem uma aparência quase mágica!
fala_antes_batalha	Fishing is chill, so I can spare some time for a rematch.	Pescar é tranquilo, então dá para tirar um tempinho para uma revanche.
fala_antes_batalha	Check out this <CAUGHT_POKEMON> I reeled in this morning!	Olha só este <CAUGHT_POKEMON> que fisguei hoje de manhã!
fala_antes_batalha	My Pokémon ate all my bait and evolved into a <EVOLVED_POKEMON>.	Meu Pokémon comeu toda a minha isca e evoluiu para <EVOLVED_POKEMON>.
fala_antes_batalha	Gah, I fell asleep while fishing...<br>When I woke back up, my <HEAD_POKEMON> and <BODY_POKEMON> were gone!<br>All I could find was this <FUSED_POKEMON>.	Argh, peguei no sono enquanto pescava...<br>Quando acordei, meu <HEAD_POKEMON> e meu <BODY_POKEMON> tinham sumido!<br>Só encontrei este <FUSED_POKEMON>.
fala_antes_batalha	They say there's plenty of fish in the sea...<br>...And there's plenty in my team now that I've unfused my <UNFUSED_POKEMON>!	Dizem que há muitos peixes no mar...<br>...E agora há muitos no meu time, depois que desfiz a fusão do meu <UNFUSED_POKEMON>!
fala_antes_batalha	I got a little bored waiting for a bite. I reversed my <UNREVERSED_POKEMON> into a <REVERSED_POKEMON> to pass the time.	Fiquei meio entediado esperando morder a isca. Inverti meu <UNREVERSED_POKEMON> em <REVERSED_POKEMON> para passar o tempo.
fala_antes_batalha	A Pokémon I fished was holding this. I'd like you to have it!	Um Pokémon que pesquei estava segurando isto. Quero que fique com você!
fala_derrota	Not cool, man!	Que vacilo, cara!
fala_derrota	Gah, battling is harder than fishing.	Argh, batalhar é mais difícil que pescar.
fala_antes_batalha	There are so many beautiful Pokémon to be found all across the region!<br>Make sure to search the grass thoroughly!	Há tantos Pokémon lindos para encontrar por toda a região!<br>Não deixe de vasculhar bem o mato!
fala_antes_batalha	Would you like to see my adorable Pokémon again?	Gostaria de ver meus Pokémon adoráveis de novo?
fala_antes_batalha	I've met a new friend!<br>Look at this adorable <CAUGHT_POKEMON>!	Fiz um novo amigo!<br>Olha só este <CAUGHT_POKEMON> adorável!
fala_antes_batalha	Gasp! My <UNEVOLVED_POKEMON>...<br>It became a <EVOLVED_POKEMON>!	Ah! Meu <UNEVOLVED_POKEMON>...<br>Ele virou um <EVOLVED_POKEMON>!
fala_antes_batalha	Squee! <HEAD_POKEMON> and <BODY_POKEMON> are even prettier fused together!	Iiih! <HEAD_POKEMON> e <BODY_POKEMON> ficam ainda mais lindos fundidos!
fala_antes_batalha	Seeing <UNFUSED_POKEMON> got old, so I unfused it into <HEAD_POKEMON> and <BODY_POKEMON>.	Cansei de ver o <UNFUSED_POKEMON>, então desfiz a fusão em <HEAD_POKEMON> e <BODY_POKEMON>.
fala_antes_batalha	What do you think of my <REVERSED_POKEMON>?<br>Much cuter than my old <UNREVERSED_POKEMON>, right?	O que acha do meu <REVERSED_POKEMON>?<br>Muito mais fofo que meu antigo <UNREVERSED_POKEMON>, né?
fala_antes_batalha	It's proper etiquette to give your friends presents. Here you go!	É boa educação dar presentes aos amigos. Aqui está!
fala_derrota	My poor little Pokémon...	Meu pobre Pokémonzinho...
fala_derrota	Nooo! My babies!	Nãããão! Meus bebês!
fala_antes_batalha	I caught a whole bunch of Pokémon! Behold my mighty swarm!	Capturei um monte de Pokémon! Contemple meu poderoso enxame!
fala_antes_batalha	After catching so many Pokémon, I'm all out of Poké Balls...<br>Can you trade me something better than my bugs?	Depois de capturar tantos Pokémon, fiquei sem Poké Balls...<br>Você pode me trocar algo melhor que meus insetos?
fala_antes_batalha	I caught a <CAUGHT_POKEMON>!<br>My swarm is even bigger now!	Capturei um <CAUGHT_POKEMON>!<br>Meu enxame está ainda maior agora!
fala_antes_batalha	Having a lot of Pokémon won't help if they're puny. That's why I evolved my <UNEVOLVED_POKEMON> into a <EVOLVED_POKEMON>!	Ter muitos Pokémon não adianta se eles forem fracotes. Por isso evoluí meu <UNEVOLVED_POKEMON> em <EVOLVED_POKEMON>!
fala_antes_batalha	Huh? Did <HEAD_POKEMON> and <BODY_POKEMON> fuse when I wasn't looking?!	Hã? O <HEAD_POKEMON> e o <BODY_POKEMON> se fundiram enquanto eu não estava olhando?!
fala_antes_batalha	I unfused my <UNFUSED_POKEMON>, so now my swarm has even more bugs in it!	Desfiz a fusão do meu <UNFUSED_POKEMON>, então agora meu enxame tem ainda mais insetos!
fala_antes_batalha	<UNREVERSED_POKEMON>... No...<br><REVERSED_POKEMON> is better!	<UNREVERSED_POKEMON>... Não...<br><REVERSED_POKEMON> é melhor!
fala_antes_batalha	My Bug Pokémon always bring me items they find in the forest. Have one!	Meus Pokémon do tipo Bug sempre me trazem itens que encontram na floresta. Fique com um!
fala_derrota	I have so many Pokémon, and I still lose...?	Tenho tantos Pokémon e mesmo assim perco...?
fala_derrota	You stepped all over my bugs!	Você pisoteou todos os meus insetos!
fala_derrota	You gotta be kidding me!	Só pode ser brincadeira!
fala_antes_batalha	It's so cool that there's Pokémon fusions in the wild! I wonder how that happens without DNA Splicers?	É tão legal que existam fusões de Pokémon na natureza! Como será que isso acontece sem DNA Splicers?
fala_antes_batalha	I wanna see more fusions! Do you want to show me yours?	Quero ver mais fusões! Quer me mostrar as suas?
fala_antes_batalha	I caught a <CAUGHT_POKEMON>! Now what should I fuse it with?	Capturei um <CAUGHT_POKEMON>! Agora, com o que devo fundi-lo?
fala_antes_batalha	Woah! My <UNEVOLVED_POKEMON> evolved! It should make some even cooler fusions now!	Uau! Meu <UNEVOLVED_POKEMON> evoluiu! Agora ele deve render fusões ainda mais legais!
fala_antes_batalha	I saw a cool <FUSED_POKEMON> the other day, so I recreated it by fusing my <HEAD_POKEMON> and <BODY_POKEMON>.	Vi um <FUSED_POKEMON> legal outro dia, então o recriei fundindo meu <HEAD_POKEMON> com meu <BODY_POKEMON>.
fala_antes_batalha	There are so many possible fusions to explore. I unfused <UNFUSED_POKEMON> so that I could test out more combinations!	Há tantas fusões possíveis para explorar. Desfiz a fusão do <UNFUSED_POKEMON> para poder testar mais combinações!
fala_antes_batalha	Woah, did you know that you can reverse fused Pokémon? I wonder if that happens in the wild too.	Uau, você sabia que dá para inverter Pokémon fundidos? Será que isso acontece na natureza também?
fala_antes_batalha	<PLAYER_NAME>! Give this to one of your fusions!	<PLAYER_NAME>! Dê isto a uma das suas fusões!
fala_derrota	Woah, your Pokémon are even cooler!	Uau, seus Pokémon são ainda mais legais!
fala_derrota	Fused Pokémon are so cool!	Pokémon fundidos são muito legais!
fala_antes_batalha	I wanted to treat my girlfriend to a lavish gift. I came here to buy out all of the flowers in the shop, but...<br>Achoo! I'm allergic!	Eu queria dar um presente luxuoso para a minha namorada. Vim aqui comprar todas as flores da loja, mas...<br>Atchim! Sou alérgico!
fala_antes_batalha	Achoo! My allergies are driving me crazy...	Atchim! Minha alergia está me deixando louco...
fala_antes_batalha	I found a cute <CAUGHT_POKEMON>. I'm not sure if I should keep it or give it to my girlfriend...	Encontrei um <CAUGHT_POKEMON> fofo. Não sei se fico com ele ou se dou para a minha namorada...
fala_antes_batalha	Do you think that my girlfriend will like <UNEVOLVED_POKEMON> better now that it's a <EVOLVED_POKEMON>?	Você acha que minha namorada vai gostar mais do <UNEVOLVED_POKEMON> agora que ele é um <EVOLVED_POKEMON>?
fala_antes_batalha	Achoo! I accidentally fused my Pokémon while sneezing!	Atchim! Fundi meus Pokémon sem querer enquanto espirrava!
fala_antes_batalha	I unfused <UNFUSED_POKEMON> because my girlfriend thought it was unsettling. I can't tell if she meant the Pokémon or me...	Desfiz a fusão do <UNFUSED_POKEMON> porque minha namorada achou perturbador. Não sei se ela estava falando do Pokémon ou de mim...
fala_antes_batalha	I have so many spare DNA Reversers. I used one on my <UNREVERSED_POKEMON> just to see what it would look like as a <REVERSED_POKEMON>.	Tenho tantos DNA Reversers sobrando. Usei um no meu <UNREVERSED_POKEMON> só para ver como ele ficaria como <REVERSED_POKEMON>.
fala_antes_batalha	I got this gift for my girlfriend... But on second thought, I don't know if she'll like it.<br>I suppose you could have it instead.	Comprei este presente para a minha namorada... Mas, pensando bem, não sei se ela vai gostar.<br>Acho que você pode ficar com ele.
fala_derrota	Achoo!	Atchim!
fala_derrota	Sniff...	Snif...
fala_antes_batalha	A strange Pokémon fusion flew in on the wind and smacked into me! Ouch!	Uma fusão de Pokémon estranha veio voando com o vento e trombou em mim! Ai!
fala_antes_batalha	It's such a breezy day! Perfect for a rematch, don't you think?	Que dia de ventania! Perfeito para uma revanche, não acha?
fala_antes_batalha	A <CAUGHT_POKEMON> flew in on the wind! I caught it!	Um <CAUGHT_POKEMON> veio voando com o vento! Eu o capturei!
fala_antes_batalha	Woah, <UNEVOLVED_POKEMON> evolved! Look how strong it is now.	Uau, o <UNEVOLVED_POKEMON> evoluiu! Olha como ele está forte agora.
fala_antes_batalha	Huh? The wind carried a DNA Splicer. I just had to use it on <HEAD_POKEMON> and <BODY_POKEMON>!	Hã? O vento trouxe um DNA Splicer. Eu simplesmente tive que usar no <HEAD_POKEMON> e no <BODY_POKEMON>!
fala_antes_batalha	Whoops! I accidentally unfused <HEAD_POKEMON> and <BODY_POKEMON>!	Ops! Desfiz a fusão do <HEAD_POKEMON> e do <BODY_POKEMON> sem querer!
fala_antes_batalha	Look how silly <UNREVERSED_POKEMON> looks now that it's reversed!	Olha como o <UNREVERSED_POKEMON> ficou bobo agora que está invertido!
fala_antes_batalha	Huh? The wind carried this to me! Do you want it?	Hã? O vento trouxe isto até mim! Você quer?
fala_derrota	I lost it!	Perdi!
fala_derrota	The wind was in my face!	O vento estava contra mim!
fala_antes_batalha	We're twins! We do everything together, even battling!	Somos gêmeas! Fazemos tudo juntas, até batalhar!
fala_antes_batalha	We need to train lots more! We usually battle each other to train, but you're way stronger!	Precisamos treinar muito mais! Normalmente batalhamos uma contra a outra para treinar, mas você é bem mais forte!
fala_antes_batalha	We caught a <CAUGHT_POKEMON> together! We make a great team!	Capturamos um <CAUGHT_POKEMON> juntas! Formamos uma ótima equipe!
fala_antes_batalha	Mia helped me evolve <UNEVOLVED_POKEMON>. Look at it now!	A Mia me ajudou a evoluir o <UNEVOLVED_POKEMON>. Olha ele agora!
fala_antes_batalha	Me and my twin fused our Pokémon! Now we both share this <FUSED_POKEMON>!	Eu e minha gêmea fundimos nossos Pokémon! Agora nós duas dividimos este <FUSED_POKEMON>!
fala_antes_batalha	We kept bickering over our <UNFUSED_POKEMON>, so we unfused it.	A gente vivia brigando por causa do nosso <UNFUSED_POKEMON>, então desfizemos a fusão.
fala_antes_batalha	I reversed my <UNREVERSED_POKEMON> into a <REVERSED_POKEMON> because my sister said it would be better... I dunno, was she right?	Inverti meu <UNREVERSED_POKEMON> em <REVERSED_POKEMON> porque minha irmã disse que seria melhor... Sei lá, ela tinha razão?
fala_antes_batalha	Heehee! I got you a little gift. But don't tell Mia!	Hihi! Comprei um presentinho para você. Mas não conte para a Mia!
fala_derrota	And we lose together, too...	E perdemos juntas também...
fala_derrota	I still lost... I need Mia by my side!	Perdi de novo... Preciso da Mia do meu lado!
fala_antes_batalha	Maybe if I try without Gina... Will you battle me?	Talvez se eu tentar sem a Gina... Você batalha comigo?
fala_antes_batalha	I caught a <CAUGHT_POKEMON> all by myself, without Gina!	Capturei um <CAUGHT_POKEMON> sozinha, sem a Gina!
fala_antes_batalha	My <UNEVOLVED_POKEMON> evolved! I bet Gina's gonna say it was her idea... But it wasn't!	Meu <UNEVOLVED_POKEMON> evoluiu! Aposto que a Gina vai dizer que a ideia foi dela... Mas não foi!
fala_antes_batalha	Don't tell Gina, but I took my sister's DNA Splicer to make this <FUSED_POKEMON>.	Não conte para a Gina, mas peguei o DNA Splicer da minha irmã para fazer este <FUSED_POKEMON>.
fala_antes_batalha	I unfused my <UNFUSED_POKEMON> before Gina noticed. Shhh, don't snitch!	Desfiz a fusão do meu <UNFUSED_POKEMON> antes que a Gina percebesse. Psiu, não dedure!
fala_antes_batalha	I turned my <UNREVERSED_POKEMON> into a <REVERSED_POKEMON> while Gina wasn't looking, hehehe!	Transformei meu <UNREVERSED_POKEMON> em <REVERSED_POKEMON> enquanto a Gina não estava olhando, hihihi!
fala_antes_batalha	Gina got me this gift, but you look like you need it more than I do!	A Gina me deu este presente, mas parece que você precisa mais dele do que eu!
fala_derrota	Nuh uh! It's Gina's fault!	Não, não! A culpa é da Gina!
fala_derrota	Nuh uh! It's Gina's fault again!	Não, não! A culpa é da Gina de novo!
fala_antes_batalha	Some Pokémon live in fresh water, and some live in the sea. Mine live in both.	Alguns Pokémon vivem em água doce, outros vivem no mar. Os meus vivem nos dois.
fala_antes_batalha	I need to train my fish to fight out of the water! Will you help me out?	Preciso treinar meus peixes para lutarem fora da água! Você me ajuda?
fala_antes_batalha	I reeled in a new catch! Let's see if it's a keeper or if I should release it!	Fisguei uma nova presa! Vamos ver se vale a pena ficar com ela ou se devo soltar!
fala_antes_batalha	Woah! My fish evolved! It's so much bigger now!	Uau! Meu peixe evoluiu! Está muito maior agora!
fala_antes_batalha	I fused <HEAD_POKEMON> and <BODY_POKEMON>. Now they're twice as slippery!	Fundi o <HEAD_POKEMON> e o <BODY_POKEMON>. Agora eles são duas vezes mais escorregadios!
fala_antes_batalha	I unfused <UNFUSED_POKEMON>. Turns out two half-decent swimmers don't always make a great one.	Desfiz a fusão do <UNFUSED_POKEMON>. Acontece que dois nadadores meia-boca nem sempre formam um ótimo.
fala_antes_batalha	I got it! My fusion wasn't working out because of the order. So, I reversed <UNREVERSED_POKEMON> into <REVERSED_POKEMON>!	Entendi! Minha fusão não estava dando certo por causa da ordem. Então inverti o <UNREVERSED_POKEMON> em <REVERSED_POKEMON>!
fala_antes_batalha	Huh? I found this in the water. Is it yours?	Hã? Achei isto na água. É seu?
fala_derrota	...But they can't battle out of either!	...Mas eles não conseguem batalhar fora de nenhum dos dois!
fala_derrota	Agh! I almost fell into the water!	Argh! Quase caí na água!
fala_derrota	Yes! You're deserving of my secret technique!	Sim! Você é digno da minha técnica secreta!
fala_antes_batalha	If you can't defeat us Gym Trainers, you're not worth wasting our awesome Gym Leader's time!	Se você não consegue derrotar nós, Treinadores do Ginásio, não vale a pena desperdiçar o tempo da nossa incrível Gym Leader!
fala_antes_batalha	Since you clearly know what you're doing, how about a battle so we Gym Trainers can learn a thing or two?	Já que você claramente sabe o que está fazendo, que tal uma batalha para nós, Treinadores do Ginásio, aprendermos uma coisa ou outra?
fala_antes_batalha	Gym Leader Roxanne gave me a <CAUGHT_POKEMON>. I want to prove she made the right choice!	A Gym Leader Roxanne me deu um <CAUGHT_POKEMON>. Quero provar que ela fez a escolha certa!
fala_antes_batalha	After watching the Gym Leader's amazing battles, my <UNEVOLVED_POKEMON> evolved! Let's see what it can do now!	Depois de assistir às batalhas incríveis da Gym Leader, meu <UNEVOLVED_POKEMON> evoluiu! Vamos ver do que ele é capaz agora!
fala_antes_batalha	I fused my <HEAD_POKEMON> and <BODY_POKEMON>. I think they have more potential together!	Fundi meu <HEAD_POKEMON> com meu <BODY_POKEMON>. Acho que eles têm mais potencial juntos!
fala_antes_batalha	Gym Leader Roxanne said I have to master the basics, so I unfused my <UNFUSED_POKEMON>. Let's battle so I can impress my Gym Leader!	A Gym Leader Roxanne disse que eu preciso dominar o básico, então desfiz a fusão do meu <UNFUSED_POKEMON>. Vamos batalhar para eu impressionar minha Gym Leader!
fala_antes_batalha	The other Gym Trainers suggested I turn my <UNREVERSED_POKEMON> into its reverse fusion. Battle with me and tell me if my Pokémon is stronger now!	Os outros Treinadores do Ginásio sugeriram que eu transformasse meu <UNREVERSED_POKEMON> na fusão invertida. Batalhe comigo e me diga se meu Pokémon está mais forte agora!
fala_antes_batalha	You're so strong, you could be a Gym Trainer too! Take this gift and give it some thought.	Você é tão forte que poderia ser um Treinador do Ginásio também! Pegue este presente e pense no assunto.
fala_derrota	Okay, you've got some potential!	Certo, você tem algum potencial!
fala_derrota	Amazing! That certainly wasn't a waste of time!	Incrível! Com certeza não foi perda de tempo!
fala_antes_batalha	Roxanne has a rock-solid work ethic. She was was best in her class!	A Roxanne tem uma ética de trabalho sólida como rocha. Ela era a melhor da turma!
fala_antes_batalha	Roxanne taught me that you have to work crazy hard to see results. How about it? Let's study up with a battle!	A Roxanne me ensinou que é preciso se esforçar muito para ver resultados. Que tal? Vamos estudar com uma batalha!
fala_antes_batalha	I caught this <CAUGHT_POKEMON>, but it's a bit lazy. Help me teach it how to work hard!	Capturei este <CAUGHT_POKEMON>, mas ele é meio preguiçoso. Me ajude a ensiná-lo a se esforçar!
fala_antes_batalha	Roxanne worked so hard on teaching me how to battle that my Pokémon evolved! Have you evolved any of your Pokémon?	A Roxanne se dedicou tanto a me ensinar a batalhar que meu Pokémon evoluiu! Você já evoluiu algum dos seus Pokémon?
fala_antes_batalha	My <HEAD_POKEMON> fused with another Pokémon! Maybe it will work twice as hard and be twice as smart!	Meu <HEAD_POKEMON> se fundiu com outro Pokémon! Talvez ele se esforce em dobro e fique duas vezes mais esperto!
fala_antes_batalha	Now that my <UNFUSED_POKEMON> unfused, they can both work on different things. We're gonna blow the grading curve!	Agora que desfiz a fusão do meu <UNFUSED_POKEMON>, os dois podem trabalhar em coisas diferentes. Vamos arrasar nas notas!
fala_antes_batalha	My Pokémon thought that reversing would disguise it so I wouldn't make it work hard. I'm gonna have to show <REVERSED_POKEMON> what real work ethic looks like!	Meu Pokémon achou que se inverter o disfarçaria e eu não o faria se esforçar. Vou ter que mostrar ao <REVERSED_POKEMON> o que é ética de trabalho de verdade!
fala_antes_batalha	You work almost as hard as Roxanne at battling! You should have this since you practice so much.	Você se esforça nas batalhas quase tanto quanto a Roxanne! Devia ficar com isto, já que pratica tanto.
fala_derrota	Woah! You're crazy good too!	Uau! Você também é bom demais!
fala_derrota	I bet you were also best in your class, just like Roxanne!	Aposto que você também era o melhor da turma, igual à Roxanne!
fala_antes_batalha	I taught these kids everything there is to know about Rock-type Pokémon.<br>Now it's your turn to get schooled!	Ensinei a estas crianças tudo o que há para saber sobre Pokémon do tipo Rock.<br>Agora é a sua vez de levar uma lição!
fala_antes_batalha	Do you want another free lesson?	Quer outra aula de graça?
fala_antes_batalha	One of my students gifted me this <CAUGHT_POKEMON> as a token of her appreciation.<br>If I win, will you gift me one of your Pokémon as well?	Uma das minhas alunas me deu este <CAUGHT_POKEMON> como sinal de gratidão.<br>Se eu vencer, você também me dá um dos seus Pokémon?
fala_antes_batalha	It is not just people that evolve through learning and experience. Pokémon do the same!	Não são só as pessoas que evoluem com o aprendizado e a experiência. Os Pokémon também!
fala_antes_batalha	Fusing two Pokémon is like two students sticking their heads together on a group assignment!	Fundir dois Pokémon é como dois alunos juntando as cabeças num trabalho em grupo!
fala_antes_batalha	The group work is over. Everyone, time to work by yourself again!	O trabalho em grupo acabou. Todo mundo, hora de trabalhar sozinho de novo!
fala_antes_batalha	Different tasks require different skillsets.<br>That is why sometimes it makes sense to switch up who is in the role of the leader.	Tarefas diferentes exigem habilidades diferentes.<br>Por isso às vezes faz sentido trocar quem fica no papel de líder.
fala_antes_batalha	I have a gift for you. It's called the blessing of knowledge.<br>...<br>Okay, fine, you can have this too.	Tenho um presente para você. Chama-se a bênção do conhecimento.<br>...<br>Tá bom, tá bom, pode ficar com isto também.
fala_derrota	You're no slacker, that's for sure!	Você não é nenhum preguiçoso, isso é certo!
fala_derrota	You get a passing grade!	Você passou de ano!
fala_antes_batalha	Are you going to challenge other Gym Leaders? I can help you train for those battles.	Você vai desafiar outros Gym Leaders? Posso te ajudar a treinar para essas batalhas.
fala_antes_batalha	I caught this <CAUGHT_POKEMON> while hunting for stones to research. Together, we can research battles as well.	Capturei este <CAUGHT_POKEMON> enquanto procurava pedras para pesquisar. Juntos, podemos pesquisar batalhas também.
fala_antes_batalha	Studying at the Trainers' School and applying what I learned to battles here let my <UNEVOLVED_POKEMON> evolve. I'll show you what happens when both Trainer and Pokémon evolve their skills.	Estudar na Escola de Treinadores e aplicar aqui nas batalhas o que aprendi fez meu <UNEVOLVED_POKEMON> evoluir. Vou te mostrar o que acontece quando Treinador e Pokémon evoluem juntos suas habilidades.
fala_antes_batalha	Bringing my <HEAD_POKEMON> and <BODY_POKEMON> together to fuse is like bringing together two ideas to reach understanding. I'll show you what that means.	Juntar meu <HEAD_POKEMON> e meu <BODY_POKEMON> numa fusão é como juntar duas ideias para chegar a uma compreensão. Vou te mostrar o que isso significa.
fala_antes_batalha	Don't underestimate the power of strength in numbers. With the help of this DNA Splicer, I now have another rock-solid Pokémon to battle with.	Não subestime a força dos números. Com a ajuda deste DNA Splicer, agora tenho outro Pokémon sólido como rocha para batalhar.
fala_antes_batalha	If I always study with the same team, I won't learn as much about battles. I reversed my <UNREVERSED_POKEMON> to help with that.	Se eu estudar sempre com o mesmo time, não vou aprender tanto sobre batalhas. Inverti meu <UNREVERSED_POKEMON> para ajudar nisso.
fala_antes_batalha	Your battling is A+. Take this and let it motivate you to keep learning.	Seu desempenho em batalha é nota 10. Pegue isto e deixe que te motive a continuar aprendendo.
fala_derrota	Ah, I lost... It seems I still have much to learn...	Ah, eu perdi... Parece que ainda tenho muito a aprender...
fala_derrota	I think we both learned a lot from that.	Acho que nós dois aprendemos muito com isso.
fala_antes_batalha	My Bug Pokémon are tough! Let's battle!	Meus Pokémon do tipo Bug são durões! Vamos batalhar!
fala_antes_batalha	One day I want to become a ninja!<br>A ninja that fights with the help of his Bug Pokémon!	Um dia eu quero virar ninja!<br>Um ninja que luta com a ajuda dos seus Pokémon do tipo Bug!
fala_antes_batalha	My army of Bug Pokémon keeps growing! Swarm attack!	Meu exército de Pokémon do tipo Bug não para de crescer! Ataque do enxame!
fala_antes_batalha	Hahaha, my <EVOLVED_POKEMON> has grown into a perfectly ultimate great insect!	Hahaha, meu <EVOLVED_POKEMON> virou um inseto supremo perfeitamente incrível!
fala_antes_batalha	By themselves, Bug Pokémon are rather weak.<br>That's why I try to build a team with as many of them as possible!	Sozinhos, os Pokémon do tipo Bug são bem fracos.<br>Por isso tento montar um time com o máximo deles possível!
fala_antes_batalha	Strength in numbers! Surprise attack!	A união faz a força! Ataque surpresa!
fala_antes_batalha	Bet you didn't expect my classic ninja switcheroo!	Aposto que você não esperava minha clássica troca ninja!
fala_antes_batalha	Here, this has been passed on by the ancestors of my totally legit Ninja Clan for generations.	Aqui, isto foi passado de geração em geração pelos ancestrais do meu Clã Ninja totalmente legítimo.
fala_derrota	Dang, I thought I had you.	Droga, achei que tinha te pegado.
fala_derrota	Ha, I might have lost, but my Bug Pokémon have marked you with their scent!	Rá, posso ter perdido, mas meus Pokémon do tipo Bug te marcaram com o cheiro deles!
fala_antes_batalha	My Pokémon rules, check it out!	Meu Pokémon é demais, olha só!
fala_antes_batalha	Are you here to hurt me again?!	Você veio me machucar de novo?!
fala_antes_batalha	I got a few bruises catching this <CAUGHT_POKEMON>!	Ganhei uns roxos capturando este <CAUGHT_POKEMON>!
fala_antes_batalha	I was standing a bit too close to my <EVOLVED_POKEMON> when it evolved.<br>Got pushed back and fell into that thorny bush over there.<br>Lesson learned.	Eu estava perto demais do meu <EVOLVED_POKEMON> quando ele evoluiu.<br>Fui empurrado e caí naquele arbusto espinhento ali.<br>Lição aprendida.
fala_antes_batalha	Ouch! Who thought it was a good idea to put such a pointy end on a DNA Splicer?!	Ai! Quem achou que era boa ideia colocar uma ponta tão afiada num DNA Splicer?!
fala_antes_batalha	I wrapped my DNA Splicer in a paper towel, but I still managed to pierce myself with it...	Enrolei meu DNA Splicer num papel-toalha, mas mesmo assim consegui me espetar...
fala_antes_batalha	Why are the DNA Reversers so pointy?! Ouch!	Por que os DNA Reversers são tão pontudos?! Ai!
fala_antes_batalha	Here, take this before I find a way to hurt myself with it.	Aqui, pegue isto antes que eu encontre um jeito de me machucar com ele.
fala_derrota	Ouch, a scrape! I have to put on a bandage.	Ai, um arranhão! Preciso colocar um curativo.
fala_derrota	Ouch! Well, bandages are a sign of strength and resiliance anyway!<br>But don't think that I will forget this!	Ai! Bom, curativos são sinal de força e resiliência mesmo!<br>Mas não pense que vou esquecer isso!
fala_antes_batalha	I study Pokémon fusion at school!	Eu estudo fusão Pokémon na escola!
fala_antes_batalha	I have to study harder! Will you help me learn more about Pokémon fusions?	Preciso estudar mais! Você me ajuda a aprender mais sobre fusões de Pokémon?
fala_antes_batalha	Today's assignment was catching a <CAUGHT_POKEMON>!	A lição de hoje era capturar um <CAUGHT_POKEMON>!
fala_antes_batalha	<UNEVOLVED_POKEMON> evolved! I'll get a good grade for sure!	O <UNEVOLVED_POKEMON> evoluiu! Com certeza vou tirar uma nota boa!
fala_antes_batalha	I fused my <HEAD_POKEMON> and <BODY_POKEMON> for a school project!	Fundi meu <HEAD_POKEMON> com meu <BODY_POKEMON> para um trabalho da escola!
fala_antes_batalha	DNA Splicers can unsplice fusions! Wait, no... Unfuse? Um... <br>In any case, now my <HEAD_POKEMON> and <BODY_POKEMON> are unfuspliced!	DNA Splicers podem desemendar fusões! Espera, não... Desfundir? Hum... <br>De qualquer jeito, agora meu <HEAD_POKEMON> e meu <BODY_POKEMON> estão desfusplicados!
fala_antes_batalha	For show and tell today, I reversed my <UNREVERSED_POKEMON> into a <REVERSED_POKEMON>!<br>Everyone was impressed!	Para a apresentação de hoje, inverti meu <UNREVERSED_POKEMON> em <REVERSED_POKEMON>!<br>Todo mundo ficou impressionado!
fala_antes_batalha	I made this in class yesterday and got a perfect grade! You can have it!	Fiz isto na aula ontem e tirei nota máxima! Pode ficar com você!
fala_derrota	I didn't study enough...	Eu não estudei o suficiente...
fala_derrota	I'll have to ask my teacher about this one...	Vou ter que perguntar isso para a minha professora...
fala_antes_batalha	It's a dead end up here. So boring! Can we battle?	Aqui em cima é um beco sem saída. Que tédio! Podemos batalhar?
fala_antes_batalha	Can you tell me the way home? I'm a bit lost...	Você pode me dizer o caminho de casa? Estou meio perdido...
fala_antes_batalha	Huh? You are wondering why I am still here?<br>Well, I was taken in by this <CAUGHT_POKEMON> and its family.<br>At first I was a bit scared, but I quickly realized that they were friendly creatures, not at all evil.	Hã? Você está se perguntando por que ainda estou aqui?<br>Bem, fui acolhido por este <CAUGHT_POKEMON> e a família dele.<br>No começo eu fiquei meio assustado, mas logo percebi que eram criaturas amigáveis, nada malvadas.
fala_antes_batalha	You really don't have to worry about me, you know? Look, I even have a new friend!	Você não precisa mesmo se preocupar comigo, sabia? Olha, até tenho um amigo novo!
fala_antes_batalha	Are you hungry? My <FUSED_POKEMON> collected some berries for me.<br>I can share.	Está com fome? Meu <FUSED_POKEMON> colheu algumas Berries para mim.<br>Posso dividir.
fala_antes_batalha	You sure keep coming back to this dead end quite a lot...	Você volta bastante para este beco sem saída, hein...
fala_antes_batalha	This is still a dead end. If you want to get out of here, you need to reverse.<br>Here, let me show you how it is done.	Isto continua sendo um beco sem saída. Se quiser sair daqui, precisa dar ré.<br>Aqui, deixa eu te mostrar como se faz.
fala_antes_batalha	Thank you for looking out for me. This is for your trouble.	Obrigado por cuidar de mim. Isto é pelo incômodo.
fala_derrota	This was fun even though I lost.	Foi divertido mesmo eu tendo perdido.
fala_derrota	You won't tell me unless I pay you? Fine...	Você não vai me dizer a não ser que eu pague? Tudo bem...
fala_antes_batalha	I wanted to take my son through the tunnel, but it's not finished...	Eu queria levar meu filho pelo túnel, mas ele não está terminado...
fala_antes_batalha	A rematch? Let's make it quick, though.	Uma revanche? Mas vamos ser rápidos.
fala_antes_batalha	My son demanded that I catch this <CAUGHT_POKEMON>.<br>Maybe I will gift it to him once he is a bit older.	Meu filho exigiu que eu capturasse este <CAUGHT_POKEMON>.<br>Talvez eu dê para ele quando ele estiver um pouco mais velho.
fala_antes_batalha	Woah, my <EVOLVED_POKEMON> grew up before my son did!<br>Does that mean that I took better care of it than I did of my son?!	Uau, meu <EVOLVED_POKEMON> cresceu antes do meu filho!<br>Será que cuidei melhor dele do que do meu filho?!
fala_antes_batalha	My son watched me fuse this <FUSED_POKEMON>, and now he is obsessed with the idea of fusing himself!<br>I keep telling him that humans cannot fuse, but someone told him a story of a person in the Kanto region who did just that...	Meu filho me viu fundir este <FUSED_POKEMON> e agora está obcecado com a ideia de se fundir!<br>Vivo dizendo que humanos não podem se fundir, mas alguém contou para ele a história de uma pessoa na região de Kanto que fez exatamente isso...
fala_antes_batalha	I unfused my <UNFUSED_POKEMON>.<br>Maybe my son will shut up about this fusion stuff now...	Desfiz a fusão do meu <UNFUSED_POKEMON>.<br>Talvez agora meu filho pare de falar desse negócio de fusão...
fala_antes_batalha	My son loves watching videos of Pokémon fusing and reversing on the internet, so I tried it myself.	Meu filho adora ver vídeos de Pokémon se fundindo e se invertendo na internet, então resolvi experimentar.
fala_antes_batalha	If you ever have a child yourself, you will need this.	Se um dia você tiver um filho, vai precisar disto.
fala_derrota	Let's take it easy, okay?	Vamos com calma, tá bom?
fala_derrota	Don't tell me my son snuck off again while I wasn't looking!	Não me diga que meu filho fugiu de novo enquanto eu não estava olhando!
fala_antes_batalha	Bah, who needs tunnels? I'll climb OVER that mountain!	Bah, quem precisa de túneis? Vou escalar POR CIMA daquela montanha!
fala_antes_batalha	What? You are wondering why I am still on this side of the mountain?<br>L-listen, I totally managed to climb over it by now, okay?!	O quê? Você está se perguntando por que ainda estou deste lado da montanha?<br>E-escuta, eu já consegui escalar ela totalmente, tá bom?!
fala_antes_batalha	I met this <CAUGHT_POKEMON> on a hike, and we have been traveling together ever since.	Conheci este <CAUGHT_POKEMON> numa trilha, e desde então viajamos juntos.
fala_antes_batalha	Hah, my <EVOLVED_POKEMON> grew up to be as tall as that mountain over there!<br>Well, almost...	Rá, meu <EVOLVED_POKEMON> cresceu e ficou tão alto quanto aquela montanha ali!<br>Bem, quase...
fala_antes_batalha	Just like how two tectonic plates fused below us to create that mountain, my <FUSED_POKEMON> fused to reach its summit!	Assim como duas placas tectônicas se fundiram abaixo de nós para criar aquela montanha, meu <FUSED_POKEMON> se fundiu para chegar ao cume!
fala_antes_batalha	Rivers erode mountains, even if it takes millenia. Everything must come to an end.	Os rios desgastam as montanhas, mesmo que leve milênios. Tudo tem um fim.
fala_antes_batalha	Once I have climbed the tallest mountain, I will dive down the deepest trench!	Depois de escalar a montanha mais alta, vou mergulhar na fossa mais profunda!
fala_antes_batalha	Here, I found this at the top of that mountain.	Aqui, achei isto no topo daquela montanha.
fala_derrota	Oof, maybe I'm not ready for a climb like that.	Ufa, talvez eu não esteja pronto para uma escalada daquelas.
fala_derrota	I-I just... Erm... I climbed over it one way and then came all the way back already, okay?!<br>Y-you better believe me!	E-eu só... Hã... Escalei por um lado e já voltei todo o caminho, tá bom?!<br>É-é bom você acreditar em mim!
fala_antes_batalha	Oh boy, I'm late for my assignment... Help me train up, quick!	Ai, ai, estou atrasado com minha tarefa... Me ajude a treinar, rápido!
fala_antes_batalha	My assignment was to train up and evolve a Pokémon. Will you help me some more?	Minha tarefa era treinar e evoluir um Pokémon. Você me ajuda mais um pouco?
fala_antes_batalha	I caught a <CAUGHT_POKEMON>. Maybe it'll be easier to evolve!	Capturei um <CAUGHT_POKEMON>. Talvez seja mais fácil de evoluir!
fala_antes_batalha	I did it! I evolved <UNEVOLVED_POKEMON> into <EVOLVED_POKEMON>! Thanks for helping me with my assignment!	Consegui! Evoluí o <UNEVOLVED_POKEMON> em <EVOLVED_POKEMON>! Obrigado por me ajudar com a minha tarefa!
fala_antes_batalha	Pokémon evolve faster when they're fused, right? No? So much for this <FUSED_POKEMON>!	Os Pokémon evoluem mais rápido quando estão fundidos, né? Não? Lá se vai este <FUSED_POKEMON>!
fala_antes_batalha	Maybe <UNFUSED_POKEMON> will evolve faster now that it's split in two!	Talvez o <UNFUSED_POKEMON> evolua mais rápido agora que está dividido em dois!
fala_antes_batalha	Does reversing do anything for evolving Pokémon? Anyway, <UNREVERSED_POKEMON> is now a <REVERSED_POKEMON>!	Inverter faz alguma coisa pela evolução dos Pokémon? Enfim, o <UNREVERSED_POKEMON> agora é um <REVERSED_POKEMON>!
fala_antes_batalha	Heheh! I took this from the teacher's office.<br>It's for you!	Hehe! Peguei isto da sala da professora.<br>É para você!
fala_derrota	This doesn't help!	Isso não ajuda!
fala_derrota	I hope I can still get a good grade...	Espero que eu ainda consiga tirar uma boa nota...
fala_antes_batalha	We learn all sort of things at the Pokémon school. I want to test things out for real!	Aprendemos todo tipo de coisa na escola Pokémon. Quero testar tudo de verdade!
fala_antes_batalha	Do you have some time to tutor me? I need some help on math.<br>What, you only do Pokémon battling? That's fine too, I guess.	Você tem um tempinho para me dar aula particular? Preciso de ajuda em matemática.<br>O quê, você só faz batalhas Pokémon? Tudo bem também, acho.
fala_antes_batalha	I saw this <CAUGHT_POKEMON>, and it looked very smart! I hope that it will help me study.	Vi este <CAUGHT_POKEMON> e ele parecia muito inteligente! Espero que me ajude a estudar.
fala_antes_batalha	Woah, <EVOLVED_POKEMON> really evolved, just like my teacher said!	Uau, o <EVOLVED_POKEMON> evoluiu mesmo, bem como a professora disse!
fala_antes_batalha	My big sister said that she discussed the ethicasies of fusing Pokémon at school.<br>But I don't know what that word means.	Minha irmã mais velha disse que discutiu a eticosidade de fundir Pokémon na escola.<br>Mas não sei o que essa palavra quer dizer.
fala_antes_batalha	Maybe my <HEAD_POKEMON> becomes sad when it is fused...	Talvez meu <HEAD_POKEMON> fique triste quando está fundido...
fala_antes_batalha	I think I messed something up when taking care of my <BODY_POKEMON> and <HEAD_POKEMON>...	Acho que fiz alguma besteira cuidando do meu <BODY_POKEMON> e do meu <HEAD_POKEMON>...
fala_antes_batalha	A boy from my class gave me this, but he was stuttering so much that I didn't understand what he was saying.<br>You can have it.	Um menino da minha turma me deu isto, mas ele estava gaguejando tanto que eu não entendi o que ele dizia.<br>Pode ficar com você.
fala_derrota	Ouch! That stings just like my teacher's Quick Claw!	Ai! Isso arde igual à Quick Claw da minha professora!
fala_derrota	Great, now I have even less time left to study.	Ótimo, agora tenho ainda menos tempo para estudar.
fala_antes_batalha	Feline Pokémon are simply the best. They live a life of luxury just like mine.<br>They feast, lounge around, and look beautiful doing it.	Pokémon felinos são simplesmente os melhores. Eles levam uma vida de luxo igual à minha.<br>Eles se banqueteiam, ficam à toa e ficam lindos fazendo isso.
fala_antes_batalha	My partner Pokémon is the best there is.	Meu Pokémon parceiro é o melhor que existe.
fala_antes_batalha	I caught a stunning <CAUGHT_POKEMON>. Now it gets to live a life of luxury with us!	Capturei um <CAUGHT_POKEMON> deslumbrante. Agora ele vai viver uma vida de luxo conosco!
fala_antes_batalha	Now that <UNEVOLVED_POKEMON> has evolved, it's even more of itself! More comfortable, more confident, and more beautiful!	Agora que o <UNEVOLVED_POKEMON> evoluiu, ele está ainda mais ele mesmo! Mais confortável, mais confiante e mais lindo!
fala_antes_batalha	This is a fusion with two elegant Pokémon. Together, <HEAD_POKEMON> and <BODY_POKEMON> will show you just how stunning a <FUSED_POKEMON> experience can be!	Esta é uma fusão de dois Pokémon elegantes. Juntos, <HEAD_POKEMON> e <BODY_POKEMON> vão te mostrar como pode ser deslumbrante a experiência <FUSED_POKEMON>!
fala_antes_batalha	I was tired of some of the comments I was getting, so I unfused my precious <UNFUSED_POKEMON>...	Cansei de alguns comentários que eu andava recebendo, então desfiz a fusão do meu precioso <UNFUSED_POKEMON>...
fala_antes_batalha	Do you know what the opposite of <UNREVERSED_POKEMON> is? I'll show you!	Você sabe qual é o oposto do <UNREVERSED_POKEMON>? Vou te mostrar!
fala_antes_batalha	You should take this with you so you can have a more luxurious life as well. Don't mind the Pokémon hair on it.	Você devia levar isto para também ter uma vida mais luxuosa. Não ligue para os pelos de Pokémon nele.
fala_derrota	Oh my goodness, this is a new experience for me.	Minha nossa, esta é uma experiência nova para mim.
fala_derrota	What did you call my Pokémon?!	Do que você chamou meu Pokémon?!
fala_antes_batalha	My Pokémon is the rarest, most stunning, most majestic Pokémon you'll ever see!<br>It will leave you speechless!	Meu Pokémon é o mais raro, mais deslumbrante e mais majestoso Pokémon que você vai ver na vida!<br>Ele vai te deixar sem palavras!
fala_antes_batalha	I'm not just doing this for my Pokémon! I'm also fighting for myself!	Não estou fazendo isso só pelo meu Pokémon! Também estou lutando por mim!
fala_antes_batalha	I spilled my bag filled with Pokédollars earlier, and all the shiny coins attracted this <CAUGHT_POKEMON>.	Derrubei minha bolsa cheia de Pokédollars mais cedo, e todas aquelas moedas brilhantes atraíram este <CAUGHT_POKEMON>.
fala_antes_batalha	I got tired of my <UNEVOLVED_POKEMON> being so weak, so I went to the store and bought a bunch of Rare Candy.	Cansei do meu <UNEVOLVED_POKEMON> ser tão fraco, então fui na loja e comprei um monte de Rare Candy.
fala_antes_batalha	Did you know that Super Splicers make better fusions than regular DNA Splicers?<br>You need to be able to afford them, though.	Sabia que os Super Splicers fazem fusões melhores que os DNA Splicers comuns?<br>Mas você precisa ter dinheiro para eles.
fala_antes_batalha	If you keep fusing and unfusing, you're gonna run out of DNA Splicers quickly.<br>Not that it matters for someone as rich as me.	Se você ficar fundindo e desfazendo fusões, vai ficar sem DNA Splicers rapidinho.<br>Não que isso importe para alguém tão rico quanto eu.
fala_antes_batalha	What is the opposite of being rich?<br>Oh no, no, no, I don't even want to think about such a thing!<br>Let me turn my <UNREVERSED_POKEMON> into its opposite instead!	Qual é o oposto de ser rico?<br>Ah, não, não, não, nem quero pensar numa coisa dessas!<br>Deixa eu transformar meu <UNREVERSED_POKEMON> no oposto dele em vez disso!
fala_antes_batalha	Take this. My bag is so stuffed with Full Restores that it doesn't fit.	Pegue isto. Minha bolsa está tão abarrotada de Full Restores que não cabe.
fala_derrota	Oh baby, say it isn't so!	Ah, querido, diga que não é verdade!
fala_derrota	That comment was unheard of...	Esse comentário foi inédito...
fala_derrota	Urrrggh! My career in crime comes to a dead end!	Urrrgh! Minha carreira no crime chegou a um beco sem saída!
fala_antes_batalha	My buddy brought me these rocks!<br>I just have to show them to you... In a battle!	Meu parceiro me trouxe estas pedras!<br>Eu simplesmente preciso mostrá-las para você... Numa batalha!
fala_antes_batalha	I haven't shown off my Rock Pokémon's full potential!<br>Let's rematch!	Ainda não mostrei todo o potencial dos meus Pokémon do tipo Rock!<br>Vamos à revanche!
fala_antes_batalha	My buddy came back with some more mountain Pokémon for me to try.<br>Want to see my <CAUGHT_POKEMON> in action?	Meu parceiro voltou com mais Pokémon da montanha para eu testar.<br>Quer ver meu <CAUGHT_POKEMON> em ação?
fala_antes_batalha	While I wasn't looking, my <UNEVOLVED_POKEMON> evolved into <EVOLVED_POKEMON>!<br>My buddy is never going to believe this!	Enquanto eu não estava olhando, meu <UNEVOLVED_POKEMON> evoluiu para <EVOLVED_POKEMON>!<br>Meu parceiro nunca vai acreditar nisso!
fala_antes_batalha	My buddy told me I should try fusing <HEAD_POKEMON> and <BODY_POKEMON>...<br>Let's see how strong they became!	Meu parceiro disse que eu devia tentar fundir o <HEAD_POKEMON> e o <BODY_POKEMON>...<br>Vamos ver o quanto eles ficaram fortes!
fala_antes_batalha	The more Pokémon the better, so I told my buddy to unfuse <UNFUSED_POKEMON>!<br>Hopefully my intuition was right!	Quanto mais Pokémon melhor, então eu disse ao meu parceiro para desfazer a fusão do <UNFUSED_POKEMON>!<br>Tomara que minha intuição estivesse certa!
fala_antes_batalha	My buddy wanted me to reverse <UNREVERSED_POKEMON>!<br><REVERSED_POKEMON> looks ready to fight!	Meu parceiro queria que eu invertesse o <UNREVERSED_POKEMON>!<br>O <REVERSED_POKEMON> parece pronto para lutar!
fala_antes_batalha	My buddy wanted to give you this as thanks for fighting their Pokémon!	Meu parceiro queria te dar isto como agradecimento por enfrentar os Pokémon dele!
fala_derrota	You just keep getting better!	Você só melhora!
fala_antes_batalha	Check out my gnarly catch!	Olha só que pesca radical!
fala_antes_batalha	If you can't find the Pokémon you're looking for while fishing, try a different spot.	Se não encontrar o Pokémon que procura pescando, tente outro lugar.
fala_antes_batalha	Want to see my newest catch? I'll even allow you to fight it.	Quer ver minha pesca mais recente? Até deixo você lutar contra ela.
fala_antes_batalha	The bigger fish are hard to get out of the water.<br>That's why I catch the small ones and then raise them up.	Os peixes maiores são difíceis de tirar da água.<br>Por isso eu pego os pequenos e depois os crio.
fala_antes_batalha	Fusing Pokémon is like catching two birds with one stone. Or... two fish with one hook?	Fundir Pokémon é como matar dois coelhos com uma cajadada só. Ou... pescar dois peixes com um anzol só?
fala_antes_batalha	My wife laughed at me when I came home with only one catch.<br>But the look on her face when I turned it into two before her eyes was priceless!	Minha esposa riu de mim quando cheguei em casa com uma pesca só.<br>Mas a cara dela quando eu a transformei em duas bem na frente dela não teve preço!
fala_antes_batalha	With my <REVERSED_POKEMON>, I will get a cool win!	Com meu <REVERSED_POKEMON>, vou conseguir uma vitória tranquila!
fala_antes_batalha	Sometimes you fish up the weirdest stuff. Can you believe that I had this thing on my hook?	Às vezes a gente pesca as coisas mais estranhas. Acredita que isto estava no meu anzol?
fala_derrota	I didn't say anything about fighting, did I?!	Eu não falei nada sobre lutar, falei?!
fala_derrota	One day I will find the fishing spot with the rarest Pokémon!	Um dia vou encontrar o ponto de pesca com os Pokémon mais raros!
fala_antes_batalha	I can't keep these Wingull off of my fish!	Não consigo afastar esses Wingull dos meus peixes!
fala_antes_batalha	Let's have a- Agh! Pleh! I got feathers in my mouth!<br>You know what I mean, right?	Vamos ter uma- Argh! Pleh! Entrou pena na minha boca!<br>Você entendeu, né?
fala_antes_batalha	Maybe the Wingull won't bother my new <CAUGHT_POKEMON>...	Talvez os Wingull não incomodem meu novo <CAUGHT_POKEMON>...
fala_antes_batalha	Ever since my <UNEVOLVED_POKEMON> evolved, the Wingull have been pestering us more than ever!	Desde que meu <UNEVOLVED_POKEMON> evoluiu, os Wingull estão nos importunando mais do que nunca!
fala_antes_batalha	Oop! That Wingull knocked my DNA Splicer away! Wait, did my <HEAD_POKEMON> and <BODY_POKEMON> fuse?	Opa! Aquele Wingull derrubou meu DNA Splicer! Espera, meu <HEAD_POKEMON> e meu <BODY_POKEMON> se fundiram?
fala_antes_batalha	Maybe the Wingull are doing this because my Pokémon are fused. I'll try unfusing my <UNFUSED_POKEMON> and see if that helps at all...	Talvez os Wingull estejam fazendo isso porque meus Pokémon estão fundidos. Vou tentar desfazer a fusão do meu <UNFUSED_POKEMON> e ver se ajuda...
fala_antes_batalha	Maybe if I reverse my Pokémon, the Wingull won't recognize them anymore.	Talvez, se eu inverter meus Pokémon, os Wingull não os reconheçam mais.
fala_antes_batalha	AAHKYAW! Oh, I've been around these Wingull so much that even my sneezes are starting to sound like them.<br>Here, maybe if you take this, they'll follow you and leave me alone.	AAHKYAW! Ah, passei tanto tempo perto desses Wingull que até meus espirros estão começando a soar como eles.<br>Aqui, talvez se você pegar isto, eles te sigam e me deixem em paz.
fala_derrota	That wasn't fair! The Wingull kept getting in my way!	Isso não foi justo! Os Wingull ficaram atrapalhando!
fala_derrota	Maybe I should just accept that the Wingull are here to stay...	Talvez eu deva aceitar que os Wingull vieram para ficar...
fala_derrota	You won't have any problem going down there!	Você não vai ter problema nenhum para descer lá!
fala_antes_batalha	Brawn over brains! Hiyiahh!	Músculos acima do cérebro! Hiyiahh!
fala_antes_batalha	Hiyiahh! My head keeps spinning! Is that normal?	Hiyiahh! Minha cabeça não para de girar! Isso é normal?
fala_antes_batalha	My motto is "Don't think and just do!"<br>When I saw this <CAUGHT_POKEMON>, I just caught it.	Meu lema é "Não pense, só faça!"<br>Quando vi este <CAUGHT_POKEMON>, simplesmente o capturei.
fala_antes_batalha	My <EVOLVED_POKEMON> evolved!<br>This wouldn't have been possible if we had wasted time overthinking it!	Meu <EVOLVED_POKEMON> evoluiu!<br>Isso não teria sido possível se tivéssemos perdido tempo pensando demais!
fala_antes_batalha	I fused my Pokémon.<br>Why did I do it? Dunno, I didn't think about it.	Fundi meus Pokémon.<br>Por que fiz isso? Sei lá, não pensei.
fala_antes_batalha	I unfused my Pokémon.<br>Why did I do it? Dunno, I didn't think about it.	Desfiz a fusão dos meus Pokémon.<br>Por que fiz isso? Sei lá, não pensei.
fala_antes_batalha	I reversed my fusion.<br>Why did I do it? Dunno, I didn't think about it.	Inverti minha fusão.<br>Por que fiz isso? Sei lá, não pensei.
fala_antes_batalha	Don't think. Just take it.<br>Hiyiahh! In the name of friendship!	Não pense. Só pegue.<br>Hiyiahh! Em nome da amizade!
fala_derrota	Hiyiaaahhh- Huh?!	Hiyiaaahhh- Hã?!
fala_derrota	Hiyiaaahhh- Ouch... Maybe I should check my head?	Hiyiaaahhh- Ai... Talvez eu deva examinar minha cabeça?
fala_antes_batalha	To hone the body, you must hone the mind!	Para aprimorar o corpo, é preciso aprimorar a mente!
fala_antes_batalha	My Pokémon might be blind, but that just enhances its other senses!	Meu Pokémon pode ser cego, mas isso só aguça os outros sentidos dele!
fala_antes_batalha	My new <CAUGHT_POKEMON> is ready to train with me!	Meu novo <CAUGHT_POKEMON> está pronto para treinar comigo!
fala_antes_batalha	Yeeeha! My <EVOLVED_POKEMON> got so much stronger after honing both body and mind!	Iiiirrá! Meu <EVOLVED_POKEMON> ficou muito mais forte depois de aprimorar corpo e mente!
fala_antes_batalha	Do you think combining two Pokémon also doubles the size of their mind?	Você acha que juntar dois Pokémon também dobra o tamanho da mente deles?
fala_antes_batalha	To gain strength, you need to grow in numbers.<br>That is one of the drawbacks of Pokémon fusions.	Para ganhar força, é preciso crescer em número.<br>Essa é uma das desvantagens das fusões de Pokémon.
fala_antes_batalha	Maybe my <REVERSED_POKEMON> can see better now that <HEAD_POKEMON> took the helm.	Talvez meu <REVERSED_POKEMON> enxergue melhor agora que o <HEAD_POKEMON> assumiu o comando.
fala_antes_batalha	This is my favorite item. But by giving it to you, I will strengthen my mind and willpower.	Este é meu item favorito. Mas, ao dá-lo a você, vou fortalecer minha mente e minha força de vontade.
fala_derrota	I can't see a thing!	Não consigo enxergar nada!
fala_derrota	Why did my Pokémon not see that attack coming?!	Por que meu Pokémon não viu aquele ataque chegando?!
fala_antes_batalha	So you think you can take this sea dog on, eh?	Então você acha que consegue enfrentar este lobo do mar, é?
fala_antes_batalha	Did you know that some rodent Pokémon can swim across the ocean?<br>I think that's how they populated some of the islands.	Sabia que alguns Pokémon roedores conseguem atravessar o oceano nadando?<br>Acho que foi assim que eles povoaram algumas das ilhas.
fala_antes_batalha	This <CAUGHT_POKEMON> looked lost as it drifted across the ocean, so I took it in.	Este <CAUGHT_POKEMON> parecia perdido, à deriva pelo oceano, então eu o acolhi.
fala_antes_batalha	If my <EVOLVED_POKEMON> keeps growing like this, it will soon rule over the seven seas!	Se meu <EVOLVED_POKEMON> continuar crescendo assim, logo vai reinar sobre os sete mares!
fala_antes_batalha	The place where two oceans meet is called a marine convergence zone.<br>Allow me to show you my Pokémon convergence zone!	O lugar onde dois oceanos se encontram se chama zona de convergência marinha.<br>Permita-me te mostrar minha zona de convergência Pokémon!
fala_antes_batalha	Sometimes the ocean currents make you drift apart.<br>My <UNFUSED_POKEMON> were hit by one such current, it seems.	Às vezes as correntes oceânicas fazem as coisas se afastarem.<br>Parece que meu <UNFUSED_POKEMON> foi atingido por uma dessas correntes.
fala_antes_batalha	The ebb and flow... Two total opposites...<br>Just like my <REVERSED_POKEMON>.	O fluxo e o refluxo... Dois opostos totais...<br>Igual ao meu <REVERSED_POKEMON>.
fala_antes_batalha	I found this at the beach earlier. I wonder who it belonged to...	Achei isto na praia mais cedo. Fico imaginando de quem era...
fala_derrota	I feel like I'm lost at sea!	Sinto que estou perdido no mar!
fala_derrota	Oh, ocean waves, carry me far away from here...	Ah, ondas do oceano, me levem para bem longe daqui...
fala_antes_batalha	A-ha, watch out for my pincers!	Rá-rá, cuidado com minhas pinças!
fala_antes_batalha	My pincers are still ready for battle!	Minhas pinças continuam prontas para a batalha!
fala_antes_batalha	I caught a <CAUGHT_POKEMON>! It'll do in a pinch!	Capturei um <CAUGHT_POKEMON>! Ele serve para um aperto!
fala_antes_batalha	A-ha! My <UNEVOLVED_POKEMON> evolved! Now we can defeat you chop-chop!	Rá-rá! Meu <UNEVOLVED_POKEMON> evoluiu! Agora podemos te derrotar num piscar de olhos!
fala_antes_batalha	I pinched my <HEAD_POKEMON> and <BODY_POKEMON> together to discover a new species for battle!	Juntei meu <HEAD_POKEMON> e meu <BODY_POKEMON> numa pinçada para descobrir uma nova espécie para batalhar!
fala_antes_batalha	Now that my <UNFUSED_POKEMON> has come apart, we can use the ultimate pincer maneuver on you!	Agora que meu <UNFUSED_POKEMON> se separou, podemos usar a manobra de pinça definitiva em você!
fala_antes_batalha	My Pokémon pinched a DNA Reverser from me! Now look at it!	Meu Pokémon me furtou um DNA Reverser! Agora olha só ele!
fala_antes_batalha	Always take advice with a pinch of salt.<br>What? You don't want any salt? Fine, take this instead.	Sempre aceite conselhos com uma pitada de sal.<br>O quê? Não quer sal? Tudo bem, pegue isto em vez disso.
fala_derrota	I pinched myself!	Me belisquei!
fala_derrota	Ow! I pinched myself again! These are dangerous!	Ai! Me belisquei de novo! Essas coisas são perigosas!
fala_antes_batalha	You're disturbing my training session!	Você está atrapalhando minha sessão de treino!
fala_antes_batalha	Meditation is also a type of training.<br>Want me to show you how it is done?	Meditação também é um tipo de treino.<br>Quer que eu te mostre como se faz?
fala_antes_batalha	While I was meditating, a <CAUGHT_POKEMON> came by and joined me.<br>Now it is always by my side.	Enquanto eu meditava, um <CAUGHT_POKEMON> apareceu e se juntou a mim.<br>Agora ele está sempre ao meu lado.
fala_antes_batalha	My <EVOLVED_POKEMON> evolved while we were meditating.<br>I only noticed when I opened my eyes again.	Meu <EVOLVED_POKEMON> evoluiu enquanto meditávamos.<br>Só percebi quando abri os olhos de novo.
fala_antes_batalha	Someone threw a DNA Splicer at my <HEAD_POKEMON> and <BODY_POKEMON> while we were meditating...<br>I bet it was Brawly... He always tries to mess with us during our training.	Alguém jogou um DNA Splicer no meu <HEAD_POKEMON> e no meu <BODY_POKEMON> enquanto meditávamos...<br>Aposto que foi o Brawly... Ele sempre tenta mexer com a gente durante o treino.
fala_antes_batalha	To master meditation means to master adaptability. That's why I decided to unfuse my Pokémon and give them a challenge.	Dominar a meditação significa dominar a adaptabilidade. Por isso decidi desfazer a fusão dos meus Pokémon e dar um desafio a eles.
fala_antes_batalha	To master meditation means to master adaptability. That's why I decided to reverse my fusion and give it a challenge.	Dominar a meditação significa dominar a adaptabilidade. Por isso decidi inverter minha fusão e dar um desafio a ela.
fala_antes_batalha	Ah, my meditation partner!<br>I have a present for you, as a token of my appreciation.	Ah, meu parceiro de meditação!<br>Tenho um presente para você, como sinal da minha gratidão.
fala_derrota	My training is not enough!	Meu treino não é suficiente!
fala_derrota	Hey, I only got my Pokémon out to meditate! Don't just attack them!	Ei, eu só tirei meus Pokémon para meditar! Não saia atacando!
fala_antes_batalha	Fighting type strongest! It is known!	Tipo Fighting mais forte! Isso é sabido!
fala_antes_batalha	Training make muscles bigger. It is known.	Treino deixa músculo maior. Isso é sabido.
fala_antes_batalha	New partner is like new fist. It is known.	Parceiro novo é como punho novo. Isso é sabido.
fala_antes_batalha	Evolved partner is like bigger fist. It is known.	Parceiro evoluído é como punho maior. Isso é sabido.
fala_antes_batalha	Fused partner is like double fist. It is known.	Parceiro fundido é como punho duplo. Isso é sabido.
fala_antes_batalha	Unfused partner is like two fists. It is known.	Parceiro separado é como dois punhos. Isso é sabido.
fala_antes_batalha	Reversed partner is like using other fist. It is known.	Parceiro invertido é como usar outro punho. Isso é sabido.
fala_antes_batalha	Thing is known. Here is thing.	Coisa é sabida. Aqui coisa.
fala_derrota	You stronger. Is known thing.	Você mais forte. É coisa sabida.
fala_derrota	Defeat make mind stronger. Is known thing.	Derrota deixa mente mais forte. É coisa sabida.
fala_antes_batalha	Do you want to train with me before you go on?	Quer treinar comigo antes de seguir em frente?
fala_antes_batalha	Last time I went surfing, I wiped out next to this <CAUGHT_POKEMON>. It seemed pretty eager to fight, so I took it onto my team!	A última vez que fui surfar, levei um caldo do lado deste <CAUGHT_POKEMON>. Ele parecia bem ansioso para lutar, então o coloquei no meu time!
fala_antes_batalha	My Pokémon evolved, and its strength is totally gnarly! Let's see if you can beat this!	Meu Pokémon evoluiu, e a força dele é totalmente radical! Vamos ver se você consegue vencer isso!
fala_antes_batalha	This is a mondo strong fusion. My <HEAD_POKEMON> and <BODY_POKEMON> fused after training hard!	Esta é uma fusão superforte. Meu <HEAD_POKEMON> e meu <BODY_POKEMON> se fundiram depois de treinar pesado!
fala_antes_batalha	I discovered the secret of true power by staring at a Helix Fossil for days and days... I unfused my <UNFUSED_POKEMON> so we could have more eyes on it at a time.	Descobri o segredo do verdadeiro poder encarando um Helix Fossil por dias e dias... Desfiz a fusão do meu <UNFUSED_POKEMON> para termos mais olhos nele ao mesmo tempo.
fala_antes_batalha	I took my Pokémon surfing, and we did a tubular kickflip together. When we got back on shore, I saw that my <UNREVERSED_POKEMON> had reversed!<br>Did someone drop a DNA Reverser in the water?	Levei meus Pokémon para surfar, e fizemos um kickflip irado juntos. Quando voltamos para a praia, vi que meu <UNREVERSED_POKEMON> tinha se invertido!<br>Alguém deixou cair um DNA Reverser na água?
fala_antes_batalha	I kept this from my old training sessions in Kanto with a good friend of mine there. I think you'll make better use of it, though.	Guardei isto dos meus treinos antigos em Kanto com um grande amigo de lá. Mas acho que você vai aproveitar melhor.
fala_derrota	Woah, wow! You swamped me!	Uau, uau! Você me afogou!
fala_derrota	Woah, you're getting better and better!	Uau, você está ficando cada vez melhor!
fala_antes_batalha	I've laid anchor in ports around the world, but Slateport's the best.	Já lancei âncora em portos do mundo todo, mas Slateport é o melhor.
fala_antes_batalha	In the best port was the best Trainer. No surprise here!	No melhor porto estava o melhor Treinador. Nenhuma surpresa!
fala_antes_batalha	I've sailed around the world, but the <CAUGHT_POKEMON> around Slateport City are something else. I just had to catch one!	Já naveguei pelo mundo todo, mas os <CAUGHT_POKEMON> perto de Slateport City são outra coisa. Eu simplesmente tive que capturar um!
fala_antes_batalha	It's so easy to evolve Pokémon while you're in Slateport City. I think it's the sea air that does it. Check it out!	É tão fácil evoluir Pokémon em Slateport City. Acho que é o ar do mar. Olha só!
fala_antes_batalha	Ah! One of the best things about traveling is fusing your Pokémon with some of the local ones, like I just did. Check it out!	Ah! Uma das melhores coisas de viajar é fundir seus Pokémon com alguns dos locais, como acabei de fazer. Olha só!
fala_antes_batalha	After traveling to many ports, I've learned that sometimes a fusion works better in one place than other. <UNFUSED_POKEMON> will be better unfused.	Depois de passar por muitos portos, aprendi que às vezes uma fusão funciona melhor num lugar do que em outro. O <UNFUSED_POKEMON> vai ficar melhor separado.
fala_antes_batalha	You gotta be prepared for anything when you sail the seas! Always keep a DNA Reverser handy to reverse Pokémon when you need to.	Você precisa estar preparado para tudo quando navega pelos mares! Sempre tenha um DNA Reverser à mão para inverter Pokémon quando precisar.
fala_antes_batalha	<PLAYER_NAME>! I brought this back from my travels. I think you should have it!	<PLAYER_NAME>! Trouxe isto das minhas viagens. Acho que você devia ficar com ele!
fala_derrota	You're the best!	Você é o melhor!
fala_derrota	Bested again!	Superado de novo!
fala_antes_batalha	I'm thirsty! Give me a Soda Pop!	Estou com sede! Me dá um Soda Pop!
fala_antes_batalha	How about if I beat you in a rematch, you owe me a Soda Pop!	Que tal: se eu te vencer na revanche, você me deve um Soda Pop!
fala_antes_batalha	I caught a <CAUGHT_POKEMON> all by myself! You gotta give IT a Soda Pop, too, now!	Capturei um <CAUGHT_POKEMON> sozinho! Agora você também tem que dar um Soda Pop para ELE!
fala_antes_batalha	Woohoo! <UNEVOLVED_POKEMON> evolved! You should give me a Soda Pop to celebrate!	Uhuul! O <UNEVOLVED_POKEMON> evoluiu! Você devia me dar um Soda Pop para comemorar!
fala_antes_batalha	Okay.. Will you finally give me that Soda Pop if I fuse two of my Pokémon?<br>No? Well, too late!	Tá bom.. Você finalmente vai me dar aquele Soda Pop se eu fundir dois dos meus Pokémon?<br>Não? Bom, tarde demais!
fala_antes_batalha	Fine... If you won't give me a Soda Pop, then I'll unfuse <UNFUSED_POKEMON>. That's on you!	Tudo bem... Se você não vai me dar um Soda Pop, vou desfazer a fusão do <UNFUSED_POKEMON>. A culpa é sua!
fala_antes_batalha	Here, <UNREVERSED_POKEMON>. Have a sip of Soda Pop...<br>Oh, snap! That was a DNA Reverser!	Aqui, <UNREVERSED_POKEMON>. Tome um golinho de Soda Pop...<br>Ah, droga! Era um DNA Reverser!
fala_antes_batalha	Let's do a trade! I'll give you this if you promise to give me a Soda Pop in exchange!	Vamos fazer uma troca! Te dou isto se você prometer me dar um Soda Pop em troca!
fala_derrota	Wahhhh, I want a Soda Pop!	Buááá, eu quero um Soda Pop!
fala_derrota	Wahhhh! Give it to me!	Buááá! Me dá!
fala_antes_batalha	Urrrrpppp...<br>Battle? With me?	Urrrrpppp...<br>Batalha? Comigo?
fala_antes_batalha	I'm usually stronger than this! I was just seasick as a dog!<br>I'm feeling a bit better now, though, so what do you say?	Normalmente sou mais forte que isso! É que eu estava mareado feito um cachorro!<br>Mas agora estou me sentindo um pouco melhor, então o que me diz?
fala_antes_batalha	Urrrpp... I found a <CAUGHT_POKEMON> washed up earlier... Thought it was seashells at first.	Urrrpp... Achei um <CAUGHT_POKEMON> trazido pelas ondas mais cedo... No começo achei que eram conchas.
fala_antes_batalha	Urghh... <UNEVOLVED_POKEMON> evolved to keep me safe while I'm sick.	Urghh... O <UNEVOLVED_POKEMON> evoluiu para me proteger enquanto estou doente.
fala_antes_batalha	Urrppp... Do you think it would help me feel better if I fused <HEAD_POKEMON> and <BODY_POKEMON>?	Urrppp... Você acha que eu me sentiria melhor se fundisse o <HEAD_POKEMON> e o <BODY_POKEMON>?
fala_antes_batalha	Did <UNFUSED_POKEMON> unfuse? Urghh.. I'm so sick that I can't keep up with my own Pokémon.	O <UNFUSED_POKEMON> se separou? Urghh.. Estou tão enjoado que não consigo acompanhar meus próprios Pokémon.
fala_antes_batalha	Urrpp... Is it my head spinning, or did <UNREVERSED_POKEMON> reverse itself?	Urrpp... É minha cabeça que está girando, ou o <UNREVERSED_POKEMON> se inverteu sozinho?
fala_antes_batalha	Urppp... I found this on the beach, but I can't stand looking at it while I'm sick. Please take it!	Urppp... Achei isto na praia, mas não aguento olhar para ele enquanto estou enjoado. Por favor, pegue!
fala_derrota	Urp... Oooooohhhh... Urrrrrpppp...	Urp... Uuuuuhhhh... Urrrrrpppp...
fala_derrota	Urrrrp.... I'm getting sick again!	Urrrrp.... Estou ficando enjoado de novo!
fala_antes_batalha	Doesn't an umbrella look like a giant flower?	Um guarda-sol não parece uma flor gigante?
fala_antes_batalha	When I have an inner tube, me and my Pokémon's cuteness goes way up! I'll prove it to you!	Quando estou com minha boia, a fofura minha e dos meus Pokémon aumenta muito! Vou te provar!
fala_antes_batalha	Look at this <CAUGHT_POKEMON> I caught! I should get it its own tube!	Olha este <CAUGHT_POKEMON> que capturei! Eu devia arrumar uma boia só para ele!
fala_antes_batalha	Uh-oh! <UNEVOLVED_POKEMON> is gonna need a bigger tube now that it evolved!	Ih! O <UNEVOLVED_POKEMON> vai precisar de uma boia maior agora que evoluiu!
fala_antes_batalha	<HEAD_POKEMON> and <BODY_POKEMON> both wanted to go on the same tube.<br>They fused together so that they would fit!	O <HEAD_POKEMON> e o <BODY_POKEMON> queriam ficar na mesma boia.<br>Eles se fundiram para caber!
fala_antes_batalha	<UNFUSED_POKEMON> fell off its tube and unfused!	O <UNFUSED_POKEMON> caiu da boia e se separou!
fala_antes_batalha	Woops! <UNREVERSED_POKEMON> flipped its tube upside down while playing in the waves! Looks like the fusion flipped too!	Opa! O <UNREVERSED_POKEMON> virou a boia de cabeça para baixo brincando nas ondas! Parece que a fusão virou também!
fala_antes_batalha	Mommy gave me this... But I don't want it, so take it!	A mamãe me deu isto... Mas eu não quero, então pega!
fala_derrota	Mommy!	Mamãe!
fala_derrota	Still cute!	Continuo fofo!
fala_antes_batalha	We're going to get all the sand from the beach and make a big castle!	Vamos juntar toda a areia da praia e fazer um castelo enorme!
fala_antes_batalha	We'll be the king and queen of the castle, but you can be a servant.	Nós vamos ser o rei e a rainha do castelo, mas você pode ser um servo.
fala_antes_batalha	I found another servant for our castle! It's a <CAUGHT_POKEMON>!	Encontrei outro servo para o nosso castelo! É um <CAUGHT_POKEMON>!
fala_antes_batalha	Woah! <UNEVOLVED_POKEMON> evolved!<br>It's no longer a servant; now it's royalty like me!	Uau! O <UNEVOLVED_POKEMON> evoluiu!<br>Ele não é mais um servo; agora é da realeza como eu!
fala_antes_batalha	Servant, look at this! Two of my Pokémon fused together!	Servo, olhe isto! Dois dos meus Pokémon se fundiram!
fala_antes_batalha	We need more servants for the castle! Let's unfuse <UNFUSED_POKEMON>!	Precisamos de mais servos para o castelo! Vamos desfazer a fusão do <UNFUSED_POKEMON>!
fala_antes_batalha	I commanded <UNREVERSED_POKEMON> to reverse itself! Royal servants must obey!	Ordenei que o <UNREVERSED_POKEMON> se invertesse! Servos reais devem obedecer!
fala_antes_batalha	You've been a loyal servant to the king and I. You deserve a royal reward!	Você tem sido um servo leal ao rei e a mim. Merece uma recompensa real!
fala_derrota	We need more sand!	Precisamos de mais areia!
fala_derrota	Humph... That's not how a servant should behave!	Hunf... Não é assim que um servo deve se comportar!
fala_antes_batalha	The castle keeps getting destroyed by the waves! It's never-ending work!	As ondas não param de destruir o castelo! É um trabalho sem fim!
fala_antes_batalha	It's okay if the castle gets taken by the waves; building the castle is the most fun part!	Tudo bem se as ondas levarem o castelo; construir é a parte mais divertida!
fala_antes_batalha	Huh? There was a <CAUGHT_POKEMON> inside the castle this whole time!	Hã? Tinha um <CAUGHT_POKEMON> dentro do castelo esse tempo todo!
fala_antes_batalha	Our sandcastle is taking so long to make that <UNEVOLVED_POKEMON> had the time to evolve!	Nosso castelo de areia está demorando tanto que o <UNEVOLVED_POKEMON> teve tempo de evoluir!
fala_antes_batalha	Maybe if I fuse <HEAD_POKEMON> with <BODY_POKEMON>, it'll be better at guarding the castle.	Talvez, se eu fundir o <HEAD_POKEMON> com o <BODY_POKEMON>, ele fique melhor em proteger o castelo.
fala_antes_batalha	I need more guards for the castle!<br>I know, I'll just unfuse <UNFUSED_POKEMON>!	Preciso de mais guardas para o castelo!<br>Já sei, é só desfazer a fusão do <UNFUSED_POKEMON>!
fala_antes_batalha	I reversed <UNREVERSED_POKEMON>, but now it's guarding the wrong side of the castle!	Inverti o <UNREVERSED_POKEMON>, mas agora ele está guardando o lado errado do castelo!
fala_antes_batalha	Hey! I found this inside the castle... You can have it!	Ei! Achei isto dentro do castelo... Pode ficar com você!
fala_derrota	Building castles is easier than battling!	Construir castelos é mais fácil que batalhar!
fala_derrota	Let's do it again!	Vamos de novo!
fala_antes_batalha	Hey! Hey, hey, hey! What's the deal? Are you after my Soda Pop?	Ei! Ei, ei, ei! Qual é a sua? Está atrás do meu Soda Pop?
fala_antes_batalha	I'm always up for another fight, sailor! Want to give it a go?	Estou sempre pronto para outra luta, marujo! Quer tentar?
fala_antes_batalha	I gave <UNEVOLVED_POKEMON> a sip of my Soda Pop and it evolved! Coincidence? I think not!	Dei um gole do meu Soda Pop ao <UNEVOLVED_POKEMON> e ele evoluiu! Coincidência? Acho que não!
fala_antes_batalha	I fused my Pokémon, and now I'm ready to head out to sea again!	Fundi meus Pokémon, e agora estou pronto para voltar ao mar!
fala_antes_batalha	<UNFUSED_POKEMON> is now unfused. Two crewmates are better than one!	O <UNFUSED_POKEMON> agora está separado. Dois tripulantes são melhores que um!
fala_antes_batalha	<UNREVERSED_POKEMON> drank too many Soda Pops and got confused. Now it's a <REVERSED_POKEMON>!	O <UNREVERSED_POKEMON> bebeu Soda Pop demais e ficou confuso. Agora é um <REVERSED_POKEMON>!
fala_antes_batalha	Here, sailor! This is no Soda Pop, but it'll do!	Aqui, marujo! Não é Soda Pop, mas serve!
fala_derrota	I'm not giving it to you!	Não vou te dar!
fala_derrota	Time for another Soda Pop!	Hora de outro Soda Pop!
fala_antes_batalha	Ahh, Soda Pops are so refreshing!	Ahh, Soda Pop é tão refrescante!
fala_antes_batalha	Another battle? Sure, just let me take a quick sip first!	Outra batalha? Claro, só me deixe tomar um golinho antes!
fala_antes_batalha	<CAUGHT_POKEMON> joined my team! It must've been attracted by all the Soda Pops I've been drinking!	O <CAUGHT_POKEMON> entrou no meu time! Deve ter sido atraído por todo o Soda Pop que ando bebendo!
fala_antes_batalha	Oh? <UNEVOLVED_POKEMON> evolved? It must be because of the the fresh sea air!	Ah? O <UNEVOLVED_POKEMON> evoluiu? Deve ser por causa do ar fresco do mar!
fala_antes_batalha	Isn't it neat? I fused <HEAD_POKEMON> with <BODY_POKEMON>. It's like mixing Soda Pop flavors!	Não é legal? Fundi o <HEAD_POKEMON> com o <BODY_POKEMON>. É como misturar sabores de Soda Pop!
fala_antes_batalha	<UNFUSED_POKEMON> wanted more Soda Pop, so it unfused itself to get a second drink. That trickster!	O <UNFUSED_POKEMON> queria mais Soda Pop, então se separou para ganhar uma segunda bebida. Que espertinho!
fala_antes_batalha	Uh? Didn't <REVERSED_POKEMON> use to be a <UNREVERSED_POKEMON>?	Hã? O <REVERSED_POKEMON> não era um <UNREVERSED_POKEMON>?
fala_antes_batalha	I tried buying a Soda Pop from the vending machine, but this came out instead!	Tentei comprar um Soda Pop na máquina de venda, mas saiu isto no lugar!
fala_derrota	Now I'm thirsty again!	Agora estou com sede de novo!
fala_derrota	Whew, I'm all thirsty. Maybe I'll have a Soda Pop.	Ufa, estou com muita sede. Talvez eu tome um Soda Pop.
fala_antes_batalha	I got a Soda Pop for me and for my Pokémon!	Peguei um Soda Pop para mim e para o meu Pokémon!
fala_antes_batalha	Let's fight again! But don't cry if you lose.	Vamos lutar de novo! Mas não chore se perder.
fala_antes_batalha	I went out and caught a <CAUGHT_POKEMON> on the beach!	Saí e capturei um <CAUGHT_POKEMON> na praia!
fala_antes_batalha	Woah! <UNEVOLVED_POKEMON> is so big now!!	Uau! O <UNEVOLVED_POKEMON> está enorme agora!!
fala_antes_batalha	My Pokémon are best friends now, so they decided to fuse!	Meus Pokémon agora são melhores amigos, então decidiram se fundir!
fala_antes_batalha	Sniff.. I didn't mean to unfuse <UNFUSED_POKEMON>...	Snif.. Eu não queria desfazer a fusão do <UNFUSED_POKEMON>...
fala_antes_batalha	Heehee, I made my Pokémon switch places! They look silly like that!	Hihi, fiz meus Pokémon trocarem de lugar! Eles ficam engraçados assim!
fala_antes_batalha	<PLAYER_NAME>! I've been saving up so that I could get you this.	<PLAYER_NAME>! Juntei dinheiro para poder te dar isto.
fala_derrota	I lost, but I won't cry....	Perdi, mas não vou chorar....
fala_derrota	Waahhh!	Buááá!
fala_derrota	What!?	O quê!?
fala_derrota	Whoa!	Uau!
fala_derrota	Could it be?!	Será possível?!
fala_derrota	How!?	Como!?
fala_derrota	Ahahahaha! You're disgustingly strong!	Ahahahaha! Você é absurdamente forte!
fala_derrota	Team Aqua will prevail!	A Team Aqua vai prevalecer!
fala_derrota	Shelly, help!	Shelly, socorro!
fala_derrota	Team Magma will prevail!	A Team Magma vai prevalecer!
fala_derrota	Hehehe... So I lost...	Hehehe... Então eu perdi...
fala_antes_batalha	Did you feel the tug of our soul-soothing fragrance?	Você sentiu o chamado da nossa fragrância relaxante?
fala_antes_batalha	Aromatherapy can heal your body and mind.	A aromaterapia pode curar o corpo e a mente.
fala_antes_batalha	The scent of a new Pokémon always brings a fresh harmony to the air.<br>Would you like to meet my new friend?	O perfume de um Pokémon novo sempre traz uma harmonia fresca ao ar.<br>Gostaria de conhecer meu novo amigo?
fala_antes_batalha	Ah! <UNEVOLVED_POKEMON>'s aroma has blossomed beautifully!	Ah! O aroma do <UNEVOLVED_POKEMON> desabrochou lindamente!
fala_antes_batalha	When two Pokémon blend into one, their fragrances intertwine into something enchanting.	Quando dois Pokémon se misturam em um, suas fragrâncias se entrelaçam em algo encantador.
fala_antes_batalha	Unfused again, <HEAD_POKEMON> and <BODY_POKEMON> release distinct aromas.	Separados de novo, <HEAD_POKEMON> e <BODY_POKEMON> liberam aromas distintos.
fala_antes_batalha	A reversed fusion shifts the bouquet entirely. Unexpected, yet delightful.	Uma fusão invertida muda totalmente o buquê. Inesperado, mas delicioso.
fala_antes_batalha	Every item has its own distinct smell. The fragrance of this one is quite exquisite!	Cada item tem seu próprio cheiro. A fragrância deste é bem requintada!
fala_derrota	You weren't led astray by our aroma...	Você não se deixou levar pelo nosso aroma...
fala_derrota	You still cut through our fragrance with ease...	Você continua atravessando nossa fragrância com facilidade...
fala_antes_batalha	I'm Amy. And this is my big sister, Liv.<br>We battle together!	Eu sou a Amy. E esta é minha irmã mais velha, a Liv.<br>Batalhamos juntas!
fala_antes_batalha	The two of us together make one! We're better when we battle together!	Nós duas juntas somos uma só! Somos melhores quando batalhamos juntas!
fala_antes_batalha	Liv caught a <CAUGHT_POKEMON> and gave it to me! That's why she's the best sister!	A Liv capturou um <CAUGHT_POKEMON> e me deu! É por isso que ela é a melhor irmã!
fala_antes_batalha	Look, Liv! <UNEVOLVED_POKEMON> grew up!	Olha, Liv! O <UNEVOLVED_POKEMON> cresceu!
fala_antes_batalha	<HEAD_POKEMON> and <BODY_POKEMON> fused together. Now they'll be in sync just like Liv and I!	<HEAD_POKEMON> e <BODY_POKEMON> se fundiram. Agora eles vão estar em sintonia igual a mim e à Liv!
fala_antes_batalha	<HEAD_POKEMON> and <BODY_POKEMON> don't need to be fused to be in sync! Look!	<HEAD_POKEMON> e <BODY_POKEMON> não precisam estar fundidos para estar em sintonia! Olha!
fala_antes_batalha	Reversing a fusion changes everything. Liv says it's like a whole new strategy!	Inverter uma fusão muda tudo. A Liv diz que é como uma estratégia totalmente nova!
fala_antes_batalha	I found this for you. Liv wanted to keep it for us, but I think you should have it!	Achei isto para você. A Liv queria guardar para nós, mas acho que você devia ficar com ele!
fala_derrota	Uh-oh, we lost.	Ih, perdemos.
fala_derrota	We lost again, sis.	Perdemos de novo, mana.
fala_antes_batalha	I'm Liv. And this is my little sister, Amy.<br>We battle together!	Eu sou a Liv. E esta é minha irmã mais nova, a Amy.<br>Batalhamos juntas!
fala_antes_batalha	If I could fuse with my sister, I would!!	Se eu pudesse me fundir com a minha irmã, eu me fundiria!!
fala_antes_batalha	I caught a <CAUGHT_POKEMON>. Now, I just need to find another one for my sister.	Capturei um <CAUGHT_POKEMON>. Agora só preciso encontrar outro para a minha irmã.
fala_antes_batalha	Look, Amy! <UNEVOLVED_POKEMON> grew up!	Olha, Amy! O <UNEVOLVED_POKEMON> cresceu!
fala_antes_batalha	Amy likes to fuse Pokémon, so I did the same with <HEAD_POKEMON> and <BODY_POKEMON>!	A Amy gosta de fundir Pokémon, então fiz o mesmo com o <HEAD_POKEMON> e o <BODY_POKEMON>!
fala_antes_batalha	Uh-oh! <HEAD_POKEMON> and <BODY_POKEMON> are out of sync now!	Ih! O <HEAD_POKEMON> e o <BODY_POKEMON> estão fora de sintonia agora!
fala_antes_batalha	Reversing fusions? It's like a mirror battle! Amy and I love it!	Inverter fusões? É como uma batalha no espelho! Eu e a Amy adoramos!
fala_antes_batalha	I found this for you. Amy wanted to keep it for us, but I think you should have it!	Achei isto para você. A Amy queria guardar para nós, mas acho que você devia ficar com ele!
fala_derrota	Amy, I'm sorry!	Amy, desculpa!
fala_derrota	Really, we're a lot better. It's true! We'll show you next time!	Sério, somos muito melhores que isso. É verdade! Vamos te mostrar da próxima vez!
fala_antes_batalha	My Pokémon is delightfully adorable!<br>Don't be shy; I'll show you!	Meu Pokémon é encantadoramente adorável!<br>Não fique com vergonha; eu te mostro!
fala_antes_batalha	You simply gotta come out and look in on my delightful Pokémon again!	Você simplesmente precisa vir ver meus Pokémon encantadores de novo!
fala_antes_batalha	I came across a delightful <CAUGHT_POKEMON>!<br>It might be even more adorable than my other Pokémon. Just look at it!	Encontrei um <CAUGHT_POKEMON> encantador!<br>Talvez seja ainda mais adorável que meus outros Pokémon. Olha só ele!
fala_antes_batalha	Oh, my! <UNEVOLVED_POKEMON> evolved! How delightful!	Minha nossa! O <UNEVOLVED_POKEMON> evoluiu! Que encantador!
fala_antes_batalha	Do you think that <HEAD_POKEMON> would be even more delightful if it were fused with <BODY_POKEMON>? There's only one way to find out!	Você acha que o <HEAD_POKEMON> ficaria ainda mais encantador se fosse fundido com o <BODY_POKEMON>? Só tem um jeito de descobrir!
fala_antes_batalha	No! <HEAD_POKEMON> and <BODY_POKEMON> are simply too delightful to be combined together. They're more adorable separately.	Não! O <HEAD_POKEMON> e o <BODY_POKEMON> são encantadores demais para serem combinados. Eles são mais adoráveis separados.
fala_antes_batalha	I figured out how to make <UNREVERSED_POKEMON> even more delightful. All I had to do was to reverse it!	Descobri como deixar o <UNREVERSED_POKEMON> ainda mais encantador. Era só inverter!
fala_antes_batalha	I found this adooooorable item. I thought of you as soon as I saw it!	Achei este item adooooorável. Pensei em você assim que o vi!
fala_derrota	Oh my gosh! My darling Pokémon!	Ai, meu Deus! Meu Pokémon querido!
fala_derrota	My precious darling!	Meu precioso querido!
fala_antes_batalha	Gah! My fishing line's all snarled up! I'm getting frustrated and mean!	Argh! Minha linha de pesca está toda embolada! Estou ficando frustrado e mal-humorado!
fala_antes_batalha	Gah, I'm still boiling mad... Grrr....	Argh, ainda estou fervendo de raiva... Grrr....
fala_antes_batalha	Aughhh!! I got attacked by a <CAUGHT_POKEMON> while I was trying to fix my line!	Aughhh!! Fui atacado por um <CAUGHT_POKEMON> enquanto tentava consertar minha linha!
fala_antes_batalha	Gahhh! My <UNEVOLVED_POKEMON> evolved... I don't have time for this!	Argh! Meu <UNEVOLVED_POKEMON> evoluiu... Não tenho tempo para isso!
fala_antes_batalha	Gahhh! <BODY_POKEMON> and <HEAD_POKEMON> got tangled up too!	Argh! O <BODY_POKEMON> e o <HEAD_POKEMON> se embolaram também!
fala_antes_batalha	Okay... I untangled <BODY_POKEMON> and <HEAD_POKEMON>... Now to do the same with my fishing line.	Certo... Desembolei o <BODY_POKEMON> e o <HEAD_POKEMON>... Agora fazer o mesmo com a minha linha de pesca.
fala_antes_batalha	Aughh... I tried to untangle <UNREVERSED_POKEMON>, but it's even more tangled than before!	Aughh... Tentei desembolar o <UNREVERSED_POKEMON>, mas ele está ainda mais embolado que antes!
fala_antes_batalha	Arghh! This got stuck in my fishing line. Take it!	Argh! Isto ficou preso na minha linha de pesca. Pegue!
fala_derrota	Gah! Lost it! I'm even more annoyed now!	Argh! Perdi! Agora estou ainda mais irritado!
fala_derrota	You made things worse! My Pokémon are all tangled up with my line now!	Você piorou as coisas! Meus Pokémon estão todos enrolados na minha linha agora!
fala_antes_batalha	Did my guitar's wailing draw you in?	O lamento da minha guitarra te atraiu?
fala_antes_batalha	My one-man show is ruined. I need to practice more!	Meu show solo foi arruinado. Preciso praticar mais!
fala_antes_batalha	I got a new member in my band. Wanna check us out?	Ganhei um novo integrante na minha banda. Quer conferir?
fala_antes_batalha	Woah! My <UNEVOLVED_POKEMON> evolved! What kind of tunes can it play now?	Uau! Meu <UNEVOLVED_POKEMON> evoluiu! Que tipo de som ele vai tocar agora?
fala_antes_batalha	I fused <HEAD_POKEMON> and <BODY_POKEMON>. They'll be my new rhythm section!	Fundi o <HEAD_POKEMON> e o <BODY_POKEMON>. Eles vão ser minha nova cozinha rítmica!
fala_antes_batalha	Check this out: <HEAD_POKEMON> and <BODY_POKEMON> can play even more notes unfused!	Olha só: o <HEAD_POKEMON> e o <BODY_POKEMON> conseguem tocar ainda mais notas separados!
fala_antes_batalha	My Pokémon swapped instruments... We'll have a whole new sound!	Meus Pokémon trocaram de instrumento... Vamos ter um som totalmente novo!
fala_antes_batalha	I found this while I was rocking out. You can have it!	Achei isto enquanto detonava no rock. Pode ficar!
fala_derrota	Woah! The kid can rock!	Uau! O garoto manda bem no rock!
fala_derrota	Practice makes perfect!	A prática leva à perfeição!
fala_antes_batalha	Hahah! Sneak attack!	Rá-rá! Ataque surpresa!
fala_antes_batalha	You gotta make sure you're prepared if you're gonna sneak up on someone.	Você precisa estar preparado se for pegar alguém de surpresa.
fala_antes_batalha	Woah! A <CAUGHT_POKEMON> sneaked up on me!	Uau! Um <CAUGHT_POKEMON> me pegou de surpresa!
fala_antes_batalha	Woah! One of my Pokémon just evolved out of nowhere!	Uau! Um dos meus Pokémon acabou de evoluir do nada!
fala_antes_batalha	Hahah! I sneaked up on my Pokémon and fused them!	Rá-rá! Peguei meus Pokémon de surpresa e os fundi!
fala_antes_batalha	Hahah! I sneaked up on my <UNFUSED_POKEMON> and unfused it!	Rá-rá! Peguei meu <UNFUSED_POKEMON> de surpresa e desfiz a fusão!
fala_antes_batalha	Woah! My Pokémon reversed themselves while I wasn't looking!	Uau! Meus Pokémon se inverteram enquanto eu não estava olhando!
fala_antes_batalha	Woah! This item came out of nowhere! Take it!	Uau! Este item apareceu do nada! Pegue!
fala_derrota	The element of surprise worked against me...	O elemento surpresa jogou contra mim...
fala_derrota	I couldn't see it coming!	Não vi chegando!
fala_antes_batalha	Ahahaha! Fusing two cute Pokémon makes them even cuter!	Ahahaha! Fundir dois Pokémon fofos os deixa ainda mais fofos!
fala_antes_batalha	My Pokémon became even cuter. Allow me to show them off.	Meus Pokémon ficaram ainda mais fofos. Permita-me exibi-los.
fala_antes_batalha	Take a look at my newest cutie! But be warned, it packs quite a punch too!	Dê uma olhada no meu fofinho mais novo! Mas cuidado, ele também bate forte!
fala_antes_batalha	Most Pokémon lose some of their cuteness when they evolve.<br>Not the case with my <EVOLVED_POKEMON>!	A maioria dos Pokémon perde um pouco da fofura quando evolui.<br>Não é o caso do meu <EVOLVED_POKEMON>!
fala_antes_batalha	I experimented with more fusions in the name of cuteness.<br>This is the result!	Fiz experimentos com mais fusões em nome da fofura.<br>Este é o resultado!
fala_antes_batalha	I have realized that cuteness is related to simpleness.<br>That is why I have decided to unfuse my <UNFUSED_POKEMON> again.	Percebi que a fofura está ligada à simplicidade.<br>Por isso decidi desfazer a fusão do meu <UNFUSED_POKEMON> de novo.
fala_antes_batalha	Maybe the other way around is cuter? Hmm...<br>I need a second opinion here. Help me out.	Talvez ao contrário fique mais fofo? Hmm...<br>Preciso de uma segunda opinião. Me ajude.
fala_antes_batalha	My adorable Pokémon found this for me.<br>But I already have one, so you can have it.	Meu Pokémon adorável achou isto para mim.<br>Mas eu já tenho um, então pode ficar com você.
fala_derrota	Oh dear, cuteness didn't win us the fight.	Ai, ai, a fofura não nos fez vencer a luta.
fala_derrota	I need to find a Pokémon that is both cute and strong...	Preciso encontrar um Pokémon que seja fofo e forte ao mesmo tempo...
fala_antes_batalha	Don't listen to this lady over there! Unfused Pokémon are the cutest!	Não dê ouvidos àquela moça ali! Pokémon não fundidos são os mais fofos!
fala_antes_batalha	Do you want to see my cute Pokémon again?	Quer ver meus Pokémon fofos de novo?
fala_antes_batalha	I ran into a Pokémon in the tall grass, and it was so cute that I just had to catch it!	Encontrei um Pokémon no mato alto e ele era tão fofo que eu simplesmente tive que capturá-lo!
fala_antes_batalha	Oh, wow, I had no idea that my <EVOLVED_POKEMON> was able to evolve!	Uau, eu não fazia ideia de que meu <EVOLVED_POKEMON> conseguia evoluir!
fala_antes_batalha	Alright, alright. I gave in. I decided to try this fusion thing as well.	Tá bom, tá bom. Me rendi. Decidi experimentar essa história de fusão também.
fala_antes_batalha	In the end, nothing can convince me that my Pokémon aren't cute enough as they are.	No fim das contas, nada vai me convencer de que meus Pokémon não são fofos o suficiente do jeito que são.
fala_antes_batalha	Oops, I wanted to unfuse my <HEAD_POKEMON>, but I accidentally bought a DNA Reverser.	Ops, eu queria desfazer a fusão do meu <HEAD_POKEMON>, mas comprei um DNA Reverser sem querer.
fala_antes_batalha	Sharing purifies your character, and a pure character is essential for something to be cute.<br>N-no, I didn't just make that up!	Compartilhar purifica o caráter, e um caráter puro é essencial para algo ser fofo.<br>N-não, eu não acabei de inventar isso!
fala_derrota	I guess fused Pokémon can be cute too...	Acho que Pokémon fundidos também podem ser fofos...
fala_derrota	It's really unfair if you don't also use only cute Pokémon...	É muito injusto se você não usar só Pokémon fofos também...
fala_antes_batalha	I found some cool Pokémon in the grass around here! Look!	Encontrei uns Pokémon legais no mato por aqui! Olha!
fala_antes_batalha	Being cool also means never giving up!<br>My Pokémon are ready to go again! Rematch me!	Ser legal também significa nunca desistir!<br>Meus Pokémon estão prontos de novo! Revanche!
fala_antes_batalha	This <CAUGHT_POKEMON> I caught is just the coolest!<br>I'll prove it to you in a fight!	Este <CAUGHT_POKEMON> que capturei é simplesmente o mais legal!<br>Vou te provar numa luta!
fala_antes_batalha	My <UNEVOLVED_POKEMON> evolved!<br>I couldn't believe they could become even cooler!	Meu <UNEVOLVED_POKEMON> evoluiu!<br>Não acreditei que eles podiam ficar ainda mais legais!
fala_antes_batalha	Fusing two cool Pokémon together will surely make a super cool Pokémon!<br>Let me show off what <FUSED_POKEMON> can do!	Fundir dois Pokémon legais com certeza vai criar um Pokémon superlegal!<br>Deixa eu mostrar o que o <FUSED_POKEMON> sabe fazer!
fala_antes_batalha	Sometimes unfused Pokémon are cooler; that's why I unfused my <UNFUSED_POKEMON>...	Às vezes Pokémon não fundidos são mais legais; por isso desfiz a fusão do meu <UNFUSED_POKEMON>...
fala_antes_batalha	I tried using this DNA Reverser a friend gave to me, and now my Pokémon looks even cooler!	Experimentei usar este DNA Reverser que um amigo me deu, e agora meu Pokémon está ainda mais legal!
fala_antes_batalha	Thanks for showing me so many cool fusions! Here, have this!	Obrigado por me mostrar tantas fusões legais! Aqui, fique com isto!
fala_derrota	Being cool isn't enough to win...	Ser legal não basta para vencer...
fala_derrota	Your Pokémon must be the coolest!	Seus Pokémon devem ser os mais legais!
fala_antes_batalha	I have been waiting for you, <PLAYER_NAME>.<br>How do I know your name? He he he... Little secret...	Eu estava te esperando, <PLAYER_NAME>.<br>Como sei seu nome? He he he... Segredinho...
fala_antes_batalha	Ah, it's you. Erm... I forgot your name.<br>Can you show me your Trainer Card again?<br>What, only if I can beat you in battle?<br>Fine... bring it on!	Ah, é você. Hã... Esqueci seu nome.<br>Pode me mostrar seu Trainer Card de novo?<br>O quê, só se eu te vencer numa batalha?<br>Tudo bem... Pode vir!
fala_antes_batalha	He he he... I heard that my new <CAUGHT_POKEMON> has the power to read your mind!<br>With its help, I will find out what your name is!	He he he... Ouvi dizer que meu novo <CAUGHT_POKEMON> tem o poder de ler a sua mente!<br>Com a ajuda dele, vou descobrir qual é o seu nome!
fala_antes_batalha	The offer still stands, right? If I can win, you will tell me your name!	A oferta continua de pé, certo? Se eu vencer, você me diz seu nome!
fala_antes_batalha	I spent my last Pokédollar on this DNA Splicer.<br>I better be able to win this time!	Gastei meu último Pokédollar neste DNA Splicer.<br>É bom eu conseguir vencer desta vez!
fala_antes_batalha	I'm really getting desperate here.<br>If only I had actual psychic powers...	Estou ficando desesperado aqui.<br>Se pelo menos eu tivesse poderes psíquicos de verdade...
fala_antes_batalha	<PLAYER_NAME>! It was totally <PLAYER_NAME>!<br>I finally remembered! Let's celebrate with another battle!	<PLAYER_NAME>! Era totalmente <PLAYER_NAME>!<br>Finalmente lembrei! Vamos comemorar com outra batalha!
fala_antes_batalha	Here, will you show me your Trainer Card again if I give you this?	Aqui, você me mostra seu Trainer Card de novo se eu te der isto?
fala_derrota	I just caught a glimpse of your Trainer Card, okay?!	Eu só dei uma espiadinha no seu Trainer Card, tá bom?!
fala_derrota	Are you really not just gonna tell me?	Você não vai mesmo simplesmente me contar?
fala_antes_batalha	Up... Down... My bobber is the key to victory.	Sobe... Desce... Minha boia é a chave da vitória.
fala_antes_batalha	Fishing is all about concentration. You have to focus on the bobber.	Pescar é tudo questão de concentração. Você tem que focar na boia.
fala_antes_batalha	My bobber took the plunge! Now I've got a <CAUGHT_POKEMON>!	Minha boia afundou! Agora tenho um <CAUGHT_POKEMON>!
fala_antes_batalha	I thought my Pokémon went down, but it bobbed back up with Evolution!	Achei que meu Pokémon tinha afundado, mas ele voltou à tona com uma Evolução!
fala_antes_batalha	I fused my Pokémon while fishing. I wasn't really looking, though, so I don't know which ones I fused.	Fundi meus Pokémon enquanto pescava. Mas eu não estava prestando atenção, então não sei quais fundi.
fala_antes_batalha	My Pokémon wouldn't stop pestering me while I was trying to keep my eye on the bobber. I unfused it in the hopes that it would stop.	Meu Pokémon não parava de me incomodar enquanto eu tentava ficar de olho na boia. Desfiz a fusão na esperança de que ele parasse.
fala_antes_batalha	In honor of my new bobber, I reversed my <UNREVERSED_POKEMON>. Do you think it looks more like a bobber now?	Em homenagem à minha boia nova, inverti meu <UNREVERSED_POKEMON>. Você acha que ele parece mais uma boia agora?
fala_antes_batalha	I have the grandest gift I can give you: A bobber!<br>You seem disappointed. All right, take this instead.	Tenho o presente mais grandioso que posso te dar: Uma boia!<br>Você parece decepcionado. Tudo bem, pegue isto em vez disso.
fala_derrota	I thought my bobber had caught me a sucker, but you pulled me under!	Achei que minha boia tinha fisgado um trouxa, mas foi você que me puxou para o fundo!
fala_derrota	I was so focused on the bobber, I forgot to focus on the battle!	Fiquei tão focado na boia que esqueci de focar na batalha!
fala_antes_batalha	Prepare yourself; now you stand underneath the spotlight of my Pokémon's magnificence!	Prepare-se; agora você está sob os holofotes da magnificência do meu Pokémon!
fala_antes_batalha	Here we are again, Trainers and Pokémon positioned near my Pokémon's natural glory!	Aqui estamos de novo, Treinadores e Pokémon diante da glória natural do meu Pokémon!
fala_antes_batalha	Newly caught, let my <CAUGHT_POKEMON>'s debut be brilliantly glamorous!	Recém-capturado, que a estreia do meu <CAUGHT_POKEMON> seja brilhantemente glamorosa!
fala_antes_batalha	Forever evolved, my <EVOLVED_POKEMON> shall glisten radiantly with new elegance!	Para sempre evoluído, meu <EVOLVED_POKEMON> há de cintilar radiante com uma nova elegância!
fala_antes_batalha	Now combined, you will bask in the shine of my Pokémon's reformed grace!	Agora combinado, você vai se banhar no brilho da graça renovada do meu Pokémon!
fala_antes_batalha	Unfused, my Pokémon's natural beauty will shine onward henceforth!	Separada, a beleza natural do meu Pokémon há de brilhar daqui em diante!
fala_antes_batalha	With order twisted, a new sense of sophistication will shine through!	Com a ordem invertida, um novo senso de sofisticação há de reluzir!
fala_antes_batalha	A gift, for the one who enables my Pokémon's shimmering charm!	Um presente, para quem faz brilhar o encanto cintilante do meu Pokémon!
fala_derrota	To be bested, for my Pokémon's gleam was too blinding!	Ser superado, pois o brilho do meu Pokémon ofuscava demais!
fala_derrota	Bewilderingly despondant, my speech fails to guide my Pokémon's splendor to victory!	Desconcertantemente desolado, meu discurso falha em guiar o esplendor do meu Pokémon à vitória!
fala_antes_batalha	__	__
fala_derrota	__	__
fala_antes_batalha	How far up can you throw your Poké Ball?	Até que altura você consegue jogar sua Poké Ball?
fala_antes_batalha	I'm still looking for my Pokémon that was stolen by that bird Pokémon...	Ainda estou procurando meu Pokémon que foi roubado por aquele Pokémon pássaro...
fala_antes_batalha	I miss my <CAUGHT_POKEMON> so much that I caught a new one, but it's just not the same...	Sinto tanta falta do meu <CAUGHT_POKEMON> que capturei um novo, mas não é a mesma coisa...
fala_antes_batalha	I must grow stronger, so that I am able to take revenge on that stealing bird Pokémon if it ever dares to show up here again!	Preciso ficar mais forte, para poder me vingar daquele Pokémon pássaro ladrão se ele ousar aparecer aqui de novo!
fala_antes_batalha	I need to know how good my new fusion is against bird Pokémon.<br>Can you help me out?	Preciso saber o quanto minha nova fusão é boa contra Pokémon pássaros.<br>Você pode me ajudar?
fala_antes_batalha	I plan to use my <UNFUSED_POKEMON> as bait to lure out that stealing bird Pokémon!	Pretendo usar meu <UNFUSED_POKEMON> como isca para atrair aquele Pokémon pássaro ladrão!
fala_antes_batalha	What is this?! Something is in my other pocket!<br>Did I never lose that Poké Ball at all?!<br>...<br>No... That's just a DNA Reverser...	O que é isso?! Tem alguma coisa no meu outro bolso!<br>Será que eu nunca perdi aquela Poké Ball?!<br>...<br>Não... É só um DNA Reverser...
fala_antes_batalha	Can you do me a favor?<br>If you ever see that stealing bird Pokémon, can you throw this at it?	Pode me fazer um favor?<br>Se algum dia vir aquele Pokémon pássaro ladrão, pode jogar isto nele?
fala_derrota	Wait, one of my Pokémon is missing!<br>A bird Pokémon must have snatched the ball out of the air!	Espere, está faltando um dos meus Pokémon!<br>Um Pokémon pássaro deve ter pegado a bola no ar!
fala_derrota	Oh, partner, where are you now? Do you miss me as much as I miss you?	Ah, parceiro, onde você está agora? Sente tanto a minha falta quanto eu sinto a sua?
fala_antes_batalha	Too doo doot! Here we go!	Tu-du-dum! Lá vamos nós!
fala_derrota	You just might have the skills to join our group!!	Talvez você tenha habilidade para entrar no nosso grupo!!
fala_antes_batalha	My gears are oiled up and ready to rotate!	Minhas engrenagens estão lubrificadas e prontas para girar!
fala_antes_batalha	Do you want another match? Okay, but only muscle power allowed!	Quer outra partida? Tudo bem, mas só vale força muscular!
fala_antes_batalha	This <CAUGHT_POKEMON> outran me on my bike!<br>I was so impressed that I asked it to join my team.	Este <CAUGHT_POKEMON> correu mais que eu na minha bike!<br>Fiquei tão impressionado que pedi para ele entrar no meu time.
fala_antes_batalha	Oh no, my <EVOLVED_POKEMON> evolved, and now it no longer fits into my bike...	Ah, não, meu <EVOLVED_POKEMON> evoluiu e agora não cabe mais na minha bike...
fala_antes_batalha	There isn't much room to carry things on a bike.<br>That's why you have to cut weight wherever possible.	Não tem muito espaço para carregar coisas numa bike.<br>Por isso você tem que cortar peso onde for possível.
fala_antes_batalha	My <UNFUSED_POKEMON> and I were eating protein bars, but it accidentally bit into a DNA Splicer...	Eu e meu <UNFUSED_POKEMON> estávamos comendo barras de proteína, mas ele mordeu um DNA Splicer sem querer...
fala_antes_batalha	It's time to reverse gears!	Hora de dar marcha à ré!
fala_antes_batalha	Can you hold onto this for me? It's weighing me down.	Pode segurar isto para mim? Está me deixando pesado.
fala_derrota	Impossible! Your bike must be Rotom-powered!	Impossível! Sua bike deve ser movida a Rotom!
fala_derrota	You are cheating! I saw you swallow that X-Speed before we started!	Você está trapaceando! Eu vi você engolir aquele X-Speed antes de começarmos!
fala_antes_batalha	I feel bad for humans that are like you. You don't have the special powers that we Psychics have!	Tenho pena de humanos como você. Você não tem os poderes especiais que nós, Psychics, temos!
fala_antes_batalha	If we practice together, perhaps I can cultivate special powers in you as well.	Se praticarmos juntos, talvez eu consiga cultivar poderes especiais em você também.
fala_antes_batalha	When I reached out into the realm of thoughts, <CAUGHT_POKEMON> responded. We found each other and are stronger together.	Quando estendi a mente ao reino dos pensamentos, o <CAUGHT_POKEMON> respondeu. Nós nos encontramos e somos mais fortes juntos.
fala_antes_batalha	My <UNEVOLVED_POKEMON> evolved. Clearly this is because of the special powers we've wielded in our training!	Meu <UNEVOLVED_POKEMON> evoluiu. Claramente isso se deve aos poderes especiais que usamos no nosso treino!
fala_antes_batalha	The memories of my <HEAD_POKEMON>... The memories of my <BODY_POKEMON>...<br>They have come together to create something new!	As memórias do meu <HEAD_POKEMON>... As memórias do meu <BODY_POKEMON>...<br>Elas se uniram para criar algo novo!
fala_antes_batalha	I unfused my <UNFUSED_POKEMON> so that I could read the thoughts of each of its halves separately.<br>Using my special powers, I've gained a greater understanding of my Pokémon!	Desfiz a fusão do meu <UNFUSED_POKEMON> para poder ler os pensamentos de cada metade separadamente.<br>Usando meus poderes especiais, passei a entender melhor meus Pokémon!
fala_antes_batalha	Using my special powers, I read your thoughts. You wanted a different sort of battle. That's why I reversed my <UNREVERSED_POKEMON>!	Usando meus poderes especiais, li seus pensamentos. Você queria um tipo diferente de batalha. Por isso inverti meu <UNREVERSED_POKEMON>!
fala_antes_batalha	I sense you have made progress in your training. No, don't say anything. Thoughts are enough. Take this.	Sinto que você progrediu no seu treino. Não, não diga nada. Os pensamentos bastam. Pegue isto.
fala_derrota	Now I feel bad for myself!	Agora quem está com pena de mim sou eu!
fala_derrota	I sense an awakening!	Sinto um despertar!
fala_antes_batalha	Swim, cycle, run. I call it the SCR-Cycle!	Nadar, pedalar, correr. Eu chamo de Ciclo NPC!
fala_antes_batalha	What does ERS stand for? Eat, relieve, sleep, of course!	O que significa CAD? Comer, aliviar, dormir, é claro!
fala_antes_batalha	Grab, throw, catch. I used this GTC-Cycle to capture my newest team member!	Agarrar, jogar, capturar. Usei este Ciclo AJC para capturar o mais novo membro do meu time!
fala_antes_batalha	Learn, grow, evolve. That's the LGE-Cycle.	Aprender, crescer, evoluir. Esse é o Ciclo ACE.
fala_antes_batalha	Buy, touch, splice. It's the BTS-Cycle.	Comprar, tocar, fundir. É o Ciclo CTF.
fala_antes_batalha	Change mind, touch, unsplice. If you want to unfuse your Pokémon, you need to follow the CTU-Cycle.	Mudar de ideia, tocar, desfundir. Se você quer desfazer a fusão dos seus Pokémon, precisa seguir o Ciclo MTD.
fala_antes_batalha	Today is a weird day. Instead of following the ERS-Cycle, I accidentally did an SRE-Cycle...	Hoje é um dia estranho. Em vez de seguir o Ciclo CAD, fiz sem querer um Ciclo DAC...
fala_antes_batalha	I like coming up with names. Here, you can have this 'Unique Utility Device'.	Eu gosto de inventar nomes. Aqui, pode ficar com este 'Dispositivo de Utilidade Única'.
fala_derrota	... But you can't neglect the ERS-Cycle either.	... Mas você também não pode negligenciar o Ciclo CAD.
fala_derrota	If only someone else could take care of the ERS-Cycle for me, so that I can focus entirely on swimming, cycling and running!	Se pelo menos alguém pudesse cuidar do Ciclo CAD por mim, para eu me concentrar totalmente em nadar, pedalar e correr!
fala_antes_batalha	I will run you over until you are flat like a Stunfisk!	Vou te atropelar até você ficar achatado feito um Stunfisk!
fala_antes_batalha	Sorry, sometimes I say nasty things when I lose...	Desculpe, às vezes eu falo coisas maldosas quando perco...
fala_antes_batalha	I threw a Poké Ball at a wild <CAUGHT_POKEMON> with so much force that it got knocked out.	Joguei uma Poké Ball num <CAUGHT_POKEMON> selvagem com tanta força que ele desmaiou.
fala_antes_batalha	I was angry and got into a brawl with my <UNEVOLVED_POKEMON>, but then it evolved and knocked me out!	Fiquei com raiva e briguei com meu <UNEVOLVED_POKEMON>, mas aí ele evoluiu e me nocauteou!
fala_antes_batalha	My <HEAD_POKEMON> and <BODY_POKEMON> didn't get along, so I fused them together. He he he...	Meu <HEAD_POKEMON> e meu <BODY_POKEMON> não se davam bem, então fundi os dois. He he he...
fala_antes_batalha	The best part about love is the pain when you inevitably get torn apart!	A melhor parte do amor é a dor quando inevitavelmente você é separado!
fala_antes_batalha	Fine, I'll tell you the truth.<br>When I was young, I stepped onto my Stunfisk. Totally flattened the thing.<br>It was never the same afterwards.	Tá bom, vou te contar a verdade.<br>Quando eu era pequeno, pisei no meu Stunfisk. Achatei o coitado totalmente.<br>Ele nunca mais foi o mesmo.
fala_antes_batalha	I want to apologize about some of the things I said earlier.<br>Here, I hope this will make up for it.	Quero pedir desculpas por algumas coisas que eu disse antes.<br>Aqui, espero que isto compense.
fala_derrota	Crash and burn!<br>Wait no, not literally!	Bata e pegue fogo!<br>Espera, não, não literalmente!
fala_derrota	I hope you fall off the Cycling Road...<br>...a-and land safely in the water, of course!	Espero que você caia da Cycling Road...<br>...e-e aterrisse em segurança na água, é claro!
fala_antes_batalha	Don't panic if your bike's going fast!<br>But do panic when the brakes don't work!	Não entre em pânico se sua bike estiver rápida!<br>Mas entre em pânico quando o freio não funcionar!
fala_antes_batalha	We triathletes help each other out. How can I help you?	Nós, triatletas, nos ajudamos. Como posso te ajudar?
fala_antes_batalha	A <CAUGHT_POKEMON> is the perfect partner for a triathlon, don't you agree?	Um <CAUGHT_POKEMON> é o parceiro perfeito para um triatlo, não concorda?
fala_antes_batalha	Look at the strong legs of my <EVOLVED_POKEMON>!	Olha as pernas fortes do meu <EVOLVED_POKEMON>!
fala_antes_batalha	My <FUSED_POKEMON> can dive for five minutes straight!	Meu <FUSED_POKEMON> consegue mergulhar por cinco minutos seguidos!
fala_antes_batalha	<UNFUSED_POKEMON> carries my water bottles while I race!	O <UNFUSED_POKEMON> carrega minhas garrafas de água enquanto eu corro!
fala_antes_batalha	Are your Pokémon faster than mine?<br>Let me warn you, I have optimized the speed of my team!	Seus Pokémon são mais rápidos que os meus?<br>Já vou avisando, otimizei a velocidade do meu time!
fala_antes_batalha	Never go on a triathlon without one of these!	Nunca vá a um triatlo sem um destes!
fala_derrota	So your brakes are perfectly fine? Had me worried for nothing...	Então seus freios estão perfeitos? Me preocupei à toa...
fala_derrota	My brakes are totally worn out!	Meus freios estão totalmente gastos!
fala_antes_batalha	It's time to reveal my secret power! Second gear!	Hora de revelar meu poder secreto! Segunda marcha!
fala_antes_batalha	Bring it on! I use my fourth gear!	Pode vir! Vou usar minha quarta marcha!
fala_antes_batalha	My crew is getting bigger. All that is missing now is a musician.	Minha tripulação está crescendo. Só falta um músico agora.
fala_antes_batalha	Fufufu, I went through a timeskip since the last time you were here!	Fufufu, passei por um salto temporal desde a última vez que você esteve aqui!
fala_antes_batalha	Look at my secret technique! Pokémon Docking: Big Emperor!	Olhe minha técnica secreta! Acoplamento Pokémon: Grande Imperador!
fala_antes_batalha	I lost my <UNFUSED_POKEMON>, but I still have my crew!	Perdi meu <UNFUSED_POKEMON>, mas ainda tenho minha tripulação!
fala_antes_batalha	Fufufu, check out my new secret power! Gear negative five!	Fufufu, olha meu novo poder secreto! Marcha menos cinco!
fala_antes_batalha	This is my treasure, but I'll let you hold it.	Este é o meu tesouro, mas vou deixar você segurar.
fala_derrota	I should have used third gear...	Eu devia ter usado a terceira marcha...
fala_derrota	Once I have unlocked the fifth gear, I will win! That will be my peak!	Quando eu desbloquear a quinta marcha, vou vencer! Esse vai ser meu auge!
fala_antes_batalha	Woah! Watch it! I guess you're not used to bike racing.	Uau! Cuidado! Acho que você não está acostumado com corridas de bike.
fala_antes_batalha	Bike racing can be dangerous. Make sure you're using your brakes before you battle me again.	Corridas de bike podem ser perigosas. Confira se está usando os freios antes de batalhar comigo de novo.
fala_antes_batalha	This <CAUGHT_POKEMON> totally crashed into my bike earlier. It's much safer for it to be in my Poké Ball!	Este <CAUGHT_POKEMON> bateu em cheio na minha bike mais cedo. É muito mais seguro para ele ficar na minha Poké Ball!
fala_antes_batalha	My Pokémon evolved with a blinding flash of light during my last race! I swear, that's the only reason I lost!	Meu Pokémon evoluiu num clarão ofuscante durante minha última corrida! Juro que esse foi o único motivo de eu ter perdido!
fala_antes_batalha	When my brakes failed, my DNA Splicer went flying out of my pocket! <BODY_POKEMON> doesn't look the same anymore...	Quando meus freios falharam, meu DNA Splicer saiu voando do bolso! O <BODY_POKEMON> não parece mais o mesmo...
fala_antes_batalha	I unfused my <UNFUSED_POKEMON> so I could have more competitors to race against. Do you know anyone who can tailor helmets to fit Pokémon?	Desfiz a fusão do meu <UNFUSED_POKEMON> para ter mais competidores para correr contra. Você conhece alguém que faça capacetes sob medida para Pokémon?
fala_antes_batalha	I tried to turn too sharply and got turned around. My Pokémon seems turned around too!	Tentei fazer uma curva fechada demais e acabei rodando. Parece que meu Pokémon também rodou!
fala_antes_batalha	Yikes! Watch where you're going with that bike! Oh, I dropped that at your feet, but I guess you can keep it.	Credo! Olhe por onde anda com essa bike! Ah, deixei isto cair aos seus pés, mas acho que pode ficar com ele.
fala_derrota	Woah! My brakes failed!	Uau! Meus freios falharam!
fala_derrota	It's a good thing I'm wearing a helmet!	Ainda bem que estou usando capacete!
fala_derrota	Very good! Looks like it's fully waterproof!	Muito bom! Parece que é totalmente à prova d'água!
fala_derrota	Oh yeah, they're strong enough alright!	Ah, sim, eles são fortes o suficiente mesmo!
fala_antes_batalha	I'll hack and slash my way to victory with the Cut we just learned!	Vou abrir caminho até a vitória com o Cut que acabamos de aprender!
fala_derrota	Why are you so serious?	Por que você é tão sério?
fala_antes_batalha	Just who is the Trick Master?	Quem é esse tal de Trick Master?
fala_derrota	I lost while I was lost in thought!	Perdi enquanto estava perdido em pensamentos!
fala_antes_batalha	I wandered into this weird house by accident...	Entrei nesta casa estranha sem querer...
fala_derrota	And now I've lost...	E agora perdi...
fala_antes_batalha	Shine your light through the window to figure out the code!	Ilumine pela janela para descobrir o código!
fala_derrota	Don't shine it on me though!	Mas não ilumine em mim!
fala_antes_batalha	Ohoho! I'm the one who's been turning off your light!	Ohoho! Sou eu que ando apagando sua luz!
fala_derrota	It's so dark! Where are you?	Está tão escuro! Cadê você?
fala_antes_batalha	Concentrate on getting the win. That's how I battle!	Concentre-se em vencer. É assim que eu batalho!
fala_antes_batalha	I'm concentrating on training.	Estou concentrado no treino.
fala_antes_batalha	I concentrated on catching a Pokémon. That's how I found a <CAUGHT_POKEMON>!	Me concentrei em capturar um Pokémon. Foi assim que encontrei um <CAUGHT_POKEMON>!
fala_antes_batalha	After all of our training, my <UNEVOLVED_POKEMON> evolved. We're not done training yet, though!	Depois de todo o nosso treino, meu <UNEVOLVED_POKEMON> evoluiu. Mas ainda não terminamos de treinar!
fala_antes_batalha	I fused my <HEAD_POKEMON> and <BODY_POKEMON> using the sheer power of my focus!<br>Also, with DNA Splicers!	Fundi meu <HEAD_POKEMON> e meu <BODY_POKEMON> usando o puro poder do meu foco!<br>E também com DNA Splicers!
fala_antes_batalha	After deep concentration, I realized that having more Pokémon on my team will help me win. That's why I unfused <UNFUSED_POKEMON>!	Depois de profunda concentração, percebi que ter mais Pokémon no time vai me ajudar a vencer. Por isso desfiz a fusão do <UNFUSED_POKEMON>!
fala_antes_batalha	Before you use DNA Reversers, you have to concentrate. Concentrate on the ideal fusion!	Antes de usar DNA Reversers, você precisa se concentrar. Concentre-se na fusão ideal!
fala_antes_batalha	You've been a good sparring partner! I wanted to get you a gift, so after concentrating my energy on deciding, I chose this for you!	Você tem sido um bom parceiro de treino! Eu queria te dar um presente, então, depois de concentrar minha energia na decisão, escolhi isto para você!
fala_derrota	I don't waste any time being angry over a loss. I would rather train.	Não perco tempo ficando com raiva por uma derrota. Prefiro treinar.
fala_derrota	You broke my concentration!	Você quebrou minha concentração!
fala_antes_batalha	Isn't it nice? To battle while looking at pretty flowers?	Não é bom? Batalhar olhando para flores bonitas?
fala_antes_batalha	I like triathlons because you get to see different scenery while competing. It's just like Pokémon battles in that way!	Gosto de triatlos porque dá para ver paisagens diferentes enquanto se compete. Nisso é igualzinho às batalhas Pokémon!
fala_antes_batalha	This cute Pokémon started running beside me while I was heading through the meadow. We're friends now!	Este Pokémon fofo começou a correr ao meu lado enquanto eu atravessava o campo. Agora somos amigos!
fala_antes_batalha	My Pokémon's Evolution was even more stunning with all the flower petals blowing around! Actually, it was sort of an intense experience.	A Evolução do meu Pokémon foi ainda mais deslumbrante com todas as pétalas de flores voando por aí! Na verdade, foi uma experiência bem intensa.
fala_antes_batalha	While we were running through the flowers, my <HEAD_POKEMON> and <BODY_POKEMON> ran away from me. I miss them very much, but at least I met this <FUSED_POKEMON> shortly after!	Enquanto corríamos pelas flores, meu <HEAD_POKEMON> e meu <BODY_POKEMON> fugiram de mim. Sinto muita falta deles, mas pelo menos conheci este <FUSED_POKEMON> logo depois!
fala_antes_batalha	I unfused my Pokémon to take some pictures of them in the flowers. I'll probably fuse them back again after our run.	Desfiz a fusão dos meus Pokémon para tirar umas fotos deles nas flores. Provavelmente vou fundi-los de volta depois da corrida.
fala_antes_batalha	I used to come out and run through the flowers with my favorite Pokémon all the time when I was younger. Reversing my <UNREVERSED_POKEMON> reminded me of that.	Quando eu era mais novo, vivia saindo para correr pelas flores com meu Pokémon favorito. Inverter meu <UNREVERSED_POKEMON> me lembrou disso.
fala_antes_batalha	I made you a flower crown, but wildflowers wilt so quickly. Perhaps this can make up for your original present falling apart.	Fiz uma coroa de flores para você, mas flores silvestres murcham tão rápido. Talvez isto compense seu presente original ter se desmanchado.
fala_derrota	Oh, that's quite impressive!	Ah, isso é bem impressionante!
fala_derrota	I wish I could say that losing was a new sight...	Eu queria poder dizer que perder é uma novidade...
fala_antes_batalha	I locked eyes with the Trainer. We both knew that fierce battle was our fate.	Troquei olhares com o Treinador. Nós dois sabíamos que uma batalha feroz era nosso destino.
fala_antes_batalha	The mysterious Trainer approached me, their feet scuffing quietly on the ground. Why did they seek me out? A skirmish? A parley?	O Treinador misterioso se aproximou, os pés arrastando baixinho no chão. Por que me procurava? Uma escaramuça? Uma negociação?
fala_antes_batalha	<CAUGHT_POKEMON>'s spirit burned fiercely as it took its place by my side. Now that we had joined forces, no foe could stand in our way.	O espírito do <CAUGHT_POKEMON> ardia ferozmente ao assumir seu lugar ao meu lado. Agora que unimos forças, nenhum inimigo poderia nos deter.
fala_antes_batalha	A dazzling light! My eyes watered both from the sight of it and from emotion. My dear partner, <UNEVOLVED_POKEMON>, had evolved at last.	Uma luz deslumbrante! Meus olhos lacrimejaram, tanto pela visão quanto pela emoção. Meu querido parceiro, <UNEVOLVED_POKEMON>, finalmente havia evoluído.
fala_antes_batalha	All the challenges that <HEAD_POKEMON> had faced... Every triumph that <BODY_POKEMON> had won...<br>They stood combined before me, ready to claim honor on the battlefield once more.	Todos os desafios que o <HEAD_POKEMON> enfrentou... Cada triunfo que o <BODY_POKEMON> conquistou...<br>Eles estavam combinados diante de mim, prontos para buscar honra no campo de batalha mais uma vez.
fala_antes_batalha	I had forgotten where I came from! I knew what I had to do. With trembling hands, I held the DNA Splicer...	Eu tinha esquecido de onde vim! Eu sabia o que tinha que fazer. Com as mãos trêmulas, segurei o DNA Splicer...
fala_antes_batalha	A reversal of fate. An ending undone? With my Pokémon's fusion changed, I had a new road before me.	Uma reviravolta do destino. Um final desfeito? Com a fusão do meu Pokémon alterada, eu tinha um novo caminho pela frente.
fala_antes_batalha	The melodious whizz of my bag's zipper opening preceded the gift's appearance.<br>"I want you to have this," I said to the Trainer.	O zíper da minha bolsa abrindo com um zunido melodioso precedeu o surgimento do presente.<br>"Quero que fique com isto", eu disse ao Treinador.
fala_derrota	I wanted to write you into my novel, but this loss is embarassing!	Eu queria te colocar no meu romance, mas essa derrota é vergonhosa!
fala_derrota	How am I supposed to write my novel under these conditions?	Como vou escrever meu romance nessas condições?
fala_antes_batalha	This underclassman wants to study or something, but I just want to battle!	Essa caloura quer estudar ou sei lá o quê, mas eu só quero batalhar!
fala_antes_batalha	As an upperclassman, I have to set an excellent example.<br>So, can you at least make me look good by losing a battle?	Como veterana, tenho que dar um exemplo excelente.<br>Então, você pode pelo menos me fazer parecer bem perdendo uma batalha?
fala_antes_batalha	I caught this <CAUGHT_POKEMON> while Anna was messing around. Don't worry, I'm still keeping an eye on my underclassman!	Capturei este <CAUGHT_POKEMON> enquanto a Anna ficava de bobeira. Não se preocupe, continuo de olho na minha caloura!
fala_antes_batalha	Now that <UNEVOLVED_POKEMON> evolved, it needs to set a good example for the rest of the team.	Agora que o <UNEVOLVED_POKEMON> evoluiu, ele precisa dar um bom exemplo para o resto do time.
fala_antes_batalha	I fused my <HEAD_POKEMON> to show this underclassman how to fuse Pokémon. I don't think she was paying attention, though...	Fundi meu <HEAD_POKEMON> para mostrar a essa caloura como fundir Pokémon. Mas acho que ela não estava prestando atenção...
fala_antes_batalha	My Pokémon got into my items and unfused when I wasn't looking! How am I supposed to deal with this and my underclassman at the same time?	Meus Pokémon mexeram nos meus itens e se separaram enquanto eu não estava olhando! Como vou lidar com isso e com a minha caloura ao mesmo tempo?
fala_antes_batalha	I'm supposed to write my report on fusing Pokémon, but I accidentally grabbed a DNA Reverser instead of a DNA Splicer!	Eu tinha que escrever meu trabalho sobre fusão de Pokémon, mas peguei sem querer um DNA Reverser em vez de um DNA Splicer!
fala_antes_batalha	Battling with you has been a lot more fun than studying for my language arts class. If I give you this, will you come by again?	Batalhar com você tem sido muito mais divertido que estudar para a aula de português. Se eu te der isto, você volta aqui?
fala_derrota	This is boring...	Que tédio...
fala_derrota	This is humiliating! You have to give me a chance to try again!	Que humilhação! Você tem que me dar outra chance!
fala_antes_batalha	The Pokéathlon came through here recently! I've got to train hard to not let my team down next year!	O Pokéathlon passou por aqui há pouco! Preciso treinar pesado para não decepcionar meu time no ano que vem!
fala_antes_batalha	Let's... Pokéathlon!	Vamos... de Pokéathlon!
fala_antes_batalha	I celebrated the Pokéathlon by adding another Pokémon to my team!	Comemorei o Pokéathlon colocando mais um Pokémon no meu time!
fala_antes_batalha	My <UNEVOLVED_POKEMON> evolved! Do you think that will get us more points in the next Pokéathlon?	Meu <UNEVOLVED_POKEMON> evoluiu! Você acha que isso vai nos render mais pontos no próximo Pokéathlon?
fala_antes_batalha	Pokéathletes these days are all about fusion! I fused my Pokémon so I can keep up with everyone else!	Os Pokéatletas de hoje só pensam em fusão! Fundi meus Pokémon para conseguir acompanhar todo mundo!
fala_antes_batalha	I unfused my Pokémon so I can be my own team!<br>Ruby, Sapphire, and Emerald are already taken for names, so maybe <HEAD_POKEMON>, <BODY_POKEMON>, and I will be Team Topaz.	Desfiz a fusão dos meus Pokémon para eu ser meu próprio time!<br>Ruby, Sapphire e Emerald já estão ocupados como nomes, então talvez eu, o <HEAD_POKEMON> e o <BODY_POKEMON> sejamos a Equipe Topázio.
fala_antes_batalha	I heard they're planning on building a dome just for the Pokéathlon over in Johto. I reversed my <UNREVERSED_POKEMON> so we can be ready for when it opens.	Ouvi dizer que estão planejando construir uma arena só para o Pokéathlon lá em Johto. Inverti meu <UNREVERSED_POKEMON> para estarmos prontos quando abrir.
fala_antes_batalha	I'd share my Aprijuice with you, but I need it to train my Pokémon for the Pokéathlon. You can take this instead, though!	Eu dividiria meu Aprijuice com você, mas preciso dele para treinar meus Pokémon para o Pokéathlon. Mas pode ficar com isto!
fala_derrota	I was having a field day, but you took home the gold!	Eu estava arrasando, mas você levou o ouro!
fala_derrota	What fighting spirit! You ought to be awarded a Challenge Bonus!	Que espírito de luta! Você merecia ganhar um Bônus de Desafio!
fala_antes_batalha	I have so many Pokémon to take care of that I ran out of space!<br>That's why I decided to fuse some of them together!	Tenho tantos Pokémon para cuidar que fiquei sem espaço!<br>Por isso decidi fundir alguns deles!
fala_antes_batalha	My Pokémon were inspired to become stronger after fighting you!<br>Wanna see their progress?	Meus Pokémon ficaram inspirados a ficar mais fortes depois de lutar com você!<br>Quer ver o progresso deles?
fala_antes_batalha	Good to see you again. I have bred even more Pokémon.<br>Can you help me with their training?	Que bom te ver de novo. Criei ainda mais Pokémon.<br>Você pode me ajudar no treino deles?
fala_antes_batalha	My little ones are growing up so fast! Here, let me show you!	Meus pequenos estão crescendo tão rápido! Aqui, deixa eu te mostrar!
fala_antes_batalha	I'm running out of space on my team again, so I did some more fusing.<br>I hope my little ones aren't mad at me...	Estou ficando sem espaço no time de novo, então fiz mais algumas fusões.<br>Espero que meus pequenos não fiquem bravos comigo...
fala_antes_batalha	My <UNFUSED_POKEMON> wasn't very happy about being fused.<br>As a parental figure, sometimes you have to accept your mistakes.	Meu <UNFUSED_POKEMON> não estava muito feliz fundido.<br>Como figura paterna, às vezes você tem que aceitar seus erros.
fala_antes_batalha	Have you ever tried reversing your fusions?<br>Who knows, doing that might just be the key to unlocking their full potential!	Você já tentou inverter suas fusões?<br>Quem sabe, fazer isso pode ser a chave para liberar todo o potencial delas!
fala_antes_batalha	I have a little something for you, as a thanks for helping me raise my little ones.	Tenho uma coisinha para você, como agradecimento por me ajudar a criar meus pequenos.
fala_derrota	One day my little ones will grow just as strong as you!	Um dia meus pequenos vão ficar tão fortes quanto você!
fala_derrota	Still a long way to go...	Ainda falta muito...
fala_antes_batalha	I do my triathlon training with Pokémon, so I'm pretty confident about my speed.	Faço meu treino de triatlo com Pokémon, então estou bem confiante na minha velocidade.
fala_antes_batalha	You appear to be training properly... If you'd like, I'll battle you again!	Parece que você está treinando direitinho... Se quiser, batalho com você de novo!
fala_antes_batalha	I caught this <CAUGHT_POKEMON> by running after it! It was no match for my speed!	Capturei este <CAUGHT_POKEMON> correndo atrás dele! Ele não foi páreo para a minha velocidade!
fala_antes_batalha	Now that my <UNEVOLVED_POKEMON> evolved, I wonder if I'll be able to keep pace with it during training...	Agora que meu <UNEVOLVED_POKEMON> evoluiu, será que vou conseguir acompanhar o ritmo dele no treino...
fala_antes_batalha	It's hard to focus on training multiple Pokémon while I'm trying to train myself for the next triathlon. It's easier to plan our practices now that they're fused into <FUSED_POKEMON>!	É difícil focar no treino de vários Pokémon enquanto eu mesmo treino para o próximo triatlo. Ficou mais fácil planejar nossos treinos agora que eles estão fundidos em <FUSED_POKEMON>!
fala_antes_batalha	I wasn't sure if my Pokémon was fast because of its <HEAD_POKEMON> side or its <BODY_POKEMON> side. Now that I've unfused it, we can find out!	Eu não sabia se meu Pokémon era rápido por causa do lado <HEAD_POKEMON> ou do lado <BODY_POKEMON>. Agora que desfiz a fusão, podemos descobrir!
fala_antes_batalha	Different shapes of Pokémon are better in different kinds of terrain. I reversed my Pokémon so we can go run in new places.	Pokémon de formatos diferentes se dão melhor em tipos diferentes de terreno. Inverti meu Pokémon para podermos correr em lugares novos.
fala_antes_batalha	If you beat me in a game of tag, I'll give you a reward!<br>...<br>I didn't say to start yet. Oh well, I guess you win. Go ahead and take this.	Se você me vencer no pega-pega, te dou uma recompensa!<br>...<br>Eu não disse para começar ainda. Ah, tudo bem, acho que você venceu. Pode pegar isto.
fala_derrota	I need to get more practices in, I guess.	Acho que preciso treinar mais.
fala_derrota	I sped my way to a loss!	Acelerei direto para a derrota!
fala_antes_batalha	Bug types!	Tipo Bug!
fala_antes_batalha	I was once a Bug Catcher, and now I'm a Bug Maniac!<br>However, my love for Pokémon remains unchanged!	Já fui Bug Catcher, e agora sou um Bug Maniac!<br>Mas meu amor pelos Pokémon continua o mesmo!
fala_antes_batalha	I used my years of experience catching Bug-type Pokémon to help me find this <CAUGHT_POKEMON>. Go, my <CAUGHT_POKEMON>!	Usei meus anos de experiência capturando Pokémon do tipo Bug para encontrar este <CAUGHT_POKEMON>. Vai, meu <CAUGHT_POKEMON>!
fala_antes_batalha	My Pokémon has evolved, just as I have! Even if we seem different, I'll prove we're the same on the inside!	Meu Pokémon evoluiu, assim como eu! Mesmo que pareçamos diferentes, vou provar que somos os mesmos por dentro!
fala_antes_batalha	Fusion can lead to growth. My Bug-type Pokémon and I-<br>Wait, are they still Bug types?	A fusão pode levar ao crescimento. Eu e meus Pokémon do tipo Bug-<br>Espera, eles ainda são do tipo Bug?
fala_antes_batalha	I unfused my <UNFUSED_POKEMON>. Now my swarm will show you how great Bug-type Pokémon are!	Desfiz a fusão do meu <UNFUSED_POKEMON>. Agora meu enxame vai te mostrar como os Pokémon do tipo Bug são incríveis!
fala_antes_batalha	I won't stop discovering as many species of Bug-type Pokémon as I can. That's why I reversed my <UNREVERSED_POKEMON>!	Não vou parar de descobrir o máximo de espécies de Pokémon do tipo Bug que puder. Por isso inverti meu <UNREVERSED_POKEMON>!
fala_antes_batalha	I can tell you also love Bug-type Pokémon. Take this, from one Bug Maniac to another.	Dá para ver que você também ama Pokémon do tipo Bug. Pegue isto, de um Bug Maniac para outro.
fala_derrota	Uh... Bug types?	Hã... Tipo Bug?
fala_derrota	I still love Bug-type Pokémon!	Eu continuo amando Pokémon do tipo Bug!
fala_antes_batalha	Listen, could I get you to battle the Pokémon I'm raising?	Escute, posso pedir para você batalhar com os Pokémon que estou criando?
fala_antes_batalha	I'm going to redouble my training. Would you come look in on us?	Vou redobrar meu treino. Você viria dar uma olhada em nós?
fala_antes_batalha	I always have such a hard time choosing which Pokémon to train. I couldn't help myself and took on another one!	Sempre tenho tanta dificuldade em escolher qual Pokémon treinar. Não resisti e peguei mais um!
fala_antes_batalha	My <UNEVOLVED_POKEMON> evolved, and it's all thanks to the battles you've been having with me!	Meu <UNEVOLVED_POKEMON> evoluiu, e é tudo graças às batalhas que você tem tido comigo!
fala_antes_batalha	I fused <HEAD_POKEMON> and <BODY_POKEMON> so that I could train both of them at once!	Fundi o <HEAD_POKEMON> e o <BODY_POKEMON> para poder treinar os dois de uma vez!
fala_antes_batalha	<UNFUSED_POKEMON> has been a handful, so I unfused it so I can deal with each of its needs one at a time.	O <UNFUSED_POKEMON> estava dando trabalho, então desfiz a fusão para poder atender cada necessidade dele uma de cada vez.
fala_antes_batalha	I wanted to catch new Pokémon, but I don't have much room for more of them. That's why I reversed my <UNREVERSED_POKEMON>'s fusion instead.	Eu queria capturar Pokémon novos, mas não tenho muito espaço para mais. Por isso inverti a fusão do meu <UNREVERSED_POKEMON> em vez disso.
fala_antes_batalha	My Pokémon woke me up early this morning and gave me this. I'm guessing they wanted you to have it as thanks for helping them grow.	Meus Pokémon me acordaram cedo hoje e me deram isto. Acho que eles queriam que você ficasse com ele como agradecimento por ajudá-los a crescer.
fala_derrota	You've raised yours superbly...	Você criou os seus de forma excelente...
fala_derrota	I hope one day my Pokémon can be as healthy and strong as your team!	Espero que um dia meus Pokémon sejam tão saudáveis e fortes quanto o seu time!
fala_derrota	Quick! I need to heal my Pokémon!!	Rápido! Preciso curar meus Pokémon!!
fala_antes_batalha	The aroma of flowers has a magical power. It cleanses us, body and soul.	O aroma das flores tem um poder mágico. Ele nos purifica, corpo e alma.
fala_antes_batalha	I still believe that the aroma of flowers has a magical power. That's why I use scented oils on my Pokémon!	Continuo acreditando que o aroma das flores tem um poder mágico. Por isso uso óleos perfumados nos meus Pokémon!
fala_antes_batalha	<CAUGHT_POKEMON> came over to me after smelling the aroma I was wearing. This is proof that flower aroma has magic power!	O <CAUGHT_POKEMON> veio até mim depois de sentir o aroma que eu estava usando. Isso prova que o aroma das flores tem poder mágico!
fala_antes_batalha	My <UNEVOLVED_POKEMON> evolved! If I figure out what combination of oils I put on it, maybe I can sell that as an Evolution fragrance!	Meu <UNEVOLVED_POKEMON> evoluiu! Se eu descobrir qual combinação de óleos passei nele, talvez eu possa vender como uma fragrância de Evolução!
fala_antes_batalha	Sniff... That odor- It's a Pokédex! Are you trying to find new species? You must see this Pokémon I just fused!	Snif... Esse cheiro- É uma Pokédex! Você está tentando encontrar novas espécies? Precisa ver este Pokémon que acabei de fundir!
fala_antes_batalha	I don't think my <UNFUSED_POKEMON> liked the fragrance I was using... It unfused and the two Pokémon ran off in different directions! I managed to get them to come back, though.	Acho que meu <UNFUSED_POKEMON> não gostou da fragrância que eu estava usando... Ele se separou e os dois Pokémon fugiram em direções diferentes! Mas consegui fazer os dois voltarem.
fala_antes_batalha	My Pokémon has absorbed all kinds of beautiful scents since it reversed to the opposite fusion species. Perhaps <REVERSED_POKEMON> are especially potent with flower power!	Meu Pokémon absorveu todo tipo de aroma lindo desde que se inverteu para a espécie de fusão oposta. Talvez os <REVERSED_POKEMON> sejam especialmente potentes com o poder das flores!
fala_antes_batalha	I tried putting flower-scented oils on this, but something went wrong. It's giving me a sinus headache, so please take it. Maybe it will help you instead.	Tentei passar óleos com perfume de flor nisto, mas algo deu errado. Está me dando dor de cabeça de sinusite, então, por favor, pegue. Talvez te ajude em vez disso.
fala_derrota	Oh, dear me. I seem to have lost.	Ai, minha nossa. Parece que perdi.
fala_derrota	Maybe I was using the wrong aroma...	Talvez eu estivesse usando o aroma errado...
fala_antes_batalha	I can understand what Pokémon say! Look, I'll prove it!	Eu consigo entender o que os Pokémon dizem! Olha, vou provar!
fala_antes_batalha	Your Pokémon said you're good at making them stronger! Let's battle again!	Seus Pokémon disseram que você é bom em deixá-los mais fortes! Vamos batalhar de novo!
fala_antes_batalha	<CAUGHT_POKEMON> said it was lonely, so I offered to be its friend. What's with that skeptical look?	O <CAUGHT_POKEMON> disse que estava sozinho, então me ofereci para ser amigo dele. Que cara de desconfiança é essa?
fala_antes_batalha	<EVOLVED_POKEMON> doesn't say the same things that it said when it was <UNEVOLVED_POKEMON>. Hey, do you think I'm making this up?	O <EVOLVED_POKEMON> não diz as mesmas coisas que dizia quando era <UNEVOLVED_POKEMON>. Ei, você acha que estou inventando isso?
fala_antes_batalha	My Pokémon asked to be fused together. I wonder why they'd want that. No, it wasn't my idea at all!	Meus Pokémon pediram para ser fundidos. Fico imaginando por que iam querer isso. Não, não foi ideia minha de jeito nenhum!
fala_antes_batalha	Sometimes I have a hard time understanding what my fused Pokémon say, so I unfused my <UNFUSED_POKEMON>. I'm not just making excuses!	Às vezes tenho dificuldade de entender o que meus Pokémon fundidos dizem, então desfiz a fusão do meu <UNFUSED_POKEMON>. Não estou só arranjando desculpas!
fala_antes_batalha	I thought that <REVERSED_POKEMON> would be the same as it was before reversing, but it talks like it has a different personality! I'm not lying! I never lie!	Achei que o <REVERSED_POKEMON> seria igual a antes da inversão, mas ele fala como se tivesse outra personalidade! Não estou mentindo! Eu nunca minto!
fala_antes_batalha	You at least believe me a little when I say I can understand Pokémon, right? Even if you don't, I think your Pokémon believes me, so please give it this.	Você pelo menos acredita um pouquinho quando digo que entendo os Pokémon, né? Mesmo que não acredite, acho que seu Pokémon acredita em mim, então, por favor, dê isto a ele.
fala_derrota	Come in, Pokémon! Are you okay?	Responda, Pokémon! Você está bem?
fala_derrota	Nobody believes me...	Ninguém acredita em mim...
fala_antes_batalha	For fishermen, equipment is key.<br>But for Trainers, the key ingredients are Pokémon and heart, of course!	Para os pescadores, o equipamento é fundamental.<br>Mas para os Treinadores, os ingredientes fundamentais são os Pokémon e o coração, é claro!
fala_antes_batalha	It's wonderful to see Pokémon that are raised with so much heart. Can I see them again?	É maravilhoso ver Pokémon criados com tanto carinho. Posso vê-los de novo?
fala_antes_batalha	I caught this <CAUGHT_POKEMON>, but it doesn't really trust me yet. Loving relationships of any kind take time.	Capturei este <CAUGHT_POKEMON>, mas ele ainda não confia muito em mim. Relações de amor de qualquer tipo levam tempo.
fala_antes_batalha	I'm so proud! My <UNEVOLVED_POKEMON> evolved!	Estou tão orgulhoso! Meu <UNEVOLVED_POKEMON> evoluiu!
fala_antes_batalha	It's up to a Trainer to decide when to use a DNA Splicer. Make sure you always have your Pokémon's best interests at heart.	Cabe ao Treinador decidir quando usar um DNA Splicer. Pense sempre no que é melhor para os seus Pokémon.
fala_antes_batalha	Ever since I unfused my <UNFUSED_POKEMON>, my <HEAD_POKEMON> and <BODY_POKEMON> help by holding my fishing equipment while I work. They're so kind!	Desde que desfiz a fusão do meu <UNFUSED_POKEMON>, meu <HEAD_POKEMON> e meu <BODY_POKEMON> ajudam segurando meu equipamento de pesca enquanto trabalho. Eles são tão gentis!
fala_antes_batalha	My Pokémon changed, and I'm still getting used to it. I'm trying to be understanding, but maybe you can show me how through a battle?	Meu Pokémon mudou, e ainda estou me acostumando. Estou tentando ser compreensivo, mas talvez você possa me mostrar como numa batalha?
fala_antes_batalha	Remember! Strength isn't what makes a great Trainer. If you're bad at battling but you love your Pokémon, that makes you a winner!<br>Remember that when you use this!	Lembre-se! Não é a força que faz um grande Treinador. Se você é ruim de batalha mas ama seus Pokémon, isso faz de você um vencedor!<br>Lembre-se disso quando usar isto!
fala_derrota	I was beaten in heart?	Fui vencido no coração?
fala_derrota	I think I was beaten in both Pokémon and in heart!	Acho que fui vencido nos Pokémon e no coração!
fala_antes_batalha	I quit Team Rocket and came to Hoenn to start a new life!	Larguei a Team Rocket e vim para Hoenn começar uma vida nova!
fala_antes_batalha	Are you telling me that the winner of a Pokémon battle isn't actually supposed to take the loser's Pokémon? Wait, let's try this again!	Você está me dizendo que o vencedor de uma batalha Pokémon não deve levar os Pokémon do perdedor? Espera, vamos tentar de novo!
fala_antes_batalha	My new <CAUGHT_POKEMON> and I are gonna play you a rockin' tune!<br>No, I didn't steal it!	Eu e meu novo <CAUGHT_POKEMON> vamos tocar um som irado para você!<br>Não, eu não roubei ele!
fala_antes_batalha	Did my Pokémon really evolve? This kind of thing never happened in Team Rocket!	Meu Pokémon evoluiu mesmo? Esse tipo de coisa nunca acontecia na Team Rocket!
fala_antes_batalha	My <HEAD_POKEMON> and <BODY_POKEMON> came together to make something new. Just like how this ex-grunt and music came together to rock you!	Meu <HEAD_POKEMON> e meu <BODY_POKEMON> se juntaram para criar algo novo. Igual a este ex-recruta e a música se juntaram para te fazer balançar!
fala_antes_batalha	I almost tried to steal from someone again, but my Pokémon unfused so they could gang up on me!	Quase tentei roubar alguém de novo, mas meus Pokémon se separaram para poderem se juntar contra mim!
fala_antes_batalha	My <UNREVERSED_POKEMON> reversed and totally changed. Just like my Pokémon, I can sing a different tune!	Meu <UNREVERSED_POKEMON> se inverteu e mudou totalmente. Assim como meu Pokémon, também sei cantar outra canção!
fala_antes_batalha	You treated me as Dalton the Rocker rather than some nameless grunt. I want you to have this. I got it from... somewhere.	Você me tratou como Dalton, o Roqueiro, e não como um recruta sem nome. Quero que fique com isto. Consegui... em algum lugar.
fala_derrota	You won... I guess you'll take my Pokémon now. Huh? You don't do that?	Você venceu... Acho que agora vai levar meus Pokémon. Hã? Você não faz isso?
fala_derrota	At least I get to keep my Pokémon!	Pelo menos posso ficar com meus Pokémon!
fala_derrota	Argh! My sneak attack failed!	Argh! Meu ataque surpresa falhou!
fala_derrota	So much for trying to be sneaky...!	Lá se vai minha tentativa de ser sorrateiro...!
fala_derrota	Woohoo!!	Uhuuul!!
fala_antes_batalha	With my electric Pokémon, I'll shatter your dreams whole, whoa-yeahaha!	Com meus Pokémon elétricos, vou despedaçar todos os seus sonhos, uô-iêêêêh!
fala_antes_batalha	My voice needs a warm up, and my Pokémon are ready to go! Want to fight?	Minha voz precisa de aquecimento, e meus Pokémon estão prontos! Quer lutar?
fala_antes_batalha	This Pokémon was drawn in by my music, and now it wants to battle! Oh yeah!	Este Pokémon foi atraído pela minha música, e agora quer batalhar! Ô, yeah!
fala_antes_batalha	The vocal and battle warm-ups we have been doing made <UNEVOLVED_POKEMON> evolve!<br>Want to see what it's capable of?	Os aquecimentos vocais e de batalha que andamos fazendo fizeram o <UNEVOLVED_POKEMON> evoluir!<br>Quer ver do que ele é capaz?
fala_antes_batalha	<HEAD_POKEMON>'s and <BODY_POKEMON>'s duet potential is just too good to leave them unfused! Yeaa-ah-ah!	O potencial de dueto do <HEAD_POKEMON> e do <BODY_POKEMON> é bom demais para deixá-los separados! Iêê-ê-ê!
fala_antes_batalha	<HEAD_POKEMON> is at its best as a solo. <BODY_POKEMON> was only bringing it down!	O <HEAD_POKEMON> fica melhor em carreira solo. O <BODY_POKEMON> só o puxava para baixo!
fala_antes_batalha	Sometimes you need a sharp change of tune in a song. I think it's time to reverse <UNREVERSED_POKEMON>! Oh-oh-yeaa!	Às vezes uma música precisa de uma mudança brusca de tom. Acho que está na hora de inverter o <UNREVERSED_POKEMON>! Ô-ô-iêê!
fala_antes_batalha	Thanks a lot for letting me test out my performance. Here's something for my biggest fan!	Muito obrigado por me deixar testar minha apresentação. Aqui está algo para o meu maior fã!
fala_derrota	Was my microphone off the whole battle?	Meu microfone ficou desligado a batalha toda?
fala_derrota	This time my guitar was off-tune!	Desta vez minha guitarra estava desafinada!
fala_antes_batalha	I heard about this thing called a fuse box, but my mom won't let me near it!<br>If I beat you, you gotta let me use yours to make stronger fusions!	Ouvi falar de uma coisa chamada caixa de fusíveis, mas minha mãe não me deixa chegar perto!<br>Se eu te vencer, você tem que me deixar usar a sua para fazer fusões mais fortes!
fala_antes_batalha	I asked my teacher what a fuse box does, but they keep telling me it would "shock me".<br>I'm a big kid, I can handle the suprise. I swear! Just tell me what it does!	Perguntei para a minha professora o que uma caixa de fusíveis faz, mas ela vive dizendo que ia me "dar um choque".<br>Eu já sou grande, aguento a surpresa. Juro! Só me diga o que ela faz!
fala_antes_batalha	I heard that you could find a fuse box in basements, but instead I found a wild Pokémon. Weird!	Ouvi dizer que dá para encontrar uma caixa de fusíveis nos porões, mas em vez disso encontrei um Pokémon selvagem. Estranho!
fala_antes_batalha	When my <UNEVOLVED_POKEMON> evolved, its power made up some crazy wind!<br>Is this what it means to "blow a fuse"?	Quando meu <UNEVOLVED_POKEMON> evoluiu, o poder dele fez uma ventania maluca!<br>É isso que quer dizer "queimar um fusível"?
fala_antes_batalha	I fused my <FUSED_POKEMON> just like a fuse box would!<br>Huh? You're saying it doesn't do that? Liar!	Fundi meu <FUSED_POKEMON> igualzinho a uma caixa de fusíveis faria!<br>Hã? Você está dizendo que ela não faz isso? Mentiroso!
fala_antes_batalha	I unfused my Pokémon, so I can use a fuse box. After all, you can't fuse already fused Pokémon!	Desfiz a fusão dos meus Pokémon para poder usar uma caixa de fusíveis. Afinal, não dá para fundir Pokémon que já estão fundidos!
fala_antes_batalha	I thought I had finally gotten my hands on a fuse box, and I used it!<br>...But it was just a DNA Reverser, phooey!	Achei que finalmente tinha posto as mãos numa caixa de fusíveis, e usei!<br>...Mas era só um DNA Reverser, droga!
fala_antes_batalha	I have a gift for you that you can't "re-fuse"<br>Huh? It's pronounced "refuse"? Oh, whatever - just take this!.	Tenho um presente para você que você não pode "re-fundir"<br>Hã? O certo é "recusar"? Ah, tanto faz - só pegue isto!.
fala_derrota	I only lost because you have a fuse box!	Só perdi porque você tem uma caixa de fusíveis!
fala_derrota	I'd keep winning if I had what you had, too!	Eu continuaria vencendo se tivesse o que você tem também!
fala_antes_batalha	With my charm and my Pokémon's power, you'll end up shocked!	Com meu charme e o poder dos meus Pokémon, você vai acabar em choque!
fala_antes_batalha	My charm doesn't need improvement, but I'm sure my Pokémon may use some battle experience.<br>Let's rematch!	Meu charme não precisa melhorar, mas tenho certeza de que meus Pokémon podem usar um pouco de experiência de batalha.<br>Vamos à revanche!
fala_antes_batalha	My charms just got me a new Pokémon. I knew I still got it!<br>Let's check out how good it is!	Meu charme acabou de me render um Pokémon novo. Eu sabia que ainda levava jeito!<br>Vamos ver o quanto ele é bom!
fala_antes_batalha	I was shocked when I found my <UNEVOLVED_POKEMON> had evolved!<br>What did it evolve into? Let me show you!	Fiquei em choque quando vi que meu <UNEVOLVED_POKEMON> tinha evoluído!<br>No que ele evoluiu? Deixa eu te mostrar!
fala_antes_batalha	Fusing my charm and my Pokémon's power is not enough, so I'm going to fuse <HEAD_POKEMON> and <BODY_POKEMON>. Want to see the results?	Fundir meu charme com o poder dos meus Pokémon não basta, então vou fundir o <HEAD_POKEMON> e o <BODY_POKEMON>. Quer ver o resultado?
fala_antes_batalha	I wasn't electrified about <UNFUSED_POKEMON>'s ability in battle... Maybe unfusing it is for the better?	Eu não estava eletrizado com a habilidade do <UNFUSED_POKEMON> em batalha... Talvez desfazer a fusão seja melhor?
fala_antes_batalha	I just realized my Pokémon's shock potential will be even better if it reversed! Do you want to try it with me?	Acabei de perceber que o potencial de choque do meu Pokémon vai ser ainda melhor se ele for invertido! Quer testar comigo?
fala_antes_batalha	I did say my charm is a big asset of mine, didn't I? Here, have this gift!	Eu disse que meu charme é um dos meus grandes trunfos, não disse? Aqui, fique com este presente!
fala_derrota	I was the one shocked!	Quem levou o choque fui eu!
fala_derrota	It's not shocking anymore!	Não está mais chocante!
fala_antes_batalha	I have the ultimate strategy. This combo is unbeatable together.	Tenho a estratégia definitiva. Este combo é imbatível.
fala_antes_batalha	I think I know a new strategy.<br>I hope this works!	Acho que tenho uma estratégia nova.<br>Espero que funcione!
fala_antes_batalha	I gener- I mean, caught a new Pokemon. <br>Lemme see if this one is strong enough.	Eu ger- quer dizer, capturei um Pokémon novo. <br>Deixa eu ver se este é forte o bastante.
fala_antes_batalha	I got some Rare Candies and my <UNEVOLVED_POKEMON> evolved!<br>Yes, they are legit... <br>Look, let us just battle.	Consegui uns Rare Candies e meu <UNEVOLVED_POKEMON> evoluiu!<br>Sim, são legítimos... <br>Olha, vamos só batalhar.
fala_antes_batalha	I changed my team a bit like that one Pokemon Champion guy does!	Mudei um pouco meu time, igual àquele cara Campeão Pokémon faz!
fala_antes_batalha	I needed to reorganize my team a little bit, so I had to unfuse some things.	Precisei reorganizar um pouco meu time, então tive que desfazer algumas fusões.
fala_antes_batalha	I found out I had one of those Reverser thingies in my bag, so I used that to make my team more dynamic.	Descobri que tinha um desses negócios de Reverser na bolsa, então usei para deixar meu time mais dinâmico.
fala_antes_batalha	I got this item that fell out of favor, and I do not want it anymore. <br>So here, take this.	Peguei este item que saiu de moda, e não quero mais. <br>Então aqui, pegue.
fala_derrota	Wait a second... <br> How did my Pokemon lose? I followed the best guides!	Espere um segundo... <br> Como meu Pokémon perdeu? Eu segui os melhores guias!
fala_derrota	Back to the drawing board!	De volta à prancheta!
fala_antes_batalha	There is only one thing you need to know about me, and that is that there is only one thing you need to know about me.	Só há uma coisa que você precisa saber sobre mim, e é que só há uma coisa que você precisa saber sobre mim.
fala_antes_batalha	You already know everything there is to know about me.<br>All I can offer you now is another rematch.	Você já sabe tudo o que há para saber sobre mim.<br>Tudo o que posso te oferecer agora é outra revanche.
fala_antes_batalha	There is something new to know about me! I have a new Pokémon!	Há algo novo para saber sobre mim! Tenho um Pokémon novo!
fala_antes_batalha	My <UNEVOLVED_POKEMON> has evolved, and I decided to follow suit!	Meu <UNEVOLVED_POKEMON> evoluiu, e decidi seguir o exemplo!
fala_antes_batalha	I was overwhelmed with my number of Pokémon, so I fused some of them together.	Eu estava sobrecarregado com tantos Pokémon, então fundi alguns deles.
fala_antes_batalha	Let me tell you everything there is to know about my <UNFUSED_POKEMON>!	Deixa eu te contar tudo o que há para saber sobre meu <UNFUSED_POKEMON>!
fala_antes_batalha	Reversing your Pokémon can have huge consequences, so really think it through first!	Inverter seus Pokémon pode ter grandes consequências, então pense bem antes!
fala_antes_batalha	I want to give this to you so that a piece of me is always with you.	Quero te dar isto para que um pedacinho de mim esteja sempre com você.
fala_derrota	Maybe I told you a bit too much about myself.	Talvez eu tenha falado um pouco demais sobre mim.
fala_derrota	I need to develop as a person if I want to keep up with you.	Preciso crescer como pessoa se quiser te acompanhar.
fala_antes_batalha	I swell with optimism, seeing a promising young Trainer like you!	Fico cheio de otimismo vendo um jovem Treinador tão promissor como você!
fala_antes_batalha	A <CAUGHT_POKEMON> wandered in here and got stuck because of the door traps, poor thing. I designed my gym for youthful Trainers like you, not wild Pokémon!<br>Well, you don't need to worry about the Pokémon. It's not wild anymore, if you know what I mean!	Um <CAUGHT_POKEMON> entrou aqui e ficou preso por causa das armadilhas das portas, coitado. Projetei meu ginásio para jovens Treinadores como você, não para Pokémon selvagens!<br>Bom, não precisa se preocupar com o Pokémon. Ele não é mais selvagem, se é que me entende!
fala_antes_batalha	Shocking! Electrifying! Wahahahah! My <UNEVOLVED_POKEMON> just evolved!<br>It fills me with energy, watching my Pokémon grow up alongside the Trainers that battle here!	Chocante! Eletrizante! Wahahahah! Meu <UNEVOLVED_POKEMON> acabou de evoluir!<br>Me enche de energia ver meus Pokémon crescerem junto com os Treinadores que batalham aqui!
fala_antes_batalha	Fusing Pokémon is a little bit like engineering. You decide which parts are best for each other, and then you combine them to create something electrifying! Wahahahah!	Fundir Pokémon é um pouco como engenharia. Você decide quais peças combinam melhor e depois as junta para criar algo eletrizante! Wahahahah!
fala_antes_batalha	My Pokémon help me with repairing the traps in my Gym. <UNFUSED_POKEMON> unfused to help with two different rigged doors at once, so don't be surprised if you see a <BODY_POKEMON> or a <HEAD_POKEMON> running around!	Meus Pokémon me ajudam a consertar as armadilhas do meu Ginásio. O <UNFUSED_POKEMON> se separou para ajudar em duas portas armadas ao mesmo tempo, então não se surpreenda se vir um <BODY_POKEMON> ou um <HEAD_POKEMON> correndo por aí!
fala_antes_batalha	Our batteries ran dry, so to speak. I reversed <UNREVERSED_POKEMON> to change things up!	Nossas baterias acabaram, por assim dizer. Inverti o <UNREVERSED_POKEMON> para mudar um pouco as coisas!
fala_antes_batalha	Wahahahah! All right, youngster, you've got my approval! I look forward to more big things from you in the future! Now, take this!	Wahahahah! Muito bem, jovem, você tem minha aprovação! Espero coisas grandes de você no futuro! Agora, pegue isto!
fala_derrota	Wahahahah! Fine, I lost!	Wahahahah! Tudo bem, eu perdi!
fala_derrota	Wahahahah! That was a great victory! I'm so impressed by the way you battle that I can't help but laugh!	Wahahahah! Que grande vitória! Estou tão impressionado com o seu jeito de batalhar que não consigo parar de rir!
fala_antes_batalha	If you want to save money on your camping trip, follow this one simple trick!	Se quiser economizar no seu acampamento, siga este truque simples!
fala_antes_batalha	I'm thinking about more ways to go camping on a budget.	Estou pensando em mais jeitos de acampar gastando pouco.
fala_antes_batalha	I caught this <CAUGHT_POKEMON> when it was sneaking up on my tent!<br>Always stay alert when sleeping outside!	Capturei este <CAUGHT_POKEMON> quando ele estava se esgueirando até minha barraca!<br>Fique sempre alerta quando dormir ao ar livre!
fala_antes_batalha	My <UNEVOLVED_POKEMON> evolved!<br>Now it can carry more stuff for me!	Meu <UNEVOLVED_POKEMON> evoluiu!<br>Agora ele pode carregar mais coisas para mim!
fala_antes_batalha	Have you heard of a spork? It's a fusion between a spoon and a fork! It's kind of like my Pokémon, in a way.	Você já ouviu falar de garfher? É uma fusão de colher com garfo! É meio parecido com meu Pokémon, de certa forma.
fala_antes_batalha	My spork broke! Now it's back to being a spoon and a fork... Like my Pokémon...	Meu garfher quebrou! Agora voltou a ser colher e garfo... Igual ao meu Pokémon...
fala_antes_batalha	Look! I turned my spork into a foroon!	Olha! Transformei meu garfher num colgarfo!
fala_antes_batalha	When traveling on a budget, you don't want to carry anything you don't need.<br>Here, you can have this.	Quando se viaja gastando pouco, não se quer carregar nada desnecessário.<br>Aqui, pode ficar com isto.
fala_derrota	The trip back to the Pokémon Center is quick and free!	A volta para o Pokémon Center é rápida e de graça!
fala_derrota	Are you really gonna take my money?<br>I need it for my trip next month...<br>Aww, man...	Você vai mesmo levar meu dinheiro?<br>Preciso dele para a minha viagem do mês que vem...<br>Ah, cara...
fala_antes_batalha	Something smells nice here. Oh wait, it's me!	Tem algo cheirando bem aqui. Ah, espera, sou eu!
fala_antes_batalha	What even is an Aroma Lady, you ask?<br> Let me give you another demonstration; maybe then you will understand!	O que é uma Aroma Lady, você pergunta?<br> Deixa eu te dar outra demonstração; talvez assim você entenda!
fala_antes_batalha	A <CAUGHT_POKEMON> was attracted to my smell and now it won't leave my side anymore.	Um <CAUGHT_POKEMON> foi atraído pelo meu cheiro e agora não sai mais do meu lado.
fala_antes_batalha	When I put on my new perfume, my <UNEVOLVED_POKEMON> evolved.	Quando passei meu perfume novo, meu <UNEVOLVED_POKEMON> evoluiu.
fala_antes_batalha	Today I tried putting on two perfumes at the same time.<br>The combined smell is mesmerizing.	Hoje tentei passar dois perfumes ao mesmo tempo.<br>O cheiro combinado é hipnotizante.
fala_antes_batalha	Even with no perfume at all, I still smell very nice.	Mesmo sem perfume nenhum, continuo cheirando muito bem.
fala_antes_batalha	I have a cold today and I can't smell well.<br>Please tell me I still smell nice?	Estou resfriada hoje e não consigo sentir cheiro direito.<br>Por favor, me diga que continuo cheirosa?
fala_antes_batalha	Would you buy my perfume?<br>It's not on sale yet, but here is a bonus for early customers.	Você compraria meu perfume?<br>Ainda não está à venda, mas aqui está um bônus para os primeiros clientes.
fala_derrota	I couldn't focus on the fight! The smell is just too nice!	Não consegui focar na luta! O cheiro é bom demais!
fala_derrota	Some moderation, please! My goodness...	Um pouco de moderação, por favor! Minha nossa...
fala_antes_batalha	Munch, munch. I'm just here eating a sandwich. We should battle, too.	Nhac, nhac. Só estou aqui comendo um sanduíche. A gente devia batalhar também.
fala_antes_batalha	Munch, munch, munch. Hm? Did you want something?	Nhac, nhac, nhac. Hm? Você queria alguma coisa?
fala_antes_batalha	I have a tendency to drop food out of my sandwich when I walk. It led this <CAUGHT_POKEMON> right to me!	Tenho mania de deixar cair comida do sanduíche quando ando. Isso trouxe este <CAUGHT_POKEMON> direto até mim!
fala_antes_batalha	I gave my <UNEVOLVED_POKEMON> a sandwich, and then it evolved! What're in these sandwiches?	Dei um sanduíche ao meu <UNEVOLVED_POKEMON>, e aí ele evoluiu! O que tem nesses sanduíches?
fala_antes_batalha	I took a sip of my tea before having a bite of my sandwich, and that made it even tastier!<br>Wait, that gives me an idea! Let me use this DNA Splicer before we do anything!	Tomei um gole de chá antes de morder meu sanduíche, e isso o deixou ainda mais gostoso!<br>Espera, isso me deu uma ideia! Deixa eu usar este DNA Splicer antes de qualquer coisa!
fala_antes_batalha	Ugh, there's onions in my sandwich. I've got to take it apart to improve it.<br>Wait, that gives me an idea! Let me use this DNA Splicer first!	Argh, tem cebola no meu sanduíche. Vou ter que desmontá-lo para melhorar.<br>Espera, isso me deu uma ideia! Deixa eu usar este DNA Splicer primeiro!
fala_antes_batalha	What's the reverse of a sandwich? It's a chiwdnas! No, that's not right. It's a salad? Uhhh, well, the reverse of my <UNREVERSED_POKEMON> is a <REVERSED_POKEMON>!	Qual é o inverso de um sanduíche? É um ehcíudnas! Não, não é isso. É uma salada? Hum, bom, o inverso do meu <UNREVERSED_POKEMON> é um <REVERSED_POKEMON>!
fala_antes_batalha	I stand here and eat a sandwich every day. You see some crazy stuff that way.<br>Here, this went flying past me once. Since it didn't land in my sandwich, you can have it.	Fico aqui comendo um sanduíche todo dia. A gente vê cada coisa maluca assim.<br>Aqui, isto passou voando por mim uma vez. Como não caiu no meu sanduíche, pode ficar com você.
fala_derrota	Gulp! I guess you shouldn't battle with your mouth full!	Glup! Acho que não se deve batalhar de boca cheia!
fala_derrota	Ack! Choked on my sandwich!	Argh! Engasguei com meu sanduíche!
fala_antes_batalha	Have you seen my sandwich? I must have dropped it somewhere, and now I'm starving!	Você viu meu sanduíche? Devo ter deixado cair em algum lugar, e agora estou morrendo de fome!
fala_antes_batalha	Just who keeps stealing all of my snacks?!<br>Do you think a Pokémon is behind this?	Quem é que vive roubando todos os meus lanches?!<br>Você acha que tem um Pokémon por trás disso?
fala_antes_batalha	I thought this <CAUGHT_POKEMON> was behind the disappearance of my snacks.<br>But no, they keep vanishing.	Achei que este <CAUGHT_POKEMON> estava por trás do sumiço dos meus lanches.<br>Mas não, eles continuam desaparecendo.
fala_antes_batalha	I found some slices of onion on the ground, but I decided to feed them to my <UNEVOLVED_POKEMON> instead.<br>You won't believe what happened next!	Achei umas rodelas de cebola no chão, mas decidi dar ao meu <UNEVOLVED_POKEMON>.<br>Você não vai acreditar no que aconteceu depois!
fala_antes_batalha	There wasn't enough food left to feed all of my Pokémon, so I had to reduce the number of mouths to feed... <br>Don't worry, I just fused two of my Pokémon!	Não sobrou comida suficiente para alimentar todos os meus Pokémon, então tive que reduzir o número de bocas para alimentar... <br>Não se preocupe, só fundi dois dos meus Pokémon!
fala_antes_batalha	My <UNFUSED_POKEMON> was so hungry that it tried to eat a DNA Splicer...	Meu <UNFUSED_POKEMON> estava com tanta fome que tentou comer um DNA Splicer...
fala_antes_batalha	My stomach is so empty, it's about to underflow and turn into a positive value.	Meu estômago está tão vazio que está prestes a dar a volta e virar um valor positivo.
fala_antes_batalha	Please, just give me something to eat! I'll even give you this!	Por favor, só me dê algo para comer! Te dou até isto!
fala_derrota	Urgh! I shoudn't have challenged you with an empty stomach!	Argh! Eu não devia ter te desafiado de estômago vazio!
fala_derrota	I don't think I have enough strength left to make it home.	Acho que não tenho forças suficientes para chegar em casa.
fala_antes_batalha	That's the spirit! I like you!	É assim que se fala! Gostei de você!
fala_antes_batalha	You've come for another battle? Well maybe this one will be my "Victor"-y, heh heh!	Você veio para outra batalha? Bem, talvez esta seja a minha "Victor"-ia, heh heh!
fala_antes_batalha	Holy leaping Linoone in the land of Littleroot! I caught a new Pokémon, and now it's time to battle with it!	Pelos Linoone saltitantes da terra de Littleroot! Capturei um Pokémon novo, e agora é hora de batalhar com ele!
fala_antes_batalha	Great day in the morning! I guess I've gotten a bit stronger!<br>I must have if my <UNEVOLVED_POKEMON> evolved!	Que manhã maravilhosa! Acho que fiquei um pouco mais forte!<br>Só pode ser, se meu <UNEVOLVED_POKEMON> evoluiu!
fala_antes_batalha	Well, would you look at that! I used a DNA Splicer, and now my Pokémon is combined like a troubling thicket of Tangela on a Tuesday evening!	Ora, veja só! Usei um DNA Splicer, e agora meu Pokémon está combinado feito um emaranhado de Tangela numa terça à noite!
fala_antes_batalha	When I was your age, all this "fusion" stuff wasn't a thing.<br>It's for sure great and all, but I like to unfuse sometimes for the nostalgia...	Quando eu tinha sua idade, essa história de "fusão" não existia.<br>É ótimo e tudo mais, mas às vezes gosto de desfazer a fusão pela nostalgia...
fala_antes_batalha	My boy makes me proud; he's off on his own journey carving his own path like a Sandslash through soil!<br>Doesn't mean I can't try to improve myself!! Go, DNA Reverser!!	Meu garoto me enche de orgulho; ele saiu em sua própria jornada, abrindo caminho como um Sandslash cavando a terra!<br>Isso não quer dizer que eu não possa tentar melhorar!! Vai, DNA Reverser!!
fala_antes_batalha	That was a good battle! Shame I lost again, though.<br>A victory like that deserves a prize, so here this is yours!	Que boa batalha! Pena que perdi de novo.<br>Uma vitória dessas merece um prêmio, então aqui, isto é seu!
fala_derrota	Aiyah! You're a lot tougher than I expected!	Aiyah! Você é bem mais durão do que eu esperava!
fala_derrota	If I keep losing like this, the missus will put me in the doghouse...	Se eu continuar perdendo assim, a patroa vai me mandar dormir no sofá...
fala_antes_batalha	Oh, my goodness! Aren't you young?<br>You must be quite the Trainer to beat my husband, though. It's my turn to battle now!	Minha nossa! Como você é jovem!<br>Mas deve ser um ótimo Treinador para vencer meu marido. Agora é minha vez de batalhar!
fala_antes_batalha	It's nice of you to visit again for another battle, dearie.<br>I'll be sure to give it my all!	Que gentileza você nos visitar de novo para outra batalha, meu bem.<br>Vou dar o meu melhor!
fala_antes_batalha	I've been a bit of an empty nester since my son left, so I caught a new Pokémon to help keep me company. Let's show them what for, <CAUGHT_POKEMON>!	Fiquei meio de ninho vazio desde que meu filho saiu de casa, então capturei um Pokémon novo para me fazer companhia. Vamos mostrar a eles, <CAUGHT_POKEMON>!
fala_antes_batalha	My little cutie of a <UNEVOLVED_POKEMON> evolved! I guess I can't really call it little anymore though...	Meu fofinho <UNEVOLVED_POKEMON> evoluiu! Acho que não posso mais chamá-lo de pequeno...
fala_antes_batalha	I'm happy I still get to battle as much as I do at this age! Yet, all this fusion stuff, well...<br>It sometimes reminds me of our honeymoon...	Fico feliz por ainda batalhar tanto nesta idade! Mas toda essa coisa de fusão, bem...<br>Às vezes me lembra a nossa lua de mel...
fala_antes_batalha	My <FUSED_POKEMON> was being a bit bratty, so I had to put it in "timeout" for a bit by unfusing it.<br>Hopefully this battle will help clear their minds!	Meu <FUSED_POKEMON> estava meio malcriado, então tive que deixá-lo de castigo um pouco desfazendo a fusão.<br>Espero que esta batalha ajude a clarear as ideias deles!
fala_antes_batalha	I try to keep my home nice and full of "feng shui". I try to do same with my Pokémon as well, but it hasn't felt right....<br>Maybe reversing a fusion on my team will fix that feeling right up!	Tento manter minha casa bonita e cheia de "feng shui". Tento fazer o mesmo com meus Pokémon, mas não parecia certo....<br>Talvez inverter uma fusão do meu time resolva essa sensação!
fala_antes_batalha	Our son is off on his own journey. It makes a mother worry...<br>You remind me a lot of him, so take this.	Nosso filho saiu em sua própria jornada. Isso deixa uma mãe preocupada...<br>Você me lembra muito ele, então pegue isto.
fala_derrota	Oh, gosh! I can't get over how strong you are!	Ai, minha nossa! Não consigo acreditar como você é forte!
fala_derrota	That strength is just amazing! My husband could learn a thing or two from you.	Essa força é simplesmente incrível! Meu marido podia aprender uma coisa ou outra com você.
fala_antes_batalha	You're stronger than Mommy?<br>Wow! But I'm strong, too! Really! Honestly!	Você é mais forte que a mamãe?<br>Uau! Mas eu também sou forte! Sério! De verdade!
fala_antes_batalha	You've come for another battle? Great!<br>If we keep battling, eventually I'll be as strong as my brother Vito!	Você veio para outra batalha? Ótimo!<br>Se continuarmos batalhando, um dia vou ser tão forte quanto meu irmão Vito!
fala_antes_batalha	I caught another Pokémon!<br>I'm one step closer to being the best in the family!	Capturei outro Pokémon!<br>Estou um passo mais perto de ser a melhor da família!
fala_antes_batalha	Hey! Did you know?<br>Did you know that my Pokémon have gotten stronger and evolved since last time we've battled?<br>Now you know!	Ei! Sabia?<br>Sabia que meus Pokémon ficaram mais fortes e evoluíram desde a última vez que batalhamos?<br>Agora você sabe!
fala_antes_batalha	I called my brother and asked him for some advice. He recommended fusing my <HEAD_POKEMON> and <BODY_POKEMON> together!<br>Let's see if he was right!	Liguei para o meu irmão e pedi um conselho. Ele recomendou fundir meu <HEAD_POKEMON> com meu <BODY_POKEMON>!<br>Vamos ver se ele estava certo!
fala_antes_batalha	A good Trainer knows when to take a step back and re-strategize their team.<br>That's why I unfused my <UNFUSED_POKEMON>!	Um bom Treinador sabe quando dar um passo atrás e repensar a estratégia do time.<br>Por isso desfiz a fusão do meu <UNFUSED_POKEMON>!
fala_antes_batalha	I wanted to mix things up, so I used a DNA Reverser. My dad could learn a thing or two from that.<br>I'm getting sidetracked! Let's battle!	Eu queria variar, então usei um DNA Reverser. Meu pai podia aprender uma coisa ou outra com isso.<br>Estou me distraindo! Vamos batalhar!
fala_antes_batalha	I lost ag-gain, sniffle... B-but I'll keep improving, so thanks!<br>I think you should have this!	Perdi de n-novo, snif... M-mas vou continuar melhorando, então obrigada!<br>Acho que você devia ficar com isto!
fala_derrota	H-Huh? Did I just lose? But...	H-hã? Eu acabei de perder? Mas...
fala_derrota	I still gotta learn, sniffle, how to not be a bad loser first...	Ainda preciso aprender, snif, a não ser má perdedora primeiro...
fala_antes_batalha	How dare you make my granddaughter cry!<br>For that, I'm going to smack you! Prepare to lose!	Como você ousa fazer minha neta chorar!<br>Por isso, vou te dar uma surra! Prepare-se para perder!
fala_antes_batalha	I haven't forgiven you for making my granddaughter cry!<br>I'll beat you senseless!	Ainda não te perdoei por fazer minha neta chorar!<br>Vou te deixar tonto de tanto apanhar!
fala_antes_batalha	This 97-year-old granny can still catch Pokémon the old-fashioned way! Hwah!	Esta vovó de 97 anos ainda consegue capturar Pokémon do jeito antigo! Hwah!
fala_antes_batalha	My <UNEVOLVED_POKEMON> evolved, and let me tell you...<br>My son could learn a' thing or two from that, keh he!	Meu <UNEVOLVED_POKEMON> evoluiu, e vou te contar...<br>Meu filho podia aprender uma coisa ou outra com isso, keh he!
fala_antes_batalha	When fusing Pokémon, some think about power or looks...<br>... But that's all nonsense! I just wanted an excuse to spoil 'em! Kwah ha!	Ao fundir Pokémon, uns pensam em poder ou aparência...<br>... Mas isso é tudo bobagem! Eu só queria uma desculpa para mimá-los! Kwah ha!
fala_antes_batalha	I taught my grandson nearly everything he knows about battling!<br>So, you shouldn't be surprised either that I know when to unfuse my Pokémon!	Ensinei ao meu neto quase tudo o que ele sabe sobre batalhas!<br>Então você também não devia se surpreender por eu saber quando desfazer a fusão dos meus Pokémon!
fala_antes_batalha	These old eyes of mine... I had meant to use a Splicer, but instead I used a Reverser. Oh well!	Esses meus olhos velhos... Eu queria usar um Splicer, mas usei um Reverser. Paciência!
fala_antes_batalha	Keh he he! You've been spending a lot more time with us Winstrates than you have to!<br>Here, take this.	Keh he he! Você tem passado muito mais tempo conosco, os Winstrate, do que precisava!<br>Aqui, pegue isto.
fala_derrota	Kwah! You are strong... My granddaughter was right...	Kwah! Você é forte... Minha neta tinha razão...
fala_derrota	Didn't your parents teach you any manners? This isn't how you treat the elderly!	Seus pais não te ensinaram bons modos? Isso não é jeito de tratar os mais velhos!
fala_antes_batalha	When I was a kid, I played video games in which I climbed volcanoes, but you're actually doing it in real life right now!<br>Alright, the camera is on!<br>We have to make a report about this!	Quando eu era criança, jogava video games em que escalava vulcões, mas você está fazendo isso na vida real agora mesmo!<br>Certo, a câmera está ligada!<br>Temos que fazer uma reportagem sobre isso!
fala_derrota	My co-worker would like to ask you a few questions, if that is alright with you.	Minha colega gostaria de te fazer algumas perguntas, se não se importar.
fala_antes_batalha	We are filming a report about the recent influx of teenagers climbing that volcano unsupervised!<br>Okay, roll the camera!<br>Let's get this interview!	Estamos gravando uma reportagem sobre o recente aumento de adolescentes escalando aquele vulcão sem supervisão!<br>Certo, pode gravar!<br>Vamos fazer essa entrevista!
fala_derrota	Please, tell us about what motivates you to go on these adventures!	Por favor, conte para nós o que te motiva a sair nessas aventuras!
fala_antes_batalha	You're great for a newbie! Want to fight again?<br>We can trade Pokémon too if you'd like.	Você é ótimo para um novato! Quer lutar de novo?<br>Também podemos trocar Pokémon, se quiser.
fala_antes_batalha	I bought a DNA Splicer at the PokéMart and fused my <HEAD_POKEMON> and <BODY_POKEMON>! They're way more powerful together!	Comprei um DNA Splicer no PokéMart e fundi meu <HEAD_POKEMON> com meu <BODY_POKEMON>! Eles são muito mais poderosos juntos!
fala_derrota	I lost again...	Perdi de novo...
texto_script	\hsAwesome! And how many Heart Scales would you like to convert into Heart Coins?	\hsDemais! E quantas Heart Scales você gostaria de converter em Heart Coins?
texto_script	\hs{1} handed over the Heart Scales	\hs{1} entregou as Heart Scales
texto_script	Here you go! I converted your Heart Scales into {1} \C[1]{2}\C[0]!	Aqui está! Converti suas Heart Scales em {1} \C[1]{2}\C[0]!
texto_script	Come back whenever you find more Heart Scales to convert!	Volte sempre que encontrar mais Heart Scales para converter!
texto_script	If you find some Heart Scales, bring them to me and I'll convert them for you!	Se encontrar algumas Heart Scales, traga para mim que eu converto para você!
texto_script	The Pokémon Center	O Pokémon Center
texto_script	The Bicycle Shop	A Loja de Bicicletas
texto_script	The Clothing Boutique	A Butique de Roupas
texto_script	The Exp. Lab	O Exp. Lab
texto_script	The Game Corner	O Game Corner
texto_script	The Pokéball Workshop	A Oficina de Pokéballs
texto_script	The Gym Leader in Mauville City is \C[1]Wattson\C[0]. He specializes in Electric-type Pokémon.	O Gym Leader de Mauville City é o \C[1]Wattson\C[0]. Ele é especialista em Pokémon do tipo Electric.
texto_script	His Gym is located in the northwest part of the city. You can find it by exiting straight ahead and following the road, then turning left at the Pokémon Center.	O Ginásio dele fica na parte noroeste da cidade. Para chegar, saia em frente e siga a rua, depois vire à esquerda no Pokémon Center.
texto_script	Mauville has an interconnected network of tunnels to make it easy to get around the city. You're in them right now!	Mauville tem uma rede de túneis interligados para facilitar a circulação pela cidade. Você está neles agora mesmo!
texto_script	There is also a lower level that you can access through the stairs on the left.	Também há um nível inferior que você pode acessar pela escada à esquerda.
texto_script	The Pokémon Center is right in the middle of the city!	O Pokémon Center fica bem no meio da cidade!
texto_script	You can find it easily by exiting the tunnel straight ahead and following the road.	É fácil de encontrar: saia do túnel em frente e siga a rua.
texto_script	Rydel's bicycle shop is one of the most popular stores in the city! The owner is known to be very generous with Pokémon Trainers.	A loja de bicicletas do Rydel é uma das mais populares da cidade! O dono é conhecido por ser muito generoso com Treinadores Pokémon.
texto_script	To get to it, just exit the tunnel straight ahead and follow the road, then turn right at the Pokémon Center. You can't miss it!	Para chegar, é só sair do túnel em frente, seguir a rua e virar à direita no Pokémon Center. Não tem como errar!
texto_script	The Mauville Poké Mart sells a variety of items for Trainers. One of their top-selling items is the Cell Battery!	O Poké Mart de Mauville vende vários itens para Treinadores. Um dos mais vendidos é a Cell Battery!
texto_script	It's located right outside the tunnel, straight ahead.	Ele fica logo na saída do túnel, em frente.
texto_script	The Clothing Boutique is a popular store in Mauville. They sell several exclusive clothes and even offer \C[1]Dye kits\C[0] that can be used to dye your clothes and hats. It's a must-see!	A Butique de Roupas é uma loja popular de Mauville. Eles vendem várias roupas exclusivas e até oferecem \C[1]Kits de Tintura\C[0] para tingir suas roupas e chapéus. É imperdível!
texto_script	It's located right outside the tunnel, straight ahead, then to the right.	Ela fica logo na saída do túnel, em frente, depois à direita.
texto_script	The Exp. Lab is a high-tech laboratory where they can make \C[1]Experience Candies\C[0] for your Pokémon.	O Exp. Lab é um laboratório de alta tecnologia onde fazem \C[1]Doces de Experiência\C[0] para seus Pokémon.
texto_script	If you'd like to check it out, it's located on the upper level behind the gym, in the northernmost part of the city.	Se quiser conhecer, ele fica no nível superior atrás do ginásio, na parte mais ao norte da cidade.
texto_script	Most of the region's TV broadcasts are filmed right here at the TV Mauville studios.	A maioria das transmissões de TV da região é gravada aqui mesmo nos estúdios da TV Mauville.
texto_script	The studios are free to tour! To find it, just take a left in the tunnel and head to the lower level.	A visita aos estúdios é gratuita! Para encontrá-los, é só virar à esquerda no túnel e ir para o nível inferior.
texto_script	Mauville is very well known for its Game Corner. People come from all over the region to gamble!	Mauville é muito famosa pelo seu Game Corner. Vem gente de toda a região para apostar!
texto_script	The fastest way there is to take the stairs to the lower level of tunnel on the left and then head outside!	O jeito mais rápido de chegar é descer a escada para o nível inferior do túnel à esquerda e depois sair!
texto_script	The Pokéball Workshop is a family-owned workshop that can swap your Pokémon's Pokéball for a different one.	A Oficina de Pokéballs é uma oficina familiar que pode trocar a Pokéball do seu Pokémon por outra.
texto_script	You can find the workshop by taking a left and heading to the lower level of tunnel.	Você encontra a oficina virando à esquerda e indo para o nível inferior do túnel.
texto_script	Você escolhe este Pokémon?	Você escolhe este Pokémon?
texto_script	Do you choose this Pokémon?	Você escolhe este Pokémon?
texto_script	This is the \C[1]Transfer Box\C[0].	Esta é a \C[1]Caixa de Transferência\C[0].
texto_script	This box can be used to transfer Pokémon between \C[1]Pokémon Infinite Fusion\C[0] and \C[1]Pokémon Infinite Fusion: Hoenn\C[0] or between savefiles.	Esta caixa pode ser usada para transferir Pokémon entre o \C[1]Pokémon Infinite Fusion\C[0] e o \C[1]Pokémon Infinite Fusion: Hoenn\C[0] ou entre saves.
texto_script	Any Pokémon that is placed in this box will be accessible from every savefile of either game. You can deposit or withdraw Pokémon just like you would for any other box.	Qualquer Pokémon colocado nesta caixa vai ficar acessível em todos os saves dos dois jogos. Você pode depositar ou retirar Pokémon como faria em qualquer outra caixa.
texto_script	Transfer Box (Off)	Caixa de Transferência (Desligada)
texto_script	The Transfer Box is disabled because your savefile is flagged as randomized. You can still use it as a normal PC box, but the Pokémon you put in it won't be available in your other savefiles	A Caixa de Transferência está desativada porque seu save está marcado como randomizado. Você ainda pode usá-la como uma caixa normal do PC, mas os Pokémon que colocar nela não estarão disponíveis nos seus outros saves
texto_script	\C[2]The Transfer Box is disabled because your savefile is flagged as randomized. You can still use it as a normal PC box, but the Pokémon you put in it won't be available in your other savefiles	\C[2]A Caixa de Transferência está desativada porque seu save está marcado como randomizado. Você ainda pode usá-la como uma caixa normal do PC, mas os Pokémon que colocar nela não estarão disponíveis nos seus outros saves
texto_script	This Pokémon cannot be transferred.	Este Pokémon não pode ser transferido.
texto_script	Moving Pokémon in and out of the transfer box will save the game automatically. Is this okay?	Mover Pokémon para dentro ou para fora da caixa de transferência vai salvar o jogo automaticamente. Tudo bem?
texto_script	The \C[3]{1} App\C[0] was installed in the PokéNav!	O \C[3]App {1}\C[0] foi instalado no PokéNav!
texto_script	There doesn't seem to be any network coverage here...	Parece não haver cobertura de rede aqui...
texto_script	On the move!	Em movimento!
texto_script	\se[PC open]{1} booted up the PC.	\se[PC open]{1} ligou o PC.
texto_script	Put away the {1}?	Guardar {1}?
texto_script	Add a decoration	Adicionar uma decoração
texto_script	Move a decoration	Mover uma decoração
texto_script	There's no room here!	Não tem espaço aqui!
texto_script	It's the weather channel! Let's see how things are looking out today.	É o canal do tempo! Vamos ver como estão as coisas hoje.
texto_script	It's the trend-watcher network channel!	É o canal da rede de caçadores de tendências!
texto_script	"Everybody's talking about it, {1} has been all the rage all around the region!"	"Todo mundo está falando disso, {1} virou febre por toda a região!"
texto_script	"Nobody knows where it's started, but {1} is all that the younger people are talking about these days."	"Ninguém sabe onde começou, mas {1} é só o que os jovens comentam hoje em dia."
texto_script	"Where can someone get their hands on {1} {2}? We'll continue our investigation to find out!'"	"Onde alguém consegue pôr as mãos em {1} {2}? Vamos continuar nossa investigação para descobrir!'"
texto_script	"Experts say that {1} may just be the next big thing! Stay tuned for updates!"	"Especialistas dizem que {1} pode ser a próxima grande sensação! Fiquem ligados para mais novidades!"
texto_script	"Some say that {1} just a fad, but others seem to think it's here to stay! Stay tuned for updates!"	"Alguns dizem que {1} é só uma moda passageira, mas outros parecem achar que veio para ficar! Fiquem ligados para mais novidades!"
texto_script	It's showing the local news. There's a berry-growing contest going on in Petalburg Town!	Está passando o jornal local. Está rolando um concurso de cultivo de Berries em Petalburg Town!
texto_script	It's a rerun of PokéChef Deluxe. Nothing important on the news right now.	É uma reprise de PokéChef Deluxe. Nada importante no jornal agora.
texto_script	"...I'm currently standing in front of the Berry-growing contest in Petalburg Town. We've interviewed {1}, a local Trainer to get their thoughts on the contest!"	"...Estou agora em frente ao concurso de cultivo de Berries em Petalburg Town. Entrevistamos {1}, um Treinador local, para saber o que acha do concurso!"
texto_script	but they seemed very confident about it!	mas parecia muito confiante!
texto_script	and they seemed to be having fun already!	e já parecia estar se divertindo!
texto_script	and they understandably seemed a bit nervous!	e, compreensivelmente, parecia um pouco nervoso!
texto_script	but they didn't really seem very interested in it. Perhaps, they only joined for the prize?	mas não parecia muito interessado. Talvez só tenha entrado pelo prêmio?
texto_script	"This was {1}'s first time participating {2}"	"Esta foi a primeira participação de {1}, {2}"
texto_script	"Apparently, their strategy to win is to {1}. We'll see how that pays off for them!"	"Pelo jeito, a estratégia para vencer é {1}. Vamos ver se vai dar certo!"
texto_script	They seemed to be enjoying it a great amount!	Parecia estar se divertindo muito!
texto_script	It seemed they were still having a lot of fun!	Parecia continuar se divertindo bastante!
texto_script	The novelty wore down a bit for them, but they said they're still having a good time.	A novidade passou um pouco, mas disse que ainda está se divertindo.
texto_script	They didn't seem too interested in the contest when I asked them, but they still came back to participate again.	Não parecia muito interessado no concurso quando perguntei, mas mesmo assim voltou para participar de novo.
texto_script	"{1} is a returning participant to the contest{2}"	"{1} está voltando a participar do concurso{2}"
texto_script	"According to them, the secret trick to growing Berries is to {1}... Who would've thought!'"	"Segundo nosso entrevistado, o truque secreto para cultivar Berries é {1}... Quem diria!'"
texto_script	, it almost seems like they were having even more fun than the contestants themselves.!	, quase parece que está se divertindo ainda mais do que os próprios participantes.!
texto_script	, but they said that it was still fun as a spectator.	, mas disse que continua sendo divertido como espectador.
texto_script	, they just came to check it out of curiosity.	, só veio dar uma olhada por curiosidade.
texto_script	. They didn't seem too interested in the contest when I asked them, it seems they were just passing by.	. Não parecia muito interessado no concurso quando perguntei, parece que só estava de passagem.
texto_script	"{1} said they're not participating in the contest this year{2}"	"{1} disse que não vai participar do concurso este ano{2}"
texto_script	"I asked them to sum up the contest in one word and they said "{1}", without any hesitation! That really says it all, doesn't it?''"	"Pedi para resumir o concurso em uma palavra e a resposta foi "{1}", sem hesitar! Isso diz tudo, não é?''"
texto_script	"This was Gabby, reporting live from Petalburg Town. We'll see you again on our next broadcast!"	"Aqui foi Gabby, ao vivo de Petalburg Town. Até a nossa próxima transmissão!"
texto_script	This is a special bulletin for all Pokémon Trainers!⏎Pokémon boasting their hidden abilities have been spotted around \C[1]{1}\C[0]! Make sure to make your way over there for rare Pokémon before they're gone!⏎This concludes our special bulletin.	Este é um boletim especial para todos os Treinadores Pokémon!⏎Pokémon exibindo suas habilidades ocultas foram avistados perto de \C[1]{1}\C[0]! Corra para lá atrás de Pokémon raros antes que sumam!⏎Encerramos aqui nosso boletim especial.
texto_script	Attention all Berry enthusiasts! The Petalburg Berry Contest is now about to begin!⏎We'll be covering the event live in Petalburg Town, so make sure to tune in for this special broadcast!	Atenção, todos os entusiastas de Berries! O Concurso de Berries de Petalburg está prestes a começar!⏎Vamos cobrir o evento ao vivo de Petalburg Town, então não deixe de sintonizar nesta transmissão especial!
texto_script	\C[3]Friendship increased with {1} {2}!	\C[3]A amizade com {1} {2} aumentou!
texto_script	You can now trade with each other!	Agora vocês podem trocar entre si!
texto_script	They will now give you items after rematches from time to time!	A partir de agora, de vez em quando vão te dar itens depois das revanches!
texto_script	You can now partner up with them!	Agora você pode formar dupla com eles!
texto_script	Oh, you really like bugs too, right? Well, I have something for you!	Ah, você também gosta muito de insetos, né? Bom, tenho uma coisa para você!
texto_script	Hey! You know, if you're looking to catch more bugs, you should try putting this on!	Ei! Sabe, se quiser capturar mais insetos, devia experimentar vestir isto!
texto_script	Ho ho! You've been hanging around while I fish for so long, you're practically an angler yourself. It's time you dressed like one!	Ho ho! Você passou tanto tempo por perto enquanto eu pescava que praticamente já é um pescador. Está na hora de se vestir como um!
texto_script	All these rematches are so fun! Here, you should dress like me!	Todas essas revanches são tão divertidas! Aqui, você devia se vestir como eu!
texto_script	I give clothes to all of my friends! Here you go!	Eu dou roupas para todos os meus amigos! Aqui está!
texto_script	You moved here from Johto, right? My friend from Johto wears clothes like these!	Você se mudou de Johto, né? Meu amigo de Johto usa roupas como estas!
texto_script	Oh my goodness, look at your clothes! This simply won't do. Here, I bought this for you!	Minha nossa, olha só suas roupas! Assim simplesmente não dá. Aqui, comprei isto para você!
texto_script	The beach is so fun! Oh! Wear this before you go swimming in the water!	A praia é muito divertida! Ah! Vista isto antes de ir nadar!
texto_script	Sailor! You're a good battler, but you need to wear something this if you want to conquer the sea!	Marujo! Você batalha bem, mas precisa vestir algo assim se quiser conquistar o mar!
texto_script	Don't say anything... I know you want this.	Não diga nada... Eu sei que você quer isto.
texto_script	\PN, you're a true Poké Fan like me! Here's a fun mask for you or your Pokémon!	\PN, você é um verdadeiro Poké Fan como eu! Aqui está uma máscara divertida para você ou seus Pokémon!
texto_script	(Debug) Simulate random event	(Debug) Simular evento aleatório
texto_script	(Debug) Reset trainer	(Debug) Resetar treinador
texto_script	(Debug) Set Friendship	(Debug) Definir Amizade
texto_script	(Debug) Print team	(Debug) Mostrar time
texto_script	(Debug) Print inventory	(Debug) Mostrar inventário
texto_script	I... I don't think I can handle a fused Pokémon. Can we try to catch a different one?	Eu... Acho que não consigo lidar com um Pokémon fundido. Podemos tentar capturar outro?
texto_script	Would you like to give the newly caught {1} to {2}?	Gostaria de dar o {1} recém-capturado para {2}?
texto_script	You gave the {1} to {2}!	Você deu o {1} para {2}!
texto_script	The trainer is not ready to trade yet. Wait a little bit before you make your offer.	O treinador ainda não está pronto para trocar. Espere um pouco antes de fazer sua oferta.
texto_script	{1} {2} is looking for Pokémon of the following type(s):⏎{3}⏎Which Pokémon do you want to trade?	{1} {2} está procurando Pokémon do(s) seguinte(s) tipo(s):⏎{3}⏎Qual Pokémon você quer trocar?
texto_script	{1} {2} does not want to trade...	{1} {2} não quer trocar...
texto_script	{1} {2} is offering {3} (Level {4}) for your {5}.	{1} {2} está oferecendo {3} (Nível {4}) pelo seu {5}.
texto_script	Trade away {1} for {2} {3}'s {4}?	Trocar {1} pelo {4} de {2} {3}?
texto_script	Save your changes and exit.	Salvar as alterações e sair.
texto_script	Exit without saving your changes.	Sair sem salvar as alterações.
texto_script	Restore the default controls.	Restaurar os controles padrão.
texto_script	Moves the character. Select entries and navigate menus.	Move o personagem. Seleciona opções e navega pelos menus.
texto_script	Confirm a choice, check things, talk to people, and move through text.	Confirma uma escolha, examina coisas, fala com as pessoas e avança o texto.
texto_script	Exit, cancel a choice or mode, and move at field in a different speed.	Sai, cancela uma escolha ou modo, e muda a velocidade de movimento no mapa.
texto_script	Open the menu. Also has various functions depending on context.	Abre o menu. Também tem várias funções dependendo do contexto.
texto_script	Advance quickly in menus.	Avança rápido nos menus.
texto_script	Open Ready Menu, with registered items and available field moves.	Abre o Menu Rápido, com itens registrados e golpes de campo disponíveis.
texto_script	Toggles fast-forward speed.	Liga/desliga a aceleração.
texto_script	Set the controls.	Configurar os controles.
texto_script	Save & Exit	Salvar e Sair
texto_script	Are you sure? You can still exit this screen without keeping the changes.	Tem certeza? Você ainda pode sair desta tela sem manter as alterações.
texto_script	Replace existing key	Substituir tecla existente
texto_script	What you want to do?	O que você quer fazer?
texto_script	Choose an assigned key.	Escolha uma tecla atribuída.
texto_script	You can't remove a key when there was only one!	Você não pode remover uma tecla quando só há uma!
texto_script	Press a new key.	Pressione uma nova tecla.
texto_script	Fill all fields!	Preencha todos os campos!
texto_script	{1}'s secret base	Base secreta de {1}
texto_script	Welcome to my secret base!	Bem-vindo à minha base secreta!
texto_script	Share your secret base	Compartilhar sua base secreta
texto_script	Import a friend's secret base	Importar a base secreta de um amigo
texto_script	Remove a friend's secret base	Remover a base secreta de um amigo
texto_script	Set your base's Team	Definir o Time da sua base
texto_script	[DEBUG] Copy your Trainer ID	[DEBUG] Copiar seu ID de Treinador
texto_script	[DEBUG] Export base to clipboard	[DEBUG] Exportar base para a área de transferência
texto_script	Once you share you base, it may randomly appear in other player's games.	Depois que você compartilhar sua base, ela pode aparecer aleatoriamente nos jogos de outros jogadores.
texto_script	The other players will be able to see your character's name, your base's layout, your custom message, and battle your team.	Os outros jogadores vão poder ver o nome do seu personagem, a disposição da sua base, sua mensagem personalizada, e batalhar contra o seu time.
texto_script	You can only share your secret base once per day. Would you like to continue and publish your current secret base? (Your game will save automatically afterwards)	Você só pode compartilhar sua base secreta uma vez por dia. Gostaria de continuar e publicar sua base secreta atual? (Seu jogo vai salvar automaticamente depois)
texto_script	Your secret base was shared successfully!	Sua base secreta foi compartilhada com sucesso!
texto_script	There was a problem uploading your Secret Base. The operation was cancelled.	Houve um problema ao enviar sua Base Secreta. A operação foi cancelada.
texto_script	Your friend's base was imported!	A base do seu amigo foi importada!
texto_script	There was a problem, your friend's secret base was not imported.	Houve um problema, a base secreta do seu amigo não foi importada.
texto_script	Your Trainer ID was copied to the clipboard!	Seu ID de Treinador foi copiado para a área de transferência!
texto_script	The trainer ID you copied is your own! You need to have your friend copy theirs and send it to you.	O ID de treinador que você copiou é o seu! Seu amigo precisa copiar o dele e enviar para você.
texto_script	Is this your friend's Trainer ID? \C[1]{1}\C[0]	Este é o ID de Treinador do seu amigo? \C[1]{1}\C[0]
texto_script	Copy your friend's ID and choose 'Refresh'. The game will detect it from your clipboard.	Copie o ID do seu amigo e escolha 'Atualizar'. O jogo vai detectá-lo na sua área de transferência.
texto_script	The Trainer ID you entered is not valid. Trainer IDs are composed of 10 numbers.	O ID de Treinador que você digitou não é válido. IDs de Treinador são compostos por 10 números.
texto_script	Hey, I'm \C[1]{1}\C[0], welcome to my secret base!	Ei, eu sou \C[1]{1}\C[0], bem-vindo à minha base secreta!
texto_script	Do you want to create a new secret base here?	Quer criar uma nova base secreta aqui?
texto_script	This will overwrite your current secret base. Do you still wish to continue?	Isso vai substituir sua base secreta atual. Ainda deseja continuar?
texto_script	\me[{1}]You obtained a \c[1]{2}\c[0]!	\me[{1}]Você obteve \c[1]{2}\c[0]!
texto_script	The game couldn't find your friend's base. Make sure that they published it and that you wrote their trainer ID correctly.	O jogo não encontrou a base do seu amigo. Confira se ele a publicou e se você digitou o ID de treinador corretamente.
texto_script	The base could not be uploaded	Não foi possível enviar a base
texto_script	Get into a battle against 2 wild Pokémon at once	Entre numa batalha contra 2 Pokémon selvagens ao mesmo tempo
texto_script	Get into a battle against 3 wild Pokémon at once	Entre numa batalha contra 3 Pokémon selvagens ao mesmo tempo
texto_script	Get into a battle against 2 different wild Pokémon at once	Entre numa batalha contra 2 Pokémon selvagens diferentes ao mesmo tempo
texto_script	Get into a battle against 3 different wild Pokémon at once	Entre numa batalha contra 3 Pokémon selvagens diferentes ao mesmo tempo
texto_script	Get into a battle against 2 wild fused Pokémon at once	Entre numa batalha contra 2 Pokémon selvagens fundidos ao mesmo tempo
texto_script	Get into a battle against 2 of the same Pokémon at once	Entre numa batalha contra 2 Pokémon iguais ao mesmo tempo
texto_script	Get into a battle against 3 of the same species of Pokémon at once	Entre numa batalha contra 3 Pokémon da mesma espécie ao mesmo tempo
texto_script	Catch a Pokémon off guard	Pegue um Pokémon desprevenido
texto_script	Catch a curious Pokémon off guard	Pegue um Pokémon curioso desprevenido
texto_script	Catch an aggressive Pokémon off guard	Pegue um Pokémon agressivo desprevenido
texto_script	Catch a skittish Pokémon off guard	Pegue um Pokémon arisco desprevenido
texto_script	Get a wild Pokémon to chase you for 20 steps	Faça um Pokémon selvagem te perseguir por 20 passos
texto_script	Defeat a Pokémon in one move using a not-very-effective move	Derrote um Pokémon com um golpe só, usando um golpe pouco eficaz
texto_script	Defeat a wild Pokémon without inflicting any direct damage	Derrote um Pokémon selvagem sem causar dano direto
texto_script	Get an opposing Pokémon to exactly 1 HP	Deixe um Pokémon adversário com exatamente 1 de HP
texto_script	Make your opponent flinch during a battle	Faça seu oponente hesitar durante uma batalha
texto_script	Rematch a trainer	Faça uma revanche com um treinador
texto_script	Use a healing item during a battle.	Use um item de cura durante uma batalha.
texto_script	Use a stat-boosting move or item during a battle	Use um golpe ou item que aumente atributos durante uma batalha
texto_script	Sharply boost your Pokémon's stats in a battle	Aumente muito os atributos do seu Pokémon numa batalha
texto_script	Max out one of your stats during a battle	Maximize um dos seus atributos durante uma batalha
texto_script	Have a Pokémon use a berry during a battle	Faça um Pokémon usar uma Berry durante uma batalha
texto_script	Land a One-Hit-KO move	Acerte um golpe de nocaute instantâneo
texto_script	Catch a Pokémon on the first try	Capture um Pokémon na primeira tentativa
texto_script	Catch a Pokémon at full health	Capture um Pokémon com a vida cheia
texto_script	Catch a Pokémon without receiving any damage	Capture um Pokémon sem levar nenhum dano
texto_script	Catch a Pokémon using a Premier Ball	Capture um Pokémon usando uma Premier Ball
texto_script	Catch a wild fused Pokémon	Capture um Pokémon selvagem fundido
texto_script	Catch a Pokémon on your very last ball	Capture um Pokémon com sua última bola
texto_script	Catch a Pokémon that appears in special weather conditions	Capture um Pokémon que aparece em condições de clima especiais
texto_script	Fuse two Pokémon of the same species together	Funda dois Pokémon da mesma espécie
texto_script	Fuse two Pokémon that share the same type	Funda dois Pokémon que compartilham o mesmo tipo
texto_script	Fuse Pokémon 5 times	Funda Pokémon 5 vezes
texto_script	Fuse a Pokémon	Funda um Pokémon
texto_script	Fuse Pokémon 2 times	Funda Pokémon 2 vezes
texto_script	Unfuse Pokémon 5 times	Desfaça fusões 5 vezes
texto_script	Unfuse Pokémon 2 times	Desfaça fusões 2 vezes
texto_script	Unfuse a Pokémon	Desfaça a fusão de um Pokémon
texto_script	Get two wild Pokémon to fuse before a battle	Faça dois Pokémon selvagens se fundirem antes de uma batalha
texto_script	Who's That Fusion!	Who's That Fusion!
texto_script	You beat your previous high score!	Você bateu seu recorde anterior!
texto_script	Regular (3 Rounds)	Normal (3 Rodadas)
texto_script	Regular (5 Rounds)	Normal (5 Rodadas)
texto_script	Regular (10 Rounds)	Normal (10 Rodadas)
texto_script	Advanced (3 Rounds)	Avançado (3 Rodadas)
texto_script	Advanced (5 Rounds)	Avançado (5 Rodadas)
texto_script	Advanced (10 Rounds)	Avançado (10 Rodadas)
texto_script	Unlocked a new difficulty: \C[3]{1}	Nova dificuldade desbloqueada: \C[3]{1}
texto_script	Choose a difficulty:	Escolha uma dificuldade:
texto_script	Choose the number of rounds:	Escolha o número de rodadas:
texto_script	High Score: {1} pts	Recorde: {1} pts
texto_script	Total Points: {1}⏎Games Played: {2}	Total de Pontos: {1}⏎Partidas Jogadas: {2}
texto_script	No wild Pokémon found nearby.	Nenhum Pokémon selvagem encontrado por perto.
texto_script	Stand in tall grass to start scanning.	Fique no mato alto para começar a rastrear.
texto_script	Currently scanning for {1}.	Rastreando {1} no momento.
texto_script	Current chain: {1}.	Sequência atual: {1}.
texto_script	You are currently scanning for {1}.	Você está rastreando {1} no momento.
texto_script	Scanning for {1}...\wtnp[5]	Rastreando {1}...\wtnp[5]
texto_script	The Pokéradar scan failed... Try again somewhere else	O rastreamento do Pokéradar falhou... Tente de novo em outro lugar
texto_script	The battery is not charged enough for this scan!	A bateria não está carregada o suficiente para este rastreamento!
texto_script	You need to encounter the Pokémon before you can scan for it.	Você precisa encontrar o Pokémon antes de poder rastreá-lo.
texto_script	Battery for scan: {1}	Bateria para rastrear: {1}
texto_script	Average team level:	Nível médio do time:
texto_script	Recently caught a {1}.	Capturou um {1} recentemente.
texto_script	Recently evolved their {1}.	Evoluiu seu {1} recentemente.
texto_script	Recently fused their {1} and {2}\.	Fundiu seu {1} e seu {2} recentemente\.
texto_script	Recently unfused their {1}.	Desfez a fusão do seu {1} recentemente.
texto_script	Recently reversed their {1}.	Inverteu seu {1} recentemente.
texto_script	Wild Fusion Study: {1} / 3	Estudo de Fusões Selvagens: {1} / 3
texto_script	You finished all your PokéChallenges!	Você concluiu todos os seus PokéChallenges!
texto_script	You'll be assigned new ones tomorrow.	Você vai receber novos amanhã.
texto_script	The reward can only be collected once you complete the challenge!	A recompensa só pode ser coletada depois que você completar o desafio!
texto_script	Oh! \wt[10]Hey!\wt[10]\wt[10] Aqua!\wt[10] We're Team Aqua!	Ô! \wt[10]Ei!\wt[10]\wt[10] Aqua!\wt[10] Somos a Team Aqua!
texto_script	Let's see, this is what we have so far.	Vejamos, isto é o que temos até agora.
texto_script	The start of the song goes like this...	O começo da música é assim...
texto_script	Cool as...\wt[20]\ts[1]Something...⏎\ts[4]\wt[10]Graceful like... \wt[20]\ts[1]Something else...	Frio como...\wt[20]\ts[1]Alguma coisa...⏎\ts[4]\wt[10]Gracioso como... \wt[20]\ts[1]Outra coisa...
texto_script	Yeah... That's all we have so far.	É... Isso é tudo o que temos até agora.
texto_script	So uh... What's something that's icy cool?	Então, hã... O que é algo gelado e descolado?
texto_script	Cool as {1}...?	Frio como {1}...?
texto_script	Not bad! That might be the one.	Nada mal! Talvez seja esse.
texto_script	Cool as {1}!\wt[10]⏎Graceful like...\wt[20]\ts[1]Something...	Frio como {1}!\wt[10]⏎Gracioso como...\wt[20]\ts[1]Alguma coisa...
texto_script	Uh... Graceful like what?	Hã... Gracioso como o quê?
texto_script	Cool as {1}!⏎Graceful like {2}!	Frio como {1}!⏎Gracioso como {2}!
texto_script	That sounds pretty good, right?	Isso soa muito bem, né?
texto_script	Cool as {1}!⏎\wt[10]Graceful like {2}!	Frio como {1}!⏎\wt[10]Gracioso como {2}!
texto_script	Okay... On to the next part!	Certo... Para a próxima parte!
texto_script	So... What should the next line of the song be about?	Então... Sobre o que deve ser o próximo verso da música?
texto_script	Okay... What do you think of this?	Certo... O que você acha disto?
texto_script	\ts[4]\C[1]Life depends on the sea, ya see⏎\wt[5]We gotta ex\wt[2]pand \wt[2]it \wt[2]to be free	\ts[4]\C[1]A vida depende do mar, pode crer⏎\wt[5]Vamos ex\wt[2]pan\wt[2]dir \wt[2]para viver
texto_script	\ts[4]\C[1]With our cool bandanas, we rule⏎\wt[5]Our style will \wt[6]make you drool	\ts[4]\C[1]Com nossas bandanas, ninguém nos supera⏎\wt[5]Nosso estilo \wt[6]te desespera
texto_script	\ts[4]\C[1]Our power is deep as the blue⏎\wt[5]There's nothing\wt[5] Team Aqua can't do	\ts[4]\C[1]Nosso poder é fundo como o mar azul⏎\wt[5]Não há nada\wt[5] que a Team Aqua não faça, de norte a sul
texto_script	Let's try something else...	Vamos tentar outra coisa...
texto_script	Yeah, this rules!	É, isso é demais!
texto_script	The next line should talk about something that inspires us.	O próximo verso deve falar de algo que nos inspira.
texto_script	What should we sing about?	Sobre o que devemos cantar?
texto_script	Hmm... How about this?	Hmm... Que tal isto?
texto_script	\ts[4]\C[1]Archie's a captain bold⏎\wt[5]His legend is \ts[2]yet un\wt[5]told	\ts[4]\C[1]Archie é um capitão destemido⏎\wt[5]Sua lenda \ts[2]ainda não foi \wt[5]ouvida
texto_script	\ts[4]\C[1]The ocean is our home⏎\wt[5]We sail through \ts[2]salt and \wt[5]foam	\ts[4]\C[1]O oceano é o nosso lar⏎\wt[5]Navegamos \ts[2]por sal e \wt[5]mar
texto_script	\ts[4]\C[1]Water Pokémon by our side⏎\wt[5]We always surf the \ts[2]\wt[5]tide	\ts[4]\C[1]Com Pokémon de água ao lado⏎\wt[5]Surfamos a maré \ts[2]\wt[5]sem cuidado
texto_script	I'm feeling it!	Estou sentindo!
texto_script	Now we only need an ending line. Do you have something in mind?	Agora só precisamos de um verso final. Tem algo em mente?
texto_script	The song's final line...	O verso final da música...
texto_script	Ma\wt[10]gma!⏎\wt[5]Team Ma\wt[10]gma!	Ma\wt[10]gma!⏎\wt[5]Team Ma\wt[10]gma!
texto_script	Hot as...\wt[20]\ts[1]Something...\ts[4]\wt[10]⏎Fierce like...\wt[20]\ts[1]Something else...	Quente como...\wt[20]\ts[1]Alguma coisa...\ts[4]\wt[10]⏎Feroz como...\wt[20]\ts[1]Outra coisa...
texto_script	So uh... What's something that's burning hot?	Então, hã... O que é algo que queima de tão quente?
texto_script	Hot as {1}...?	Quente como {1}...?
texto_script	I like it! Let's go with this!	Gostei! Vamos com esse!
texto_script	Hot as {1}!\wt[10]⏎Fierce like...\wt[20]\ts[1]Something...	Quente como {1}!\wt[10]⏎Feroz como...\wt[20]\ts[1]Alguma coisa...
texto_script	Uh... Fierce like what?	Hã... Feroz como o quê?
texto_script	Hot as {1}! Fierce like {2}!	Quente como {1}! Feroz como {2}!
texto_script	It has a nice ring to it, don't you think?	Tem uma sonoridade legal, não acha?
texto_script	Hot as {1}!\wt[10]⏎Fierce like {2}!	Quente como {1}!\wt[10]⏎Feroz como {2}!
texto_script	Okay... How's this?	Certo... Que tal isto?
texto_script	\ts[4]\C[2]Land is the cradle of all⏎\wt[5]We must ex\wt[2]pand \wt[2]its \wt[2]sprawl	\ts[4]\C[2]A terra é o berço de todos⏎\wt[5]Vamos ex\wt[2]pan\wt[2]dir \wt[2]seus contornos
texto_script	\ts[4]\C[2]Our uniforms are sleek⏎\wt[5]Our style is \wt[6]unique	\ts[4]\C[2]Nosso uniforme é elegante⏎\wt[5]Nosso estilo é \wt[6]marcante
texto_script	\ts[4]\C[2]No one can match our power⏎\wt[5]We grow stronger \wt[2]by \wt[2]the \wt[2]hour	\ts[4]\C[2]Ninguém iguala o nosso poder⏎\wt[5]Ficamos mais fortes \wt[2]a \wt[2]cada \wt[2]amanhecer
texto_script	That's pretty good!	Isso ficou muito bom!
texto_script	\ts[4]\C[2]Ma\wt[2]xie's a visionary \wt[5]⏎His \ts[2]intellect is \wt[5]le\wt[2]gen\wt[2]da\wt[4]ry	\ts[4]\C[2]Ma\wt[2]xie é um visionário \wt[5]⏎Seu \ts[2]intelecto é \wt[5]len\wt[2]dá\wt[2]ri\wt[4]o
texto_script	\ts[4]\C[2]The land is our domain\wt[5]⏎\ts[2]Magma flows \wt[2]through \wt[2]our \wt[2]veins	\ts[4]\C[2]A terra é o nosso domínio\wt[5]⏎\ts[2]Magma nas veias \wt[2]é \wt[2]nosso \wt[2]destino
texto_script	\ts[4]\C[2]Land Po\wt[2]ké\wt[2]mon by our side\wt[5]⏎The oceans \ts[2]will soon sub\wt[5]side	\ts[4]\C[2]Po\wt[2]ké\wt[2]mon da terra ao lado\wt[5]⏎Os oceanos \ts[2]logo terão re\wt[5]cuado
texto_script	Oh yeah that's pretty good.	Ah, sim, isso ficou muito bom.
texto_script	{1} quests in progress	{1} missões em andamento
texto_script	{1} quest in progress	{1} missão em andamento
texto_script	L/R : LIST	L/R : LISTA
texto_script	Very dense fog	Neblina muito densa
texto_script	You don't have any berries!	Você não tem nenhuma Berry!
texto_script	Starting up the Berry Blender...	Ligando o Berry Blender...
texto_script	Please select a berry from your bag to put in the Berry Blender.	Selecione uma Berry da sua bolsa para colocar no Berry Blender.
texto_script	Do you want to choose a berry?	Quer escolher uma Berry?
texto_script	Would you like to blend another berry?	Gostaria de misturar outra Berry?
texto_script	Please select some berries from your bag to put in the Berry Blender.	Selecione algumas Berries da sua bolsa para colocar no Berry Blender.
texto_script	You created {1} {2} Pokéblocks{3}!	Você criou {1} Pokéblocks {2}{3}!
texto_script	Would you like to blend more berries?	Gostaria de misturar mais Berries?
texto_script	Toss out how many {1}?	Jogar fora quantos {1}?
texto_script	Is it OK to throw away {1} {2}?	Tudo bem jogar fora {1} {2}?
texto_script	Threw away {1} {2}.	Jogou fora {1} {2}.
texto_script	Is it OK to throw away the {1}?	Tudo bem jogar fora o {1}?
texto_script	Threw away the {1}.	Jogou fora o {1}.
texto_script	Do what with {1}?	O que fazer com {1}?
texto_script	Choose new {1} value (max. 99).	Escolha o novo valor de {1} (máx. 99).
texto_script	Choose new Feel value (max. 255).	Escolha o novo valor de Feel (máx. 255).
texto_script	{1} can't eat anymore.	{1} não consegue comer mais.
texto_script	{1} can't eat anymore Pokéblocks.	{1} não consegue comer mais Pokéblocks.
texto_script	{1} can't eat anymore of this type of Pokéblock.	{1} não consegue comer mais deste tipo de Pokéblock.
texto_script	Feed {1} the {2}?	Dar o {2} para {1}?
texto_script	{1} ate the {2}!	{1} comeu o {2}!
texto_script	Put Away Kit	Guardar Kit
texto_script	Blend these berries?	Misturar estas Berries?
texto_script	Give up on blending?	Desistir de misturar?
texto_script	Blend this berry?	Misturar esta Berry?
texto_script	You don't have any more of these to throw in.	Você não tem mais destas para colocar.
texto_script	Throw {1} in the blender?	Colocar {1} no blender?
texto_script	There is no Pokémon.	Não há nenhum Pokémon.
texto_script	You don't have any Pokéblocks!	Você não tem nenhum Pokéblock!
texto_script	Control Pokeblocks, Contest Options, etc.	Controlar Pokéblocks, Opções de Concurso etc.
texto_script	Give the player simple Pokeblocks	Dar Pokéblocks simples ao jogador
texto_script	<ac>{1} {2} Contest Winner:⏎{3} & {4}</ac>	<ac>Vencedor do Concurso {1} {2}:⏎{3} e {4}</ac>
texto_script	Cannot be used in a contest.	Não pode ser usado em um concurso.
texto_script	Contest Move Files...	Arquivos de Golpes de Concurso...
texto_script	Controlling the Contest Moves movesx_contest.txt PBS	Controle dos Golpes de Concurso no PBS movesx_contest.txt
texto_script	Create Movesx_Contest PBS File	Criar Arquivo PBS Movesx_Contest
texto_script	Create the Movesx_Contest PBS File from the existing Move data. (Best if you have custom moves)	Cria o Arquivo PBS Movesx_Contest a partir dos dados de golpes existentes. (Melhor se você tiver golpes personalizados)
texto_script	Oh, you don't have any Pokémon!	Ah, você não tem nenhum Pokémon!
texto_script	Please come back when you have a Pokémon.	Por favor, volte quando tiver um Pokémon.
texto_script	Oh, you don't have a Contest Pass!	Ah, você não tem um Contest Pass!
texto_script	Please come back when you have a Contest Pass.	Por favor, volte quando tiver um Contest Pass.
texto_script	This is the reception counter for Pokémon Contests.	Esta é a recepção dos Concursos Pokémon.
texto_script	We're currently accepting registrations for \C[1]{1}{2}\C[0]Pokémon Contests.	Estamos aceitando inscrições para Concursos Pokémon \C[1]{1}{2}\C[0].
texto_script	Would you like to enter your Pokémon in a {1}{2}Contest?	Gostaria de inscrever seu Pokémon num Concurso {1}{2}?
texto_script	Would you like to enter your Pokémon in a Contest?	Gostaria de inscrever seu Pokémon num Concurso?
texto_script	We hope you will participate another time.	Esperamos que você participe em outra ocasião.
texto_script	Which Contest would you like to enter?	Em qual Concurso você gostaria de se inscrever?
texto_script	Which Rank would you like to enter?	Em qual Categoria você gostaria de se inscrever?
texto_script	Which Pokémon would you like to enter?	Qual Pokémon você gostaria de inscrever?
texto_script	Oh, that Ribbon...	Ah, essa Ribbon...
texto_script	Your {1} has won this Contest before, hasn't it?	Seu {1} já venceu este Concurso antes, não é?
texto_script	Would you like to enter it in this Contest anyway?	Gostaria de inscrevê-lo neste Concurso mesmo assim?
texto_script	Enter {1} in the Contest?	Inscrever {1} no Concurso?
texto_script	Okay, your {1} will be entered in this Contest.	Certo, seu {1} será inscrito neste Concurso.
texto_script	{1} is Entry Number 4. The Contest will begin shortly.	{1} é o Participante Número 4. O Concurso vai começar em breve.
texto_script	Please, follow me.	Por favor, me acompanhe.
texto_script	Please, go in through here. Good luck!	Por favor, entre por aqui. Boa sorte!
texto_script	Hello! We're just getting started with a {1}{2}Pokémon Contest.	Olá! Estamos começando um Concurso Pokémon {1}{2}.
texto_script	We'll start with the Introduction Round!	Vamos começar com a Rodada de Apresentação!
texto_script	The participating Coordinators and their Pokémon are as follows:	Os Coordenadores participantes e seus Pokémon são:
texto_script	We've just seen the four Pokémon contestants.	Acabamos de ver os quatro Pokémon participantes.
texto_script	The audience will vote on their favorite Pokémon contestants.	A plateia vai votar nos seus Pokémon participantes favoritos.
texto_script	Without any further ado, let the voting begin!	Sem mais delongas, que comece a votação!
texto_script	Voting under way...	Votação em andamento...
texto_script	Voting is now complete!	A votação terminou!
texto_script	While the votes are being tallied, let's move on to the Talent Round!	Enquanto os votos são contados, vamos para a Rodada de Talentos!
texto_script	May the contestants amaze us with superb appeals of dazzling moves!	Que os participantes nos impressionem com apresentações incríveis de golpes deslumbrantes!
texto_script	Let's see a little enthusiasm! Let's appeal!	Vamos ver um pouco de entusiasmo! Vamos nos apresentar!
texto_script	<ac>Entry Number {1}⏎{2} & {3}</ac>	<ac>Participante Número {1}⏎{2} e {3}</ac>
texto_script	Oh! It's wearing a {1} hat!	Ah! Ele está usando um chapéu {1}!
texto_script	It matches its Trainer's outfit wonderfully!	Combina maravilhosamente com a roupa do Treinador!
texto_script	It matches its Trainer's!	Combina com a do Treinador!
texto_script	It goes well with its Trainer's clothes!	Fica ótimo com as roupas do Treinador!
texto_script	Please select a move.	Por favor, selecione um golpe.
texto_script	\c[1]That's it! \c[0]We're all out of Appeal Time!	\c[1]É isso! \c[0]Acabou o Tempo de Apresentação!
texto_script	That's it for the Talent Round!	Isso encerra a Rodada de Talentos!
texto_script	Thank you all for a most wonderful display of quality appeals!	Obrigado a todos pela demonstração maravilhosa de apresentações de qualidade!
texto_script	This concludes all judging! Thank you for your fine efforts!	Isso encerra toda a avaliação! Obrigado pelo ótimo esforço!
texto_script	Now, all that remains is the pulse-pounding proclamation of the winner.	Agora só falta o emocionante anúncio do vencedor.
texto_script	The Judge looks ready to make the announcement!	O Juiz parece pronto para fazer o anúncio!
texto_script	We will now declare the winner!	Agora vamos anunciar o vencedor!
texto_script	{1} & {2}, congratulations!	{1} e {2}, parabéns!
texto_script	Please come up and accept your prize!	Por favor, subam e recebam seu prêmio!
texto_script	We confer on you the {1} as your prize!	Concedemos a vocês o {1} como prêmio!
texto_script	As {1} already has the \c[1]{2}\c[0], we offer a complimentary prize!	Como {1} já tem o \c[1]{2}\c[0], oferecemos um prêmio de cortesia!
texto_script	\me[{1}]{2} received the \c[1]{3}\c[0]!\wtnp[30]	\me[{1}]{2} recebeu o \c[1]{3}\c[0]!\wtnp[30]
texto_script	First, the results of the Introduction Round!	Primeiro, os resultados da Rodada de Apresentação!
texto_script	Now, the results of the Talent Round!	Agora, os resultados da Rodada de Talentos!
texto_script	And the winner is...	E o vencedor é...
texto_script	Entry Number {1}: {2} & {3}! Congratulations!	Participante Número {1}: {2} e {3}! Parabéns!
texto_script	A highly appealing move.	Um golpe de grande apelo.
texto_script	Can be used repeatedly without boring the judge.	Pode ser usado repetidamente sem entediar o juiz.
texto_script	Increases the users appeal by varying amounts.	Aumenta o apelo do usuário em quantidades variadas.
texto_script	Startles those that have made appeals.	Assusta quem já se apresentou.
texto_script	Startles Pokémon that used a move of the same type.	Assusta os Pokémon que usaram um golpe do mesmo tipo.
texto_script	Startles all Pokémon, more so those that made good appeals.	Assusta todos os Pokémon, principalmente os que fizeram boas apresentações.
texto_script	Startles the Pokémon that has the judge's attention.	Assusta o Pokémon que está com a atenção do juiz.
texto_script	Startles the last Pokémon to act before the user.	Assusta o último Pokémon a agir antes do usuário.
texto_script	Startles all other Pokémon. User cannot act in the next turn.	Assusta todos os outros Pokémon. O usuário não pode agir no próximo turno.
texto_script	Makes the remaining Pokémon nervous.	Deixa os Pokémon restantes nervosos.
texto_script	Makes the Pokémon just after the user nervous.	Deixa nervoso o Pokémon logo depois do usuário.
texto_script	Can avoid being startled by others once.	Pode evitar ser assustado pelos outros uma vez.
texto_script	Can avoid being startled by others until the turn ends.	Pode evitar ser assustado pelos outros até o fim do turno.
texto_script	After this move, the user is more easily startled.	Depois deste golpe, o usuário se assusta com mais facilidade.
texto_script	Makes a great appeal, but prevents the user from taking further contest moves.	Faz uma ótima apresentação, mas impede o usuário de usar mais golpes no concurso.
texto_script	Ups the user's spirit. Helps prevent nervousness.	Eleva o ânimo do usuário. Ajuda a evitar o nervosismo.
texto_script	User earns double the score in it's next appeal.	O usuário ganha o dobro de pontos na próxima apresentação.
texto_script	Temporarily stops the audience from growing excited.	Impede temporariamente que a plateia se empolgue.
texto_script	Gets the audience going!	Agita a plateia!
texto_script	Settles the audience down.	Acalma a plateia.
texto_script	Works better the more the audience is excited.	Funciona melhor quanto mais a plateia estiver empolgada.
texto_script	Works better the less the audience is excited.	Funciona melhor quanto menos a plateia estiver empolgada.
texto_script	The appeal depends on the audience's excitement.	O apelo depende da empolgação da plateia.
texto_script	Works best if the audience's excitement goes up.	Funciona melhor se a empolgação da plateia aumentar.
texto_script	Excites the audience in any kind of contest.	Empolga a plateia em qualquer tipo de concurso.
texto_script	Affected by how well the previous Pokémon's move went.	Afetado por como foi o golpe do Pokémon anterior.
texto_script	Works better if the last appeal did poorly.	Funciona melhor se a última apresentação foi ruim.
texto_script	Works better if the last appeal was good.	Funciona melhor se a última apresentação foi boa.
texto_script	Earns half as much as the previous Pokémon's appeal.	Ganha metade do apelo do Pokémon anterior.
texto_script	Earns the same amount as the previous Pokémon's appeal.	Ganha o mesmo apelo do Pokémon anterior.
texto_script	Adds the score of the previous Pokémon's appeal to yours.	Soma a pontuação da apresentação do Pokémon anterior à sua.
texto_script	Lowers the spirit of those that made appeals.	Diminui o ânimo de quem já se apresentou.
texto_script	Lowers the spirit of the remaining Pokémon.	Diminui o ânimo dos Pokémon restantes.
texto_script	Works well if it is the same type as the move used by the last Pokémon.	Funciona bem se for do mesmo tipo do golpe usado pelo último Pokémon.
texto_script	Works well if the user's spirit is good.	Funciona bem se o ânimo do usuário estiver bom.
texto_script	The appeal works great if performed first.	A apresentação funciona muito bem se feita primeiro.
texto_script	The appeal works great if performed last.	A apresentação funciona muito bem se feita por último.
texto_script	The appeal works better the earlier it is performed in a turn.	A apresentação funciona melhor quanto mais cedo for feita no turno.
texto_script	The appeal works better the later it is performed in a turn.	A apresentação funciona melhor quanto mais tarde for feita no turno.
texto_script	Appeal is better the earlier the round.	O apelo é melhor quanto mais cedo for a rodada.
texto_script	Appeal is better the later the round.	O apelo é melhor quanto mais tarde for a rodada.
texto_script	Scrambles the order of appeals on the next turn.	Embaralha a ordem das apresentações no próximo turno.
texto_script	Causes the user to move earlier on the next turn.	Faz o usuário agir mais cedo no próximo turno.
texto_script	Causes the user to move later on the next turn.	Faz o usuário agir mais tarde no próximo turno.
texto_script	Makes the judge expect little of other contestants.	Faz o juiz esperar pouco dos outros participantes.
texto_script	{1} watches the others.\wtnp[30]	{1} observa os outros.\wtnp[30]
texto_script	{1} took a break.\wtnp[30]	{1} fez uma pausa.\wtnp[30]
texto_script	{1} is too nervous to move!\wtnp[30]	{1} está nervoso demais para se mexer!\wtnp[30]
texto_script	{1} tried to show its appeal with {2}!\wtnp[30]	{1} tentou mostrar seu apelo com {2}!\wtnp[30]
texto_script	{1} disappointed the Judge by repeating the move.\wtnp[30]	{1} decepcionou o Juiz repetindo o golpe.\wtnp[30]
texto_script	The combo went over well!\wtnp[30]	O combo fez sucesso!\wtnp[30]
texto_script	Anticipation is swelling for a combo on the next turn!\wtnp[30]	A expectativa por um combo no próximo turno está crescendo!\wtnp[30]
texto_script	The audience settled down.\wtnp[30]	A plateia se acalmou.\wtnp[30]
texto_script	{1}'s {2} got the audience going!\wtnp[30]	O {2} de {1} agitou a plateia!\wtnp[30]
texto_script	{1}'s {2} really excited the audience!\wtnp[30]	O {2} de {1} empolgou muito a plateia!\wtnp[30]
texto_script	Exciting the audience improved {1}'s appeal even more!\wtnp[30]	Empolgar a plateia melhorou ainda mais o apelo de {1}!\wtnp[30]
texto_script	{1}'s show of {2} didn't go over very well with this audience.\wtnp[30]	A demonstração de {2} de {1} não agradou muito esta plateia.\wtnp[30]
texto_script	It tried to startle the other Pokémon!\wtnp[30]	Ele tentou assustar os outros Pokémon!\wtnp[30]
texto_script	But it failed!\wtnp[30]	Mas falhou!\wtnp[30]
texto_script	{1} managed to avoid seeing it.\wtnp[30]	{1} conseguiu evitar ver.\wtnp[30]
texto_script	{1} managed to avert its gaze.\wtnp[30]	{1} conseguiu desviar o olhar.\wtnp[30]
texto_script	{1} looked down out of distraction.\wtnp[30]	{1} olhou para baixo, distraído.\wtnp[30]
texto_script	{1} turned back out of distraction.\wtnp[30]	{1} se virou, distraído.\wtnp[30]
texto_script	{1} couldn't help leaping up.\wtnp[30]	{1} não conseguiu evitar dar um pulo.\wtnp[30]
texto_script	It tried to unnerve the other Pokémon!\wtnp[30]	Ele tentou deixar os outros Pokémon nervosos!\wtnp[30]
texto_script	It tried to unnerve the Pokémon waiting for their turns!\wtnp[30]	Ele tentou deixar nervosos os Pokémon esperando a vez!\wtnp[30]
texto_script	It tried to unnerve the next Pokémon waiting for its turn!\wtnp[30]	Ele tentou deixar nervoso o próximo Pokémon esperando a vez!\wtnp[30]
texto_script	It started getting prepared for its next appeal.\wtnp[30]	Ele começou a se preparar para a próxima apresentação.\wtnp[30]
texto_script	{1} got even more pumped up than usual!\wtnp[30]	{1} ficou ainda mais animado que o normal!\wtnp[30]
texto_script	{1}'s spirit won't go any higher!\wtnp[30]	O ânimo de {1} não vai subir mais!\wtnp[30]
texto_script	{1} will be unable to use any moves after this!\wtnp[30]	{1} não vai poder usar mais nenhum golpe depois disto!\wtnp[30]
texto_script	It became very aware of the Pokémon going on after it.\wtnp[30]	Ele ficou muito atento ao Pokémon que vem depois dele.\wtnp[30]
texto_script	It is completely oblivious to the other Pokémon's moves.\wtnp[30]	Ele está completamente alheio aos golpes dos outros Pokémon.\wtnp[30]
texto_script	It is feeling pretty calm and collected now.\wtnp[30]	Ele está se sentindo bem calmo e tranquilo agora.\wtnp[30]
texto_script	{1} attracted the audience's full attention!\wtnp[30]	{1} atraiu toda a atenção da plateia!\wtnp[30]
texto_script	{1} tried to dazzle the audience!\wtnp[30]	{1} tentou deslumbrar a plateia!\wtnp[30]
texto_script	{1} matched the audience's excitement!\wtnp[30]	{1} acompanhou a empolgação da plateia!\wtnp[30]
texto_script	{1} didn't show off its appeal well.\wtnp[30]	{1} não mostrou bem seu apelo.\wtnp[30]
texto_script	{1} showed off a little of its appeal.\wtnp[30]	{1} mostrou um pouco do seu apelo.\wtnp[30]
texto_script	{1} showed off its appeal pretty well!\wtnp[30]	{1} mostrou seu apelo muito bem!\wtnp[30]
texto_script	{1} showed off its appeal fantastically well!\wtnp[30]	{1} mostrou seu apelo de forma fantástica!\wtnp[30]
texto_script	{1} totally outshone the last Pokémon! What appeal!\wtnp[30]	{1} ofuscou totalmente o último Pokémon! Que apelo!\wtnp[30]
texto_script	{1} was on par with the last Pokémon.\wtnp[30]	{1} ficou no mesmo nível do último Pokémon.\wtnp[30]
texto_script	{1} showed off as well as the last Pokémon! What appeal!\wtnp[30]	{1} se exibiu tão bem quanto o último Pokémon! Que apelo!\wtnp[30]
texto_script	The previous appeal influenced {1}'s appeal!\wtnp[30]	A apresentação anterior influenciou o apelo de {1}!\wtnp[30]
texto_script	It tried to taunt the Pokémon that are feeling pumped up!\wtnp[30]	Ele tentou provocar os Pokémon que estão animados!\wtnp[30]
texto_script	{1} scrambled the order for the next turn!\wtnp[30]	{1} embaralhou a ordem do próximo turno!\wtnp[30]
texto_script	{1} moved up in line so that it can go earlier next turn.\wtnp[30]	{1} avançou na fila para poder ir mais cedo no próximo turno.\wtnp[30]
texto_script	{1} moved back in line so that it can go later next turn.\wtnp[30]	{1} voltou na fila para poder ir mais tarde no próximo turno.\wtnp[30]
texto_script	{1} stole the Judge's attention from others!\wtnp[30]	{1} roubou dos outros a atenção do Juiz!\wtnp[30]
texto_script	{1} can't appeal next turn!\wtnp[30]	{1} não pode se apresentar no próximo turno!\wtnp[30]
texto_script	Toggle possession of the Berrydex	Ativar/desativar posse da Berrydex
fala_derrota	Wow! That's great! You're pretty good!	Uau! Que incrível! Você manda muito bem!
